scope,scope_value,horizon_days,n_dates,avg_delta_return,median_delta_return,positive_delta_ratio,worst_delta_return,best_delta_return,mean_selection_jaccard,median_selection_jaccard,top_abs_date_share,loo_mean_min,loo_mean_max,bootstrap_block_len,bootstrap_ci90_lower,bootstrap_ci90_upper
all,ALL,20,41,0.0005608662722659066,0.0,0.4146341463414634,-0.007054908354214837,0.009924227817086111,0.9062092533428322,0.9226190476190477,0.09533776093835857,0.0003267822336454014,0.0007512606379279251,1,-0.00032780716064386627,0.0014850441619902845
all,ALL,60,39,-0.00040000893270153844,0.0,0.3076923076923077,-0.019864621580743175,0.017505504860771567,0.9062092533428322,0.9226190476190477,0.1274415453232579,-0.0008712066641087254,0.00011221771593113618,3,-0.0018874309478184457,0.0009527161358448591
all,ALL,120,37,0.00017731594911675136,0.0,0.3783783783783784,-0.024449738383080982,0.0395933603372887,0.9062092533428322,0.9226190476190477,0.1269047477807426,-0.0009175741727769139,0.0008614007916777995,6,-0.0033285743705323053,0.0036271089940558506
year,2023,20,12,0.00221294368890152,0.0017559937304398674,0.5833333333333334,0.0,0.009924227817086111,0.9000279987408134,0.9379699248120301,0.3737189468059618,0.0015119178590665568,0.002414120387892567,1,0.0010254136078339923,0.00359908317317142
year,2023,60,12,0.001714356551205909,0.0,0.4166666666666667,-0.003840641015522589,0.007959835665097881,0.9000279987408134,0.9379699248120301,0.2433960717896967,0.001146585722670275,0.002219356329999409,3,0.0005055726852971234,0.003119341697901561
year,2023,120,12,0.006798376920980515,0.0015059390456258481,0.5,-0.00041761724710742687,0.0395933603372887,0.9000279987408134,0.9379699248120301,0.4804100758911176,0.003817014792225225,0.007454376390806691,6,0.003393153709376083,0.010168798695325993
year,2024,20,12,-0.00016710825152441386,-0.0004694141723581534,0.4166666666666667,-0.007054908354214837,0.00982332565968024,0.8563516679237168,0.8888888888888888,0.2063036095062216,-0.0010753295161793823,0.0004590553941747155,1,-0.002453901547192575,0.0021664984960557327
year,2024,60,12,0.000716626837587092,0.00015179431292922617,0.5,-0.01430408914391669,0.017505504860771567,0.8563516679237168,0.8888888888888888,0.22803070336641104,-0.0008096348008842239,0.002082146472269254,3,-0.0013525167565902184,0.0030292558636713512
year,2024,120,12,-0.0001286158189445942,0.0012714670384399301,0.5,-0.024449738383080982,0.01937177642997973,0.8563516679237168,0.8888888888888888,0.16831951332404438,-0.0019013787506649872,0.0020823953232496227,6,-0.006275533601707774,0.006018301963818585
year,2025,20,10,-0.0006140003934240453,0.0,0.3,-0.00535061961768124,0.004547655487376645,0.9324101921470342,0.9444444444444444,0.23228350871840003,-0.0011875177135130107,-8.770936850657909e-05,1,-0.0021351034031197725,0.0009529037218145899
year,2025,60,10,-0.0024462799899572707,-0.0013460721847163397,0.1,-0.015148698617397927,0.0008144266492112334,0.9324101921470342,0.9444444444444444,0.5805955836697201,-0.00280858072764266,-0.0010349001424638643,3,-0.004480947108959178,-0.0007048189996075064
year,2025,120,10,-0.005596836377974128,-0.0005962930260183102,0.2,-0.0230510888161915,0.00415181790743567,0.9324101921470342,0.9444444444444444,0.3450193146108746,-0.006680020187464105,-0.0036574749959499752,6,-0.007106720535532587,-0.004140220746749781
year,2026,20,7,0.0006550708355167646,0.0,0.2857142857142857,-0.0011519507662300296,0.004684559733789319,0.957516339869281,1.0,0.6799665449195957,-1.651064752866115e-05,0.0009562411024745636,1,-0.00032912879035143706,0.001843104062162561
year,2026,60,5,-0.0040618698282606615,-9.969870958244365e-05,0.0,-0.019864621580743175,0.0,0.957516339869281,1.0,0.9781023233454742,-0.005077337285325827,-0.00011118189014003299,3,-0.008083860172688345,-3.9879483832977455e-05
year,2026,120,3,-0.005836026442456658,0.0,0.0,-0.017508079327369974,0.0,0.957516339869281,1.0,1.0,-0.008754039663684987,0.0,6,-0.005836026442456658,-0.005836026442456658
regime,down,20,8,0.0008702246411794726,0.0005264434405290314,0.5,0.0,0.0024012390784152876,0.9570436507936507,0.975,0.3449165544141468,0.0006515082930029277,0.0009945424470622544,1,0.0003099536466551842,0.0014371887870148962
regime,down,60,7,-0.002655261952268978,0.0,0.2857142857142857,-0.019864621580743175,0.0027808544740335756,0.9570436507936507,0.975,0.8024255278592375,-0.0035612813566527368,0.00021296465247672147,3,-0.0061484235579558994,0.00044063472855600396
regime,down,120,7,-0.0004558261326390807,0.0,0.2857142857142857,-0.017508079327369974,0.009494565097133117,0.9570436507936507,0.975,0.5117743046442225,-0.002114224670934447,0.0023862160664827347,6,-0.002956980322263363,0.002045328056985201
regime,up,20,33,0.00048587030404443596,0.0,0.3939393939393939,-0.007054908354214837,0.009924227817086111,0.8942482186485219,0.9023809523809524,0.10217084176403902,0.00019092163176188362,0.0007215196371150382,1,-0.0006413930941837428,0.001631454592697958
regime,up,60,32,9.332766532883893e-05,0.0,0.3125,-0.015148698617397927,0.017505504860771567,0.8942482186485219,0.9023809523809524,0.13351087515056842,-0.0004683554700080233,0.0005850059325135733,3,-0.0012459020843773345,0.0014802331535871118
regime,up,120,30,0.0003250491015264453,0.0,0.4,-0.024449738383080982,0.0395933603372887,0.8942482186485219,0.9023809523809524,0.14253383064537906,-0.00102903059625846,0.0011793521182370463,6,-0.003202093673312156,0.004233762735781408
