signal_date,year,regime,horizon_days,baseline_return,ablation_return,delta_return,baseline_excess,ablation_excess,delta_excess,selection_jaccard,n_added,n_removed,added_symbols,removed_symbols,added_avg_return,removed_avg_return,added_minus_removed_return
2023-01-31,2023,up,20,-0.0008815438108874239,-0.0008815438108874239,0.0,0.013632619629096277,0.013632619629096277,0.0,1.0,0,0,,,,,
2023-01-31,2023,up,60,-0.017386221192263213,-0.017386221192263213,0.0,-0.10252561389656312,-0.10252561389656312,0.0,1.0,0,0,,,,,
2023-01-31,2023,up,120,0.1742717497667719,0.1742717497667719,0.0,-0.10956338371600771,-0.10956338371600771,0.0,1.0,0,0,,,,,
2023-02-28,2023,up,20,-0.01836614115593792,-0.01836614115593792,0.0,-0.06341091014522322,-0.06341091014522322,0.0,1.0,0,0,,,,,
2023-02-28,2023,up,60,0.007312102087442159,0.007312102087442159,0.0,-0.12102619041238723,-0.12102619041238723,0.0,1.0,0,0,,,,,
2023-02-28,2023,up,120,0.11560015318372734,0.11560015318372734,0.0,-0.12360280866708835,-0.12360280866708835,0.0,1.0,0,0,,,,,
2023-03-31,2023,up,20,-0.02793140880475064,-0.025846163636054315,0.0020852451686963237,-0.03577062449102504,-0.033685379322328714,0.0020852451686963237,0.9473684210526315,1,0,PWR,,0.0116882494004796,,
2023-03-31,2023,up,60,0.06631406385836809,0.07116967857136323,0.004855614712995143,-0.0743722106514358,-0.06951659593844066,0.004855614712995143,0.9473684210526315,1,0,PWR,,0.1585707434052757,,
2023-03-31,2023,up,120,0.03171347146082283,0.03672097902119603,0.0050075075603732006,-0.08818848932349097,-0.08318098176311776,0.0050075075603732006,0.9473684210526315,1,0,PWR,,0.1268561151079136,,
2023-04-28,2023,up,20,0.059336265228566554,0.059336265228566554,0.0,-0.01941107247207624,-0.01941107247207624,0.0,1.0,0,0,,,,,
2023-04-28,2023,up,60,0.14654644238908396,0.14654644238908396,0.0,-0.022610408180632646,-0.022610408180632646,0.0,1.0,0,0,,,,,
2023-04-28,2023,up,120,0.09103740371404516,0.09103740371404516,0.0,-0.023600523573358942,-0.023600523573358942,0.0,1.0,0,0,,,,,
2023-05-31,2023,up,20,0.10994900946937139,0.11390724448521738,0.003958235015845996,0.0666199610697511,0.0705781960855971,0.003958235015845996,0.8666666666666667,1,1,VMC,PWR,0.1483149471204322,0.0928996568985883,0.055415290221843896
2023-05-31,2023,up,60,0.1007144547795292,0.09687381376400661,-0.003840641015522589,0.0565801839372091,0.05273954292168651,-0.003840641015522589,0.8666666666666667,1,1,VMC,PWR,0.0971766920181301,0.1509456662354463,-0.053768974217316204
2023-05-31,2023,up,120,0.09991203054655581,0.10292390863780751,0.0030118780912516963,-0.02083340412977329,-0.017821526038521593,0.0030118780912516963,0.8666666666666667,1,1,VMC,PWR,0.07477009551612,0.0326038022385962,0.0421662932775238
2023-06-30,2023,up,20,0.022897677858268666,0.02535039594089189,0.002452718082623224,-0.011482721082214532,-0.009030002999591308,0.002452718082623224,0.9166666666666666,0,1,,TXN,,-0.0040822210505868,
2023-06-30,2023,up,60,-0.06957415670674777,-0.06443331127576667,0.005140845430981103,-0.024004288065199567,-0.018863442634218464,0.005140845430981103,0.9166666666666666,0,1,,TXN,,-0.12612345644754,
2023-06-30,2023,up,120,0.05170077661484732,0.06424912184303264,0.012548345228185313,-0.03470946177641688,-0.022161116548231566,0.012548345228185313,0.9166666666666666,0,1,,TXN,,-0.0863310208951911,
2023-07-31,2023,up,20,-0.045530029303883765,-0.04147483762142707,0.004055191682456695,-0.001886639739348668,0.002168551943108027,0.004055191682456695,0.6,4,2,"CAT,EQIX,JCI,TT","TER,TXN",-0.041447590753330356,-0.0637238981387455,0.022276307385415146
2023-07-31,2023,up,60,-0.09342504176754218,-0.09564987222997273,-0.0022248304624305493,-0.029590727657433577,-0.031815558119864126,-0.0022248304624305493,0.6,4,2,"CAT,EQIX,JCI,TT","TER,TXN",-0.14517645553442354,-0.18246647129550625,0.03729001576108271
2023-07-31,2023,up,120,0.0786424478402984,0.07822483059319098,-0.00041761724710742687,-0.021404498674674602,-0.02182211592178203,-0.00041761724710742687,0.6,4,2,"CAT,EQIX,JCI,TT","TER,TXN",0.026946048251280857,-0.02203583923153845,0.04898188748281931
2023-08-31,2023,up,20,-0.07062026294203871,-0.07062026294203871,0.0,-0.009710584165949117,-0.009710584165949117,0.0,1.0,0,0,,,,,
2023-08-31,2023,up,60,-0.028214043598130806,-0.028214043598130806,0.0,-0.04810979040429221,-0.04810979040429221,0.0,1.0,0,0,,,,,
2023-08-31,2023,up,120,0.0953447255301211,0.0953447255301211,0.0,-0.049781030213530586,-0.049781030213530586,0.0,1.0,0,0,,,,,
2023-09-29,2023,down,20,-0.04888484489050008,-0.04745810259831667,0.001426742292183411,-0.009537945395395583,-0.008111203103212172,0.001426742292183411,0.9285714285714286,1,0,CDNS,,-0.0289104527999324,,
2023-09-29,2023,down,60,0.11808829309210309,0.12086914756613666,0.0027808544740335756,-0.025108253534023017,-0.022327399059989442,0.0027808544740335756,0.9285714285714286,1,0,CDNS,,0.1570202557285732,,
2023-09-29,2023,down,120,0.2258729405623205,0.2353675056594536,0.009494565097133117,-0.01573639303136401,-0.0062418279342308924,0.009494565097133117,0.9285714285714286,1,0,CDNS,,0.3587968519221841,,
2023-10-31,2023,down,20,0.07800427311292295,0.07800427311292295,0.0,-0.02726982412904455,-0.02726982412904455,0.0,1.0,0,0,,,,,
2023-10-31,2023,down,60,0.19547545690314336,0.19547545690314336,0.0,-0.018897303972602947,-0.018897303972602947,0.0,1.0,0,0,,,,,
2023-10-31,2023,down,120,0.2644163187922642,0.2644163187922642,0.0,0.054621323057262694,0.054621323057262694,0.0,1.0,0,0,,,,,
2023-11-30,2023,up,20,0.06777602009543275,0.07042898430335923,0.0026529642079264754,0.014486679470110349,0.017139643678036824,0.0026529642079264754,0.8888888888888888,1,1,PH,NUE,0.0560774458705485,0.0109770543357986,0.0451003915347499
2023-11-30,2023,up,60,0.10427734933141168,0.11017794914072802,0.0059005998093163425,-0.015594387331471324,-0.009693787522154981,0.0059005998093163425,0.8888888888888888,1,1,PH,NUE,0.2163189906550638,0.1160087938966861,0.1003101967583777
2023-11-30,2023,up,120,0.17749191781847382,0.1898344018031154,0.012342483984641578,0.009921285272813024,0.022263769257454602,0.012342483984641578,0.8888888888888888,1,1,PH,NUE,0.2058030675269214,-0.0040191602119853,0.2098222277389067
2023-12-29,2023,up,20,-0.008098773659047183,0.0018254541580389274,0.009924227817086111,-0.05310508249634818,-0.043180854679262075,0.009924227817086111,0.6521739130434783,6,2,"ACN,GD,GOOG,GOOGL,UNP,VMC","EQIX,NUE",0.050960415592569086,0.06487440201639745,-0.013913986423828364
2023-12-29,2023,up,60,0.02951723230314725,0.03747706796824513,0.007959835665097881,-0.06396361938988845,-0.05600378372479057,0.007959835665097881,0.6521739130434783,6,2,"ACN,GD,GOOG,GOOGL,UNP,VMC","EQIX,NUE",0.0727042373913039,0.07549997308408951,-0.002795735692785614
2023-12-29,2023,up,120,-0.007282041480220704,0.03231131885706799,0.0395933603372887,-0.17247662968072341,-0.1328832693434347,0.0395933603372887,0.6521739130434783,6,2,"ACN,GD,GOOG,GOOGL,UNP,VMC","EQIX,NUE",0.1046384649439696,-0.08725080574918109,0.1918892706931507
2024-01-31,2024,up,20,0.044618205717374904,0.04737329948350924,0.0027550937661343367,-0.0010778202665760947,0.001677273499558242,0.0027550937661343367,0.8947368421052632,1,1,CSX,NSC,0.0571230425055927,0.0075313547151746,0.0495916877904181
2024-01-31,2024,up,60,0.06353340952350277,0.06315268521294144,-0.0003807243105613256,0.03700293569851237,0.03662221138795104,-0.0003807243105613256,0.8947368421052632,1,1,CSX,NSC,-0.0527762863534676,-0.0459232487633637,-0.0068530375901039026
2024-01-31,2024,up,120,0.06517020450170168,0.06771313857858154,0.0025429340768798603,-0.038416536040904226,-0.035873601964024365,0.0025429340768798603,0.8947368421052632,1,1,CSX,NSC,-0.0743087248322147,-0.1200815382160522,0.0457728133838375
2024-02-29,2024,up,20,0.0316577931155355,0.024602884761320665,-0.007054908354214837,0.0249951885320507,0.017940280177835864,-0.007054908354214837,0.875,2,0,"ACN,GD",,-0.024781473718183154,,
2024-02-29,2024,up,60,0.06005615735741893,0.04575206821350224,-0.01430408914391669,0.021813887441085728,0.0075097982971690375,-0.01430408914391669,0.875,2,0,"ACN,GD",,-0.054376555793914746,,
2024-02-29,2024,up,120,0.10545637708524565,0.08961005066678726,-0.015846326418458387,0.011352884906271551,-0.004493441512186835,-0.015846326418458387,0.875,2,0,"ACN,GD",,-0.021314234262421447,,
2024-03-29,2024,up,20,-0.025431904641071444,-0.028328918607979283,-0.002897013966907839,0.008772446214042454,0.005875432247134615,-0.002897013966907839,0.8235294117647058,3,0,"GD,NUE,TER",,-0.04184831712021587,,
2024-03-29,2024,up,60,-0.03920194955354368,-0.027203822393181587,0.011998127160362096,-0.11364537270566628,-0.10164724554530419,0.011998127160362096,0.8235294117647058,3,0,"GD,NUE,TER",,0.028787437688508166,,
2024-03-29,2024,up,120,0.08752156916695109,0.07122178730761534,-0.01629978185933574,0.004335983621858289,-0.011963798237477452,-0.01629978185933574,0.8235294117647058,3,0,"GD,NUE,TER",,-0.004843861369284802,,
2024-04-30,2024,down,20,0.00424772832072293,0.00424772832072293,0.0,-0.07207794435152368,-0.07207794435152368,0.0,1.0,0,0,,,,,
2024-04-30,2024,down,60,0.04845147952176183,0.04845147952176183,0.0,-0.04343195548083897,-0.04343195548083897,0.0,1.0,0,0,,,,,
2024-04-30,2024,down,120,0.12072710541463255,0.12072710541463255,0.0,-0.04769200840765894,-0.04769200840765894,0.0,1.0,0,0,,,,,
2024-05-31,2024,up,20,0.030129428545288422,0.024584512044211276,-0.0055449165010771455,-0.026798877407956476,-0.03234379390903362,-0.0055449165010771455,0.9285714285714286,1,0,GD,,-0.0474994024697916,,
2024-05-31,2024,up,60,0.092166244017095,0.08273904801113162,-0.009427196005963381,0.0464098938158679,0.03698269780990452,-0.009427196005963381,0.9285714285714286,1,0,GD,,-0.0398145000663923,,
2024-05-31,2024,up,120,0.2686549882727073,0.2442052498896263,-0.024449738383080982,0.1652794962008373,0.1408297578177563,-0.024449738383080982,0.9285714285714286,1,0,GD,,-0.0736413490904263,,
2024-06-28,2024,up,20,0.015492886801938555,0.012095741181278381,-0.0033971456206601733,0.05173174813649435,0.04833460251583418,-0.0033971456206601733,0.8888888888888888,1,1,NOW,AKAM,0.020266528449666,0.0780180040008889,-0.0577514755512229
2024-06-28,2024,up,60,0.09037649441821681,0.09338567061296688,0.0030091761947500656,0.08166474515801601,0.08467392135276608,0.0030091761947500656,0.8888888888888888,1,1,NOW,AKAM,0.1797407919322223,0.1285847966214713,0.05115599531075102
2024-06-28,2024,up,120,0.09777842613401447,0.11612105153316636,0.018342625399151893,0.024214428301313262,0.042557053700465156,0.018342625399151893,0.8888888888888888,1,1,NOW,AKAM,0.3548348562799149,0.0430102244943321,0.3118246317855828
2024-07-31,2024,up,20,-0.009167548115256335,0.000655777544423905,0.00982332565968024,-0.005065292731162835,0.004758032928517405,0.00982332565968024,0.7619047619047619,2,3,"GD,PH","MCHP,NOC,TSLA",0.019918927828273703,-0.04871651811098443,0.06863544593925813
2024-07-31,2024,up,60,0.05784524072074206,0.06355578536941531,0.005710544648673245,0.017306153049044662,0.023016697697717907,0.005710544648673245,0.7619047619047619,2,3,"GD,PH","MCHP,NOC,TSLA",0.06093601428892495,0.025642488540824532,0.03529352574810042
2024-07-31,2024,up,120,0.15947201043859635,0.1462819783839822,-0.013190032054614165,0.03351872910910686,0.020328697054492695,-0.013190032054614165,0.7619047619047619,2,3,"GD,PH","MCHP,NOC,TSLA",0.0550814099318708,0.16901846909513107,-0.11393705916326027
2024-08-30,2024,up,20,0.07455139376129367,0.06957362250287286,-0.004977771258420818,0.04642356467906807,0.041445793420647255,-0.004977771258420818,0.7142857142857143,3,3,"GD,PH,UNP","BAH,LHX,PWR",0.008253587474145598,0.0381202150246705,-0.029866627550524903
2024-08-30,2024,up,60,0.1413470365479426,0.135657351608774,-0.005689684939168577,0.07380752977505109,0.06811784483588251,-0.005689684939168577,0.7142857142857143,3,3,"GD,PH,UNP","BAH,LHX,PWR",0.0302489508327629,0.06438706046777416,-0.034138109635011266
2024-08-30,2024,up,120,0.0050599991054516395,0.02443177553543137,0.01937177642997973,-0.07674378779676946,-0.05737201136678974,0.01937177642997973,0.7142857142857143,3,3,"GD,PH,UNP","BAH,LHX,PWR",-0.03569657232048243,-0.15192723090036078,0.11623065857987835
2024-09-30,2024,down,20,-0.009062847635813899,-0.006981918758034879,0.0020809288777790197,-0.0218095875685621,-0.01972865869078308,0.0020809288777790197,0.8888888888888888,2,0,"CAT,CRH",,0.0096655122641973,,
2024-09-30,2024,down,60,-0.021503928345331977,-0.021200339719473524,0.00030358862585845234,-0.10521351581355128,-0.10490992718769282,0.00030358862585845234,0.8888888888888888,2,0,"CAT,CRH",,-0.01877163071260595,,
2024-09-30,2024,down,120,-0.08208181987919892,-0.07606650252539901,0.006015317353799912,-0.09099439266686392,-0.084979075313064,0.006015317353799912,0.8888888888888888,2,0,"CAT,CRH",,-0.027943963694999754,,
2024-10-31,2024,up,20,0.016925054450567273,0.024204797704667415,0.007279743254100142,-0.030089364863073426,-0.022809621608973284,0.007279743254100142,0.6956521739130435,4,3,"CRH,PANW,PH,TXN","LHX,MU,TT",0.05859063351880948,0.023947538180889297,0.03464309533792018
2024-10-31,2024,up,60,-0.0007909153065852369,0.01671458955418633,0.017505504860771567,-0.07524322857647353,-0.05773772371570197,0.017505504860771567,0.6956521739130435,4,3,"CRH,PANW,PH,TXN","LHX,MU,TT",0.024019329933752127,-0.0844139540579459,0.10843328399169802
2024-10-31,2024,up,120,-0.10305627918679265,-0.0919284758436027,0.011127803343189954,-0.07331875189309195,-0.062190948549901995,0.011127803343189954,0.6956521739130435,4,3,"CRH,PANW,PH,TXN","LHX,MU,TT",-0.07157644715037745,-0.13526852542617182,0.06369207827579437
2024-11-29,2024,up,20,-0.038697459182426196,-0.0396362875271425,-0.0009388283447163068,-0.0445814777331963,-0.0455203060779126,-0.0009388283447163068,0.9047619047619048,1,1,ETN,VMC,-0.1241993019935487,-0.1054227350992225,-0.018776566894326205
2024-11-29,2024,up,60,-0.049045770571648904,-0.0533284112404596,-0.0042826406688106985,-0.0402731153459284,-0.0445557560147391,-0.0042826406688106985,0.9047619047619048,1,1,ETN,VMC,-0.2278426841520808,-0.1421898707758666,-0.08565281337621422
2024-11-29,2024,up,120,-0.007435963792451689,-0.011050728055644223,-0.003614764263192534,-0.024356516401887587,-0.027971280665080124,-0.003614764263192534,0.9047619047619048,1,1,ETN,VMC,-0.1355419068267147,-0.063246621562864,-0.07229528526385069
2024-12-31,2024,up,20,0.03223773100254429,0.033103924472554704,0.0008661934700104137,0.01954436422114309,0.020410557691153505,0.0008661934700104137,0.9,0,2,,"PTC,WDAY",,0.02444198977245055,
2024-12-31,2024,up,60,-0.09750957134644742,-0.09335265571739707,0.004156915629050351,-0.006397248066981109,-0.0022403324379307588,0.004156915629050351,0.9,0,2,,"PTC,WDAY",,-0.13492181200790054,
2024-12-31,2024,up,120,0.04180081827627,0.05625761482461533,0.014456796548345328,-0.0175253781727895,-0.0030685816244441708,0.014456796548345328,0.9,0,2,,"PTC,WDAY",,-0.08831035065883805,
2025-01-31,2025,up,20,-0.050093025926127153,-0.050093025926127153,0.0,-0.016038456384542654,-0.016038456384542654,0.0,1.0,0,0,,,,,
2025-01-31,2025,up,60,-0.055037745907700955,-0.05503774590770096,-6.938893903907228e-18,0.02181913811497624,0.021819138114976232,-6.938893903907228e-18,1.0,0,0,,,,,
2025-01-31,2025,up,120,0.20590988771947613,0.20590988771947613,0.0,0.10534270347665033,0.10534270347665033,0.0,1.0,0,0,,,,,
2025-02-28,2025,down,20,-0.07052318150876837,-0.06812194243035308,0.0024012390784152876,0.015330189634829142,0.01773142871324443,0.0024012390784152876,0.95,1,0,RTX,,-0.0224983999404629,,
2025-02-28,2025,down,60,0.03149583347662583,0.02968917829159413,-0.001806655185031699,0.015163706160339529,0.01335705097530783,-0.001806655185031699,0.95,1,0,RTX,,-0.0046372702240082,,
2025-02-28,2025,down,120,0.18428105794629132,0.1830884718942547,-0.0011925860520366205,0.08545736460057182,0.0842647785485352,-0.0011925860520366205,0.95,1,0,RTX,,0.1604293369055592,,
2025-05-30,2025,up,20,0.09445897520327355,0.08910835558559231,-0.00535061961768124,0.031585851978601545,0.026235232360920305,-0.00535061961768124,0.9,1,1,GOOG,TER,0.0449706977018963,0.1466324704378397,-0.1016617727359434
2025-05-30,2025,up,60,0.16349683688616845,0.14834813826877052,-0.015148698617397927,0.05994817115990225,0.044799472542504326,-0.015148698617397927,0.9,1,1,GOOG,TER,0.2255697406510309,0.5133950143815916,-0.28782527373056077
2025-05-30,2025,up,120,0.2926475623933053,0.2706003920377768,-0.0220471703555285,0.1366554656222286,0.1146082952667001,-0.0220471703555285,0.9,1,1,GOOG,TER,0.727991906421693,1.1468881431767344,-0.4188962367550414
2025-06-30,2025,up,20,0.060181511012124655,0.060181511012124655,0.0,0.03125790937501706,0.03125790937501706,0.0,1.0,0,0,,,,,
2025-06-30,2025,up,60,0.1299623336641009,0.1299623336641009,0.0,0.0488331840506403,0.0488331840506403,0.0,1.0,0,0,,,,,
2025-06-30,2025,up,120,0.23083817835035939,0.23083817835035939,0.0,0.1257890651170715,0.1257890651170715,0.0,1.0,0,0,,,,,
2025-07-31,2025,up,20,0.02111725583609976,0.01906975557269126,-0.0020475002634085006,-0.00868987474809254,-0.01073737501150104,-0.0020475002634085006,0.8947368421052632,1,1,CSCO,AMZN,0.0265077105575327,0.0633627152988857,-0.03685500474135299
2025-07-31,2025,up,60,0.08955260931443053,0.09036703596364176,0.0008144266492112334,-0.011703547615695378,-0.010889120966484145,0.0008144266492112334,0.8947368421052632,1,1,CSCO,AMZN,0.0444495848161329,0.0297899051303306,0.014659679685802299
2025-07-31,2025,up,120,0.19840844344781602,0.1996779485599803,0.001269505112164282,0.09027943428401322,0.0915489393961775,0.001269505112164282,0.8947368421052632,1,1,CSCO,AMZN,0.0990166073546855,0.0761655153357282,0.022851092018957297
2025-08-29,2025,up,20,0.01845879340047091,0.01995733012660225,0.0014985367261313373,-0.0452898171168442,-0.04379128039071285,0.0014985367261313373,0.7619047619047619,3,2,"CRH,GD,PH","NUE,PWR",0.027398334714178768,0.017632006472784997,0.00976632824139377
2025-08-29,2025,up,60,-0.010318453739455792,-0.012283589324386925,-0.001965135584931133,-0.0856639005115807,-0.08762903609651182,-0.001965135584931133,0.7619047619047619,3,2,"CRH,GD,PH","NUE,PWR",0.06630244403930763,0.12328168098553505,-0.05697923694622742
2025-08-29,2025,up,120,0.020945897443257297,0.011104897156005013,-0.009841000287252284,-0.0474521359043272,-0.05729313619157948,-0.009841000287252284,0.7619047619047619,3,2,"CRH,GD,PH","NUE,PWR",0.18033010977963296,0.35351171867671755,-0.1731816088970846
2025-09-30,2025,up,20,0.02438723194500216,0.019919563886011335,-0.004467668058990824,-0.032302015618872845,-0.036769683677863665,-0.004467668058990824,0.9444444444444444,1,0,VMC,,-0.0560307931168327,,
2025-09-30,2025,up,60,0.009630693026930733,0.006157140127999237,-0.0034735528989314956,-0.032073455919926566,-0.03554700881885806,-0.0034735528989314956,0.9444444444444444,1,0,VMC,,-0.0528932591538362,,
2025-09-30,2025,up,120,-0.04566639982981394,-0.050924241118146266,-0.0052578412883323225,-0.020331068483331643,-0.025588909771663965,-0.0052578412883323225,0.9444444444444444,1,0,VMC,,-0.1403075430197957,,
2025-10-31,2025,up,20,-0.03866922854372003,-0.041390875829803185,-0.002721647286083158,-0.007364520012951729,-0.010086167299034887,-0.002721647286083158,0.9444444444444444,1,0,AMZN,,-0.0876588796932168,,
2025-10-31,2025,up,60,-0.021550302743963346,-0.023547997822054044,-0.001997695078090698,-0.009309555298156346,-0.011307250376247044,-0.001997695078090698,0.9444444444444444,1,0,AMZN,,-0.0575088141495959,,
2025-10-31,2025,up,120,-0.05625006693676521,-0.05209824902932954,0.00415181790743567,-0.09898153427930251,-0.09482971637186684,0.00415181790743567,0.9444444444444444,1,0,AMZN,,0.018482655397077,,
2025-11-28,2025,up,20,0.0027819330188497463,0.007329588506226392,0.004547655487376645,-0.005925741740804753,-0.0013780862534281072,0.004547655487376645,0.9285714285714286,1,0,CRH,,0.0664491098421228,,
2025-11-28,2025,up,60,0.026528188857058783,0.025642699672657802,-0.0008854891844009803,0.03677928874299658,0.035893799558595604,-0.0008854891844009803,0.9285714285714286,1,0,CRH,,0.0141313402754451,,
2025-11-28,2025,up,120,0.16267795756843428,0.13962686875224278,-0.0230510888161915,-0.0034437631420104198,-0.02649485195820192,-0.0230510888161915,0.9285714285714286,1,0,CRH,,-0.1600372858582466,,
2025-12-31,2025,up,20,0.031125935868208523,0.031125935868208523,0.0,0.03136787135207932,0.03136787135207932,0.0,1.0,0,0,,,,,
2025-12-31,2025,up,60,-0.0349675072419234,-0.0349675072419234,0.0,0.06758087985485081,0.06758087985485081,0.0,1.0,0,0,,,,,
2025-12-31,2025,up,120,0.11107592946045818,0.11107592946045818,0.0,-0.04127084473309013,-0.04127084473309013,0.0,1.0,0,0,,,,,
2026-01-30,2026,down,20,-0.011203986223501421,-0.011203986223501421,0.0,0.009025967388161978,0.009025967388161978,0.0,1.0,0,0,,,,,
2026-01-30,2026,down,60,-0.00651259451739068,-0.00651259451739068,0.0,-0.06638737833481127,-0.06638737833481127,0.0,1.0,0,0,,,,,
2026-01-30,2026,down,120,0.03571411127809797,0.03571411127809797,0.0,-0.06738102521998664,-0.06738102521998664,0.0,1.0,0,0,,,,,
2026-02-27,2026,down,20,-0.06035381390187687,-0.05930092702081881,0.0010528868810580627,0.003424279268936223,0.0044771661499942855,0.0010528868810580627,0.8888888888888888,2,0,"SRE,UNP",,-0.0508778319723543,,
2026-02-27,2026,down,60,0.16694752563528076,0.14708290405453758,-0.019864621580743175,-0.049137463511488455,-0.06900208509223163,-0.019864621580743175,0.8888888888888888,2,0,"SRE,UNP",,-0.011834068591408,,
2026-02-27,2026,down,120,0.18595730984401082,0.16844923051664085,-0.017508079327369974,0.0018977005603241226,-0.015610378767045852,-0.017508079327369974,0.8888888888888888,2,0,"SRE,UNP",,0.028384595897681303,,
2026-04-30,2026,up,20,0.03920911371009999,0.04389367344388931,0.004684559733789319,-0.06102941990818061,-0.05634486017439129,0.004684559733789319,0.8888888888888888,2,0,"AAPL,NVDA",,0.08137015131420385,,
2026-04-30,2026,up,60,0.09960736335404721,0.09926233450306952,-0.0003450288509776883,0.09323698689506321,0.09289195804408552,-0.0003450288509776883,0.8888888888888888,2,0,"AAPL,NVDA",,0.0965021036952482,,
2026-04-30,2026,up,120,-0.553,-0.553,0.0,,,0.0,0.8888888888888888,2,0,"AAPL,NVDA",,,,
2026-05-29,2026,up,20,-0.03238293687924873,-0.03238293687924873,0.0,-0.011276331698182932,-0.011276331698182932,0.0,1.0,0,0,,,,,
2026-05-29,2026,up,60,0.03437909536938175,0.03437909536938175,0.0,0.07351092773070006,0.07351092773070006,0.0,1.0,0,0,,,,,
2026-05-29,2026,up,120,,,,,,,1.0,0,0,,,,,
2026-06-30,2026,up,20,-0.018764577906041684,-0.019916528672271713,-0.0011519507662300296,0.07693353439588033,0.07578158362965029,-0.0011519507662300296,0.8823529411764706,1,1,JCI,PH,-0.0402979693327808,-0.0218667570731003,-0.018431212259680498
2026-06-30,2026,up,60,-0.0193024660557611,-0.019402164765343545,-9.969870958244365e-05,-0.0326149750554114,-0.032714673764993846,-9.969870958244365e-05,0.8823529411764706,1,1,JCI,PH,0.0010406133443846,0.0026357926977037,-0.0015951793533191
2026-06-30,2026,up,120,,,,,,,0.8823529411764706,1,1,JCI,PH,,,
2026-07-31,2026,up,20,0.03827898030659893,0.03827898030659893,0.0,0.00038052180800093177,0.00038052180800093177,0.0,1.0,0,0,,,,,
2026-07-31,2026,up,60,,,,,,,1.0,0,0,,,,,
2026-07-31,2026,up,120,,,,,,,1.0,0,0,,,,,
2026-08-31,2026,down,20,-0.04798880829260966,-0.04798880829260966,0.0,-0.08824825185741396,-0.08824825185741396,0.0,1.0,0,0,,,,,
2026-08-31,2026,down,60,,,,,,,1.0,0,0,,,,,
2026-08-31,2026,down,120,,,,,,,1.0,0,0,,,,,
2026-09-30,2026,up,20,,,,,,,1.0,0,0,,,,,
2026-09-30,2026,up,60,,,,,,,1.0,0,0,,,,,
2026-09-30,2026,up,120,,,,,,,1.0,0,0,,,,,
