horizon_days,side,symbol,n_dates,avg_excess_vs_qqq,total_excess_vs_qqq,positive_excess_sum,positive_excess_share
20,added,PH,5,0.020466027590368058,0.10233013795184029,0.1565839574326052,0.16091950646856265
20,added,VMC,3,-0.008424207887889635,-0.025272623663668906,0.1049858987208119,0.10789278343270234
20,added,CRH,4,0.0174523623265702,0.0698094493062808,0.08580152612345851,0.08817722750415932
20,added,RTX,1,0.0633549712031346,0.0633549712031346,0.0633549712031346,0.06510916485634512
20,added,TT,1,0.0632456648602482,0.0632456648602482,0.0632456648602482,0.06499683200284233
20,added,SRE,1,0.05963214046740659,0.05963214046740659,0.05963214046740659,0.061283255136844045
20,added,NOW,1,0.0565053897842218,0.0565053897842218,0.0565053897842218,0.05806992993394196
20,added,JCI,2,-0.02777745259617356,-0.05555490519234712,0.055400142969141204,0.05693408067502109
20,added,CAT,2,0.015851810180665747,0.031703620361331494,0.049544922096424596,0.05091673848651803
20,added,GD,7,-0.020377096670946445,-0.1426396766966251,0.048844356590925495,0.05019677548876115
20,added,GOOG,2,0.0141061391852885,0.028212278370577,0.046114703893352704,0.047391543253440666
20,added,TER,1,0.043558776750699094,0.043558776750699094,0.043558776750699094,0.044764846744365344
20,added,GOOGL,1,0.043555176918198296,0.043555176918198296,0.043555176918198296,0.044761147238497084
20,added,PANW,1,0.031047073689648597,0.031047073689648597,0.031047073689648597,0.03190671546018177
20,added,ACN,2,-0.0366664077942425,-0.073332815588485,0.016564414894089302,0.017023055959258307
20,added,AAPL,1,0.015658384134673298,0.015658384134673298,0.015658384134673298,0.016091938716846593
20,added,CSX,1,0.0114270165216417,0.0114270165216417,0.0114270165216417,0.011743411580730667
20,added,CDNS,1,0.010436446695172096,0.010436446695172096,0.010436446695172096,0.010725414525274037
20,added,EQIX,1,0.0069476564496345,0.0069476564496345,0.0069476564496345,0.007140025487409912
20,added,PWR,1,0.0038490337142052,0.0038490337142052,0.0038490337142052,0.003955607048297696
20,added,UNP,3,-0.0471633244784627,-0.1414899734353881,0.0,0.0
20,added,NUE,1,-0.0883259582576921,-0.0883259582576921,0.0,0.0
20,added,TXN,1,-0.063561096451169,-0.063561096451169,0.0,0.0
20,added,ETN,1,-0.1300833205443188,-0.1300833205443188,0.0,0.0
20,added,CSCO,1,-0.003299420026659599,-0.003299420026659599,0.0,0.0
20,added,AMZN,1,-0.0563541711624485,-0.0563541711624485,0.0,0.0
20,added,NVDA,1,-0.053395148742826797,-0.053395148742826797,0.0,0.0
20,removed,PWR,3,0.05315615850464147,0.1594684755139244,0.1594684755139244,0.2443307339170176
20,removed,AKAM,1,0.1142568653354447,0.1142568653354447,0.1142568653354447,0.17505945091968633
20,removed,TER,2,0.02972976985588779,0.05945953971177558,0.08375934721316769,0.12833246640786136
20,removed,PH,1,0.0738313552288217,0.0738313552288217,0.0738313552288217,0.11312122443643036
20,removed,TT,1,0.063639871633857,0.063639871633857,0.063639871633857,0.09750627196111468
20,removed,NOC,1,0.0521565030811254,0.0521565030811254,0.0521565030811254,0.07991194896225011
20,removed,NUE,3,-0.047258704874115175,-0.14177611462234552,0.0404314161447004,0.061947275460574804
20,removed,AMZN,1,0.033555584714693394,0.033555584714693394,0.033555584714693394,0.05141242251130573
20,removed,PTC,1,0.0315752281481154,0.0315752281481154,0.0315752281481154,0.048378205423758945
20,removed,TXN,2,-0.02716191481904935,-0.0543238296380987,0.0,0.0
20,removed,LHX,2,-0.04380912496191285,-0.0876182499238257,0.0,0.0
20,removed,EQIX,1,-0.0006952297865075036,-0.0006952297865075036,0.0,0.0
20,removed,NSC,1,-0.0381646712687764,-0.0381646712687764,0.0,0.0
20,removed,MCHP,1,-0.09171896089391289,-0.09171896089391289,0.0,0.0
20,removed,TSLA,1,-0.09428033036788529,-0.09428033036788529,0.0,0.0
20,removed,BAH,1,-0.006281348213071202,-0.006281348213071202,0.0,0.0
20,removed,MU,1,-0.0711995896943741,-0.0711995896943741,0.0,0.0
20,removed,VMC,1,-0.1113067536499926,-0.1113067536499926,0.0,0.0
20,removed,WDAY,1,-0.008077982166016701,-0.008077982166016701,0.0,0.0
60,added,PH,5,0.07607070317621756,0.3803535158810878,0.3803535158810878,0.27198809130710433
60,added,TER,1,0.229557418188709,0.229557418188709,0.229557418188709,0.16415487542924076
60,added,AAPL,1,0.2099192184917967,0.2099192184917967,0.2099192184917967,0.1501117386387271
60,added,VMC,3,0.025852304431094996,0.07755691329328498,0.1721543213939785,0.12310632958854217
60,added,NOW,1,0.17102904267202151,0.17102904267202151,0.17102904267202151,0.12230165078581155
60,added,GOOG,2,0.05614731087205104,0.11229462174410208,0.12202107492476469,0.08725640195844481
60,added,GD,7,-0.04191843369803067,-0.2934290358862147,0.0572945301130042,0.04097091057952877
60,added,CRH,4,-0.028607732299868422,-0.11443092919947369,0.0243824401613829,0.017435709370378312
60,added,PWR,1,0.017884468895471795,0.017884468895471795,0.017884468895471795,0.012789056379963698
60,added,CDNS,1,0.013823709102447096,0.013823709102447096,0.013823709102447096,0.009885235962258609
60,added,UNP,3,-0.127622766820912,-0.382868300462736,0.0,0.0
60,added,CAT,2,-0.08590188344151733,-0.17180376688303467,0.0,0.0
60,added,JCI,2,-0.1235561985550174,-0.2471123971100348,0.0,0.0
60,added,ACN,2,-0.1804643204628419,-0.3609286409256838,0.0,0.0
60,added,EQIX,1,-0.0653788563915421,-0.0653788563915421,0.0,0.0
60,added,TT,1,-0.00212557940806099,-0.00212557940806099,0.0,0.0
60,added,GOOGL,1,-0.008128886312581407,-0.008128886312581407,0.0,0.0
60,added,CSX,1,-0.079306760178458,-0.079306760178458,0.0,0.0
60,added,NUE,1,-0.317206570482512,-0.317206570482512,0.0,0.0
60,added,PANW,1,-0.0325730134984663,-0.0325730134984663,0.0,0.0
60,added,TXN,1,-0.16800890500445198,-0.16800890500445198,0.0,0.0
60,added,ETN,1,-0.21907002892636032,-0.21907002892636032,0.0,0.0
60,added,RTX,1,-0.0209693975402945,-0.0209693975402945,0.0,0.0
60,added,CSCO,1,-0.05680657211399301,-0.05680657211399301,0.0,0.0
60,added,AMZN,1,-0.0452680667037889,-0.0452680667037889,0.0,0.0
60,added,SRE,1,-0.2652877185977535,-0.2652877185977535,0.0,0.0
60,added,NVDA,1,-0.0296557640192683,-0.0296557640192683,0.0,0.0
60,removed,PWR,3,0.14092250623121289,0.42276751869363866,0.42276751869363866,0.3740622259182722
60,removed,TER,2,0.14521599110183323,0.29043198220366645,0.40984634865532543,0.3626296503009802
60,removed,AKAM,1,0.1198730473612705,0.1198730473612705,0.1198730473612705,0.10606297064192603
60,removed,TSLA,1,0.1019314488278629,0.1019314488278629,0.1019314488278629,0.09018834927868496
60,removed,NUE,3,0.0033471381212064333,0.0100414143636193,0.04615413750782811,0.04083691070890205
60,removed,NOC,1,0.029633890833931996,0.029633890833931996,0.029633890833931996,0.026219893151234377
60,removed,TXN,2,-0.09920176786256404,-0.1984035357251281,0.0,0.0
60,removed,LHX,2,-0.14046899703317675,-0.2809379940663535,0.0,0.0
60,removed,EQIX,1,-0.0821158947257205,-0.0821158947257205,0.0,0.0
60,removed,NSC,1,-0.0724537225883541,-0.0724537225883541,0.0,0.0
60,removed,MCHP,1,-0.17625513705441348,-0.17625513705441348,0.0,0.0
60,removed,BAH,1,-0.14211878562661528,-0.14211878562661528,0.0,0.0
60,removed,MU,1,-0.1530993603369413,-0.1530993603369413,0.0,0.0
60,removed,TT,1,-0.0977338753646248,-0.0977338753646248,0.0,0.0
60,removed,VMC,1,-0.1334172155501461,-0.1334172155501461,0.0,0.0
60,removed,PTC,1,-0.0737697622747964,-0.0737697622747964,0.0,0.0
60,removed,WDAY,1,-0.013849215182072092,-0.013849215182072092,0.0,0.0
60,removed,AMZN,1,-0.07146625179979531,-0.07146625179979531,0.0,0.0
60,removed,PH,1,-0.0106767163019466,-0.0106767163019466,0.0,0.0
120,added,GOOG,2,0.3483408885107814,0.6966817770215628,0.6966817770215628,0.3249200558891601
120,added,PH,5,0.08250295350423435,0.4125147675211718,0.438693527941497,0.2045989005573664
120,added,NOW,1,0.28127085844721367,0.28127085844721367,0.28127085844721367,0.13117975245078373
120,added,TT,1,0.16619637953540492,0.16619637953540492,0.16619637953540492,0.07751105125511053
120,added,GOOGL,1,0.12434057227551598,0.12434057227551598,0.12434057227551598,0.05799024321516073
120,added,CDNS,1,0.11718751832849958,0.11718751832849958,0.11718751832849958,0.0546541853980911
120,added,CRH,4,-0.056122799040547525,-0.2244911961621901,0.1051575084619769,0.04904360161780555
120,added,TER,1,0.0991308028886848,0.0991308028886848,0.0991308028886848,0.046232852756147046
120,added,RTX,1,0.06160564355983969,0.06160564355983969,0.06160564355983969,0.028731782298263345
120,added,PANW,1,0.0383336693464406,0.0383336693464406,0.0383336693464406,0.017878145226836558
120,added,GD,7,-0.10241507431599735,-0.7169055202119814,0.008611250266836096,0.004016134783857466
120,added,PWR,1,0.00695415432359979,0.00695415432359979,0.00695415432359979,0.0032432945514174884
120,added,VMC,3,-0.07516006829102023,-0.2254802048730607,0.0,0.0
120,added,UNP,3,-0.13360486156511622,-0.4008145846953487,0.0,0.0
120,added,CAT,2,-0.08987288761315605,-0.1797457752263121,0.0,0.0
120,added,JCI,2,-0.30874635342948187,-0.30874635342948187,0.0,0.0
120,added,ACN,2,-0.24906577581502956,-0.4981315516300591,0.0,0.0
120,added,EQIX,1,-0.1066213005249514,-0.1066213005249514,0.0,0.0
120,added,CSX,1,-0.1778954653748206,-0.1778954653748206,0.0,0.0
120,added,NUE,1,-0.3385942567614718,-0.3385942567614718,0.0,0.0
120,added,TXN,1,-0.17602089029734672,-0.17602089029734672,0.0,0.0
120,added,ETN,1,-0.15246245943615058,-0.15246245943615058,0.0,0.0
120,added,CSCO,1,-0.009112401809117307,-0.009112401809117307,0.0,0.0
120,added,AMZN,1,-0.0242488119454603,-0.0242488119454603,0.0,0.0
120,added,SRE,1,-0.2770689852603509,-0.2770689852603509,0.0,0.0
120,added,AAPL,1,,,0.0,0.0
120,added,NVDA,1,,,0.0,0.0
120,removed,TER,2,0.43614210071016923,0.8722842014203385,0.9908960464056576,0.4414634074942778
120,removed,TSLA,1,0.6834477740794814,0.6834477740794814,0.6834477740794814,0.30448923909217906
120,removed,PWR,3,0.07361968599369233,0.22085905798107697,0.4234460635861177,0.18865343423142233
120,removed,NUE,3,-0.09875720413430633,-0.296271612402919,0.14678130707214843,0.06539391918212079
120,removed,TXN,2,-0.14914749289707951,-0.29829498579415903,0.0,0.0
120,removed,LHX,2,-0.15914521321198238,-0.31829042642396477,0.0,0.0
120,removed,EQIX,1,-0.2334276611819463,-0.2334276611819463,0.0,0.0
120,removed,NSC,1,-0.2236682787586581,-0.2236682787586581,0.0,0.0
120,removed,AKAM,1,-0.030553773338369103,-0.030553773338369103,0.0,0.0
120,removed,MCHP,1,-0.4482262580098736,-0.4482262580098736,0.0,0.0
120,removed,NOC,1,-0.106025952772683,-0.106025952772683,0.0,0.0
120,removed,BAH,1,-0.36296470644245105,-0.36296470644245105,0.0,0.0
120,removed,MU,1,-0.1881120779826059,-0.1881120779826059,0.0,0.0
120,removed,TT,1,-0.0339734637888295,-0.0339734637888295,0.0,0.0
120,removed,VMC,1,-0.08016717417229989,-0.08016717417229989,0.0,0.0
120,removed,PTC,1,-0.1449853593051972,-0.1449853593051972,0.0,0.0
120,removed,WDAY,1,-0.1502877349105979,-0.1502877349105979,0.0,0.0
120,removed,AMZN,1,-0.031963493828074604,-0.031963493828074604,0.0,0.0
120,removed,PH,1,,,0.0,0.0
