signal_date,scope,canonical_n,research_n,exact_match,order_match,jaccard,canonical_only,research_only,canonical_json,research_json
2023-01-31,core_ai,10,10,True,True,1.0,,,"[""AVGO"",""QCOM"",""ANET"",""AMAT"",""NOW"",""TSLA"",""DIS"",""AAPL"",""TER"",""SNPS""]","[""AVGO"",""QCOM"",""ANET"",""AMAT"",""NOW"",""TSLA"",""DIS"",""AAPL"",""TER"",""SNPS""]"
2023-01-31,ai_enabler,10,10,True,True,1.0,,,"[""AVGO"",""KLAC"",""LRCX"",""QCOM"",""ANET"",""UNP"",""AMAT"",""CSX"",""ACN"",""UPS""]","[""AVGO"",""KLAC"",""LRCX"",""QCOM"",""ANET"",""UNP"",""AMAT"",""CSX"",""ACN"",""UPS""]"
2023-01-31,ai_peripheral,10,10,True,True,1.0,,,"[""ACN"",""UNP"",""CSX"",""LUV"",""UPS"",""NSC"",""ETN"",""RTX"",""MLM"",""PH""]","[""ACN"",""UNP"",""CSX"",""LUV"",""UPS"",""NSC"",""ETN"",""RTX"",""MLM"",""PH""]"
2023-01-31,ALL,22,22,True,True,1.0,,,"[""AVGO"",""QCOM"",""ANET"",""AMAT"",""NOW"",""TSLA"",""DIS"",""AAPL"",""TER"",""SNPS"",""KLAC"",""LRCX"",""UNP"",""CSX"",""ACN"",""UPS"",""LUV"",""NSC"",""ETN"",""RTX"",""MLM"",""PH""]","[""AVGO"",""QCOM"",""ANET"",""AMAT"",""NOW"",""TSLA"",""DIS"",""AAPL"",""TER"",""SNPS"",""KLAC"",""LRCX"",""UNP"",""CSX"",""ACN"",""UPS"",""LUV"",""NSC"",""ETN"",""RTX"",""MLM"",""PH""]"
2023-02-28,core_ai,10,10,True,True,1.0,,,"[""KLAC"",""LRCX"",""NOW"",""NXPI"",""TSLA"",""DIS"",""TXN"",""SNPS"",""TER"",""FTNT""]","[""KLAC"",""LRCX"",""NOW"",""NXPI"",""TSLA"",""DIS"",""TXN"",""SNPS"",""TER"",""FTNT""]"
2023-02-28,ai_enabler,10,10,True,True,1.0,,,"[""AVGO"",""KLAC"",""LRCX"",""UNP"",""CSX"",""CAT"",""ACN"",""NXPI"",""RTX"",""NOW""]","[""AVGO"",""KLAC"",""LRCX"",""UNP"",""CSX"",""CAT"",""ACN"",""NXPI"",""RTX"",""NOW""]"
2023-02-28,ai_peripheral,10,10,True,True,1.0,,,"[""CSX"",""UNP"",""ACN"",""RTX"",""CAT"",""HII"",""GD"",""TRGP"",""MLM"",""VMC""]","[""CSX"",""UNP"",""ACN"",""RTX"",""CAT"",""HII"",""GD"",""TRGP"",""MLM"",""VMC""]"
2023-02-28,ALL,21,21,True,True,1.0,,,"[""KLAC"",""LRCX"",""NOW"",""NXPI"",""TSLA"",""DIS"",""TXN"",""SNPS"",""TER"",""FTNT"",""AVGO"",""UNP"",""CSX"",""CAT"",""ACN"",""RTX"",""HII"",""GD"",""TRGP"",""MLM"",""VMC""]","[""KLAC"",""LRCX"",""NOW"",""NXPI"",""TSLA"",""DIS"",""TXN"",""SNPS"",""TER"",""FTNT"",""AVGO"",""UNP"",""CSX"",""CAT"",""ACN"",""RTX"",""HII"",""GD"",""TRGP"",""MLM"",""VMC""]"
2023-03-31,core_ai,7,7,True,True,1.0,,,"[""QCOM"",""NOW"",""TSLA"",""NXPI"",""DIS"",""INTC"",""AAPL""]","[""QCOM"",""NOW"",""TSLA"",""NXPI"",""DIS"",""INTC"",""AAPL""]"
2023-03-31,ai_enabler,10,10,True,True,1.0,,,"[""KLAC"",""QCOM"",""UNP"",""CSX"",""NUE"",""RTX"",""ACN"",""NXPI"",""NOW"",""MSFT""]","[""KLAC"",""QCOM"",""UNP"",""CSX"",""NUE"",""RTX"",""ACN"",""NXPI"",""NOW"",""MSFT""]"
2023-03-31,ai_peripheral,9,9,True,True,1.0,,,"[""CSX"",""UNP"",""RTX"",""NUE"",""ACN"",""GD"",""PH"",""TT"",""EQIX""]","[""CSX"",""UNP"",""RTX"",""NUE"",""ACN"",""GD"",""PH"",""TT"",""EQIX""]"
2023-03-31,ALL,18,18,True,True,1.0,,,"[""QCOM"",""NOW"",""TSLA"",""NXPI"",""DIS"",""INTC"",""AAPL"",""KLAC"",""UNP"",""CSX"",""NUE"",""RTX"",""ACN"",""MSFT"",""GD"",""PH"",""TT"",""EQIX""]","[""QCOM"",""NOW"",""TSLA"",""NXPI"",""DIS"",""INTC"",""AAPL"",""KLAC"",""UNP"",""CSX"",""NUE"",""RTX"",""ACN"",""MSFT"",""GD"",""PH"",""TT"",""EQIX""]"
2023-04-28,core_ai,8,8,True,True,1.0,,,"[""KLAC"",""CAT"",""NOW"",""GOOGL"",""GOOG"",""DIS"",""ADI"",""MPWR""]","[""KLAC"",""CAT"",""NOW"",""GOOGL"",""GOOG"",""DIS"",""ADI"",""MPWR""]"
2023-04-28,ai_enabler,10,10,True,True,1.0,,,"[""AVGO"",""LRCX"",""KLAC"",""UNP"",""CSX"",""NUE"",""CAT"",""ACN"",""NOW"",""RTX""]","[""AVGO"",""LRCX"",""KLAC"",""UNP"",""CSX"",""NUE"",""CAT"",""ACN"",""NOW"",""RTX""]"
2023-04-28,ai_peripheral,10,10,True,True,1.0,,,"[""UNP"",""CSX"",""CAT"",""NUE"",""RTX"",""ACN"",""GD"",""ETN"",""PH"",""MLM""]","[""UNP"",""CSX"",""CAT"",""NUE"",""RTX"",""ACN"",""GD"",""ETN"",""PH"",""MLM""]"
2023-04-28,ALL,19,19,True,True,1.0,,,"[""KLAC"",""CAT"",""NOW"",""GOOGL"",""GOOG"",""DIS"",""ADI"",""MPWR"",""AVGO"",""LRCX"",""UNP"",""CSX"",""NUE"",""ACN"",""RTX"",""GD"",""ETN"",""PH"",""MLM""]","[""KLAC"",""CAT"",""NOW"",""GOOGL"",""GOOG"",""DIS"",""ADI"",""MPWR"",""AVGO"",""LRCX"",""UNP"",""CSX"",""NUE"",""ACN"",""RTX"",""GD"",""ETN"",""PH"",""MLM""]"
2023-05-31,core_ai,5,5,True,True,1.0,,,"[""CAT"",""TSLA"",""MCHP"",""ADI"",""TER""]","[""CAT"",""TSLA"",""MCHP"",""ADI"",""TER""]"
2023-05-31,ai_enabler,10,10,True,True,1.0,,,"[""UNP"",""CSX"",""CAT"",""JCI"",""MCHP"",""ETN"",""HII"",""GD"",""TSLA"",""ACN""]","[""UNP"",""CSX"",""CAT"",""JCI"",""MCHP"",""ETN"",""HII"",""GD"",""TSLA"",""ACN""]"
2023-05-31,ai_peripheral,10,10,True,True,1.0,,,"[""CAT"",""UNP"",""CSX"",""JCI"",""HII"",""GD"",""ETN"",""ACN"",""MLM"",""PWR""]","[""CAT"",""UNP"",""CSX"",""JCI"",""HII"",""GD"",""ETN"",""ACN"",""MLM"",""PWR""]"
2023-05-31,ALL,14,14,True,True,1.0,,,"[""CAT"",""TSLA"",""MCHP"",""ADI"",""TER"",""UNP"",""CSX"",""JCI"",""ETN"",""HII"",""GD"",""ACN"",""MLM"",""PWR""]","[""CAT"",""TSLA"",""MCHP"",""ADI"",""TER"",""UNP"",""CSX"",""JCI"",""ETN"",""HII"",""GD"",""ACN"",""MLM"",""PWR""]"
2023-06-30,core_ai,2,2,True,True,1.0,,,"[""CAT"",""DIS""]","[""CAT"",""DIS""]"
2023-06-30,ai_enabler,10,10,True,True,1.0,,,"[""UNP"",""CSX"",""CAT"",""RTX"",""GD"",""NUE"",""HII"",""DIS"",""ACN"",""TXN""]","[""UNP"",""CSX"",""CAT"",""RTX"",""GD"",""NUE"",""HII"",""DIS"",""ACN"",""TXN""]"
2023-06-30,ai_peripheral,10,10,True,True,1.0,,,"[""UNP"",""CAT"",""CSX"",""JCI"",""RTX"",""GD"",""NUE"",""HII"",""ACN"",""TT""]","[""UNP"",""CAT"",""CSX"",""JCI"",""RTX"",""GD"",""NUE"",""HII"",""ACN"",""TT""]"
2023-06-30,ALL,12,12,True,True,1.0,,,"[""CAT"",""DIS"",""UNP"",""CSX"",""RTX"",""GD"",""NUE"",""HII"",""ACN"",""TXN"",""JCI"",""TT""]","[""CAT"",""DIS"",""UNP"",""CSX"",""RTX"",""GD"",""NUE"",""HII"",""ACN"",""TXN"",""JCI"",""TT""]"
2023-07-31,core_ai,4,4,True,True,1.0,,,"[""ANET"",""QCOM"",""DIS"",""ZM""]","[""ANET"",""QCOM"",""DIS"",""ZM""]"
2023-07-31,ai_enabler,10,10,True,True,1.0,,,"[""ANET"",""QCOM"",""CSX"",""LMT"",""UNP"",""GD"",""NUE"",""DIS"",""TXN"",""TER""]","[""ANET"",""QCOM"",""CSX"",""LMT"",""UNP"",""GD"",""NUE"",""DIS"",""TXN"",""TER""]"
2023-07-31,ai_peripheral,5,5,True,True,1.0,,,"[""CSX"",""LMT"",""UNP"",""GD"",""NUE""]","[""CSX"",""LMT"",""UNP"",""GD"",""NUE""]"
2023-07-31,ALL,11,11,True,True,1.0,,,"[""ANET"",""QCOM"",""DIS"",""ZM"",""CSX"",""LMT"",""UNP"",""GD"",""NUE"",""TXN"",""TER""]","[""ANET"",""QCOM"",""DIS"",""ZM"",""CSX"",""LMT"",""UNP"",""GD"",""NUE"",""TXN"",""TER""]"
2023-08-31,core_ai,3,3,True,True,1.0,,,"[""PYPL"",""MCHP"",""ADI""]","[""PYPL"",""MCHP"",""ADI""]"
2023-08-31,ai_enabler,10,10,True,True,1.0,,,"[""PYPL"",""LMT"",""JCI"",""UNP"",""MCHP"",""RTX"",""NXPI"",""MSFT"",""GD"",""ABNB""]","[""PYPL"",""LMT"",""JCI"",""UNP"",""MCHP"",""RTX"",""NXPI"",""MSFT"",""GD"",""ABNB""]"
2023-08-31,ai_peripheral,10,10,True,True,1.0,,,"[""PYPL"",""CAT"",""LMT"",""JCI"",""RTX"",""UNP"",""GD"",""VMC"",""NUE"",""MLM""]","[""PYPL"",""CAT"",""LMT"",""JCI"",""RTX"",""UNP"",""GD"",""VMC"",""NUE"",""MLM""]"
2023-08-31,ALL,15,15,True,True,1.0,,,"[""PYPL"",""MCHP"",""ADI"",""LMT"",""JCI"",""UNP"",""RTX"",""NXPI"",""MSFT"",""GD"",""ABNB"",""CAT"",""VMC"",""NUE"",""MLM""]","[""PYPL"",""MCHP"",""ADI"",""LMT"",""JCI"",""UNP"",""RTX"",""NXPI"",""MSFT"",""GD"",""ABNB"",""CAT"",""VMC"",""NUE"",""MLM""]"
2023-09-29,core_ai,6,6,True,True,1.0,,,"[""CSCO"",""MSFT"",""MCHP"",""ON"",""NXPI"",""FTNT""]","[""CSCO"",""MSFT"",""MCHP"",""ON"",""NXPI"",""FTNT""]"
2023-09-29,ai_enabler,10,10,True,True,1.0,,,"[""NOW"",""CSCO"",""CSX"",""UNP"",""CAT"",""MCHP"",""MSFT"",""ON"",""NXPI"",""GD""]","[""NOW"",""CSCO"",""CSX"",""UNP"",""CAT"",""MCHP"",""MSFT"",""ON"",""NXPI"",""GD""]"
2023-09-29,ai_peripheral,6,6,True,True,1.0,,,"[""CSX"",""CAT"",""UNP"",""ETN"",""GD"",""TT""]","[""CSX"",""CAT"",""UNP"",""ETN"",""GD"",""TT""]"
2023-09-29,ALL,13,13,True,True,1.0,,,"[""CSCO"",""MSFT"",""MCHP"",""ON"",""NXPI"",""FTNT"",""NOW"",""CSX"",""UNP"",""CAT"",""GD"",""ETN"",""TT""]","[""CSCO"",""MSFT"",""MCHP"",""ON"",""NXPI"",""FTNT"",""NOW"",""CSX"",""UNP"",""CAT"",""GD"",""ETN"",""TT""]"
2023-10-31,core_ai,8,8,True,True,1.0,,,"[""ORCL"",""CSCO"",""MSFT"",""LHX"",""CRM"",""AAPL"",""FTNT"",""MPWR""]","[""ORCL"",""CSCO"",""MSFT"",""LHX"",""CRM"",""AAPL"",""FTNT"",""MPWR""]"
2023-10-31,ai_enabler,10,10,True,True,1.0,,,"[""AVGO"",""NOW"",""ORCL"",""CSCO"",""CMI"",""LMT"",""ETN"",""UNP"",""LHX"",""AMZN""]","[""AVGO"",""NOW"",""ORCL"",""CSCO"",""CMI"",""LMT"",""ETN"",""UNP"",""LHX"",""AMZN""]"
2023-10-31,ai_peripheral,10,10,True,True,1.0,,,"[""CMI"",""LMT"",""UNP"",""ETN"",""LHX"",""VMC"",""GD"",""MLM"",""TT"",""PWR""]","[""CMI"",""LMT"",""UNP"",""ETN"",""LHX"",""VMC"",""GD"",""MLM"",""TT"",""PWR""]"
2023-10-31,ALL,20,20,True,True,1.0,,,"[""ORCL"",""CSCO"",""MSFT"",""LHX"",""CRM"",""AAPL"",""FTNT"",""MPWR"",""AVGO"",""NOW"",""CMI"",""LMT"",""ETN"",""UNP"",""AMZN"",""VMC"",""GD"",""MLM"",""TT"",""PWR""]","[""ORCL"",""CSCO"",""MSFT"",""LHX"",""CRM"",""AAPL"",""FTNT"",""MPWR"",""AVGO"",""NOW"",""CMI"",""LMT"",""ETN"",""UNP"",""AMZN"",""VMC"",""GD"",""MLM"",""TT"",""PWR""]"
2023-11-30,core_ai,7,7,True,True,1.0,,,"[""PYPL"",""CAT"",""ON"",""TSLA"",""MCHP"",""LHX"",""NXPI""]","[""PYPL"",""CAT"",""ON"",""TSLA"",""MCHP"",""LHX"",""NXPI""]"
2023-11-30,ai_enabler,10,10,True,True,1.0,,,"[""PYPL"",""ORCL"",""CAT"",""JCI"",""ON"",""LMT"",""AMAT"",""UNP"",""MCHP"",""GOOGL""]","[""PYPL"",""ORCL"",""CAT"",""JCI"",""ON"",""LMT"",""AMAT"",""UNP"",""MCHP"",""GOOGL""]"
2023-11-30,ai_peripheral,10,10,True,True,1.0,,,"[""PYPL"",""JCI"",""CAT"",""LMT"",""UNP"",""ETN"",""LHX"",""GD"",""VMC"",""NUE""]","[""PYPL"",""JCI"",""CAT"",""LMT"",""UNP"",""ETN"",""LHX"",""GD"",""VMC"",""NUE""]"
2023-11-30,ALL,17,17,True,True,1.0,,,"[""PYPL"",""CAT"",""ON"",""TSLA"",""MCHP"",""LHX"",""NXPI"",""ORCL"",""JCI"",""LMT"",""AMAT"",""UNP"",""GOOGL"",""ETN"",""GD"",""VMC"",""NUE""]","[""PYPL"",""CAT"",""ON"",""TSLA"",""MCHP"",""LHX"",""NXPI"",""ORCL"",""JCI"",""LMT"",""AMAT"",""UNP"",""GOOGL"",""ETN"",""GD"",""VMC"",""NUE""]"
2023-12-29,core_ai,9,9,True,True,1.0,,,"[""CSCO"",""PYPL"",""ON"",""ABNB"",""TSLA"",""TXN"",""FTNT"",""ZM"",""TER""]","[""CSCO"",""PYPL"",""ON"",""ABNB"",""TSLA"",""TXN"",""FTNT"",""ZM"",""TER""]"
2023-12-29,ai_enabler,10,10,True,True,1.0,,,"[""PYPL"",""CSCO"",""JCI"",""ON"",""LMT"",""MCHP"",""ABNB"",""LHX"",""TSLA"",""NSC""]","[""PYPL"",""CSCO"",""JCI"",""ON"",""LMT"",""MCHP"",""ABNB"",""LHX"",""TSLA"",""NSC""]"
2023-12-29,ai_peripheral,8,8,True,True,1.0,,,"[""PYPL"",""JCI"",""LMT"",""CSX"",""LHX"",""NSC"",""NUE"",""EQIX""]","[""PYPL"",""JCI"",""LMT"",""CSX"",""LHX"",""NSC"",""NUE"",""EQIX""]"
2023-12-29,ALL,17,17,True,True,1.0,,,"[""CSCO"",""PYPL"",""ON"",""ABNB"",""TSLA"",""TXN"",""FTNT"",""ZM"",""TER"",""JCI"",""LMT"",""MCHP"",""LHX"",""NSC"",""CSX"",""NUE"",""EQIX""]","[""CSCO"",""PYPL"",""ON"",""ABNB"",""TSLA"",""TXN"",""FTNT"",""ZM"",""TER"",""JCI"",""LMT"",""MCHP"",""LHX"",""NSC"",""CSX"",""NUE"",""EQIX""]"
2024-01-31,core_ai,10,10,True,True,1.0,,,"[""CSCO"",""ORCL"",""PYPL"",""GOOGL"",""ON"",""MCHP"",""LHX"",""NXPI"",""DIS"",""AAPL""]","[""CSCO"",""ORCL"",""PYPL"",""GOOGL"",""ON"",""MCHP"",""LHX"",""NXPI"",""DIS"",""AAPL""]"
2024-01-31,ai_enabler,10,10,True,True,1.0,,,"[""ORCL"",""PYPL"",""CSCO"",""JCI"",""ON"",""GOOGL"",""MCHP"",""NXPI"",""LHX"",""DIS""]","[""ORCL"",""PYPL"",""CSCO"",""JCI"",""ON"",""GOOGL"",""MCHP"",""NXPI"",""LHX"",""DIS""]"
2024-01-31,ai_peripheral,10,10,True,True,1.0,,,"[""PYPL"",""JCI"",""CAT"",""PH"",""LHX"",""UNP"",""ETN"",""ACN"",""GD"",""NSC""]","[""PYPL"",""JCI"",""CAT"",""PH"",""LHX"",""UNP"",""ETN"",""ACN"",""GD"",""NSC""]"
2024-01-31,ALL,18,18,True,True,1.0,,,"[""CSCO"",""ORCL"",""PYPL"",""GOOGL"",""ON"",""MCHP"",""LHX"",""NXPI"",""DIS"",""AAPL"",""JCI"",""CAT"",""PH"",""UNP"",""ETN"",""ACN"",""GD"",""NSC""]","[""CSCO"",""ORCL"",""PYPL"",""GOOGL"",""ON"",""MCHP"",""LHX"",""NXPI"",""DIS"",""AAPL"",""JCI"",""CAT"",""PH"",""UNP"",""ETN"",""ACN"",""GD"",""NSC""]"
2024-02-29,core_ai,9,9,True,True,1.0,,,"[""CSCO"",""ORCL"",""PYPL"",""GOOGL"",""TSLA"",""MCHP"",""TXN"",""TER"",""FTNT""]","[""CSCO"",""ORCL"",""PYPL"",""GOOGL"",""TSLA"",""MCHP"",""TXN"",""TER"",""FTNT""]"
2024-02-29,ai_enabler,10,10,True,True,1.0,,,"[""ORCL"",""PYPL"",""CSCO"",""JCI"",""GOOGL"",""MCHP"",""TSLA"",""LHX"",""TXN"",""TER""]","[""ORCL"",""PYPL"",""CSCO"",""JCI"",""GOOGL"",""MCHP"",""TSLA"",""LHX"",""TXN"",""TER""]"
2024-02-29,ai_peripheral,6,6,True,True,1.0,,,"[""PYPL"",""JCI"",""CSX"",""UNP"",""LHX"",""NSC""]","[""PYPL"",""JCI"",""CSX"",""UNP"",""LHX"",""NSC""]"
2024-02-29,ALL,14,14,True,True,1.0,,,"[""CSCO"",""ORCL"",""PYPL"",""GOOGL"",""TSLA"",""MCHP"",""TXN"",""TER"",""FTNT"",""JCI"",""LHX"",""CSX"",""UNP"",""NSC""]","[""CSCO"",""ORCL"",""PYPL"",""GOOGL"",""TSLA"",""MCHP"",""TXN"",""TER"",""FTNT"",""JCI"",""LHX"",""CSX"",""UNP"",""NSC""]"
2024-03-29,core_ai,5,5,True,True,1.0,,,"[""CSCO"",""PYPL"",""TXN"",""FTNT"",""WDAY""]","[""CSCO"",""PYPL"",""TXN"",""FTNT"",""WDAY""]"
2024-03-29,ai_enabler,10,10,True,True,1.0,,,"[""CSCO"",""ORCL"",""PYPL"",""JCI"",""CSX"",""CHKP"",""UNP"",""MCHP"",""RTX"",""LHX""]","[""CSCO"",""ORCL"",""PYPL"",""JCI"",""CSX"",""CHKP"",""UNP"",""MCHP"",""RTX"",""LHX""]"
2024-03-29,ai_peripheral,7,7,True,True,1.0,,,"[""PYPL"",""JCI"",""CSX"",""UNP"",""RTX"",""LHX"",""NOC""]","[""PYPL"",""JCI"",""CSX"",""UNP"",""RTX"",""LHX"",""NOC""]"
2024-03-29,ALL,14,14,True,True,1.0,,,"[""CSCO"",""PYPL"",""TXN"",""FTNT"",""WDAY"",""ORCL"",""JCI"",""CSX"",""CHKP"",""UNP"",""MCHP"",""RTX"",""LHX"",""NOC""]","[""CSCO"",""PYPL"",""TXN"",""FTNT"",""WDAY"",""ORCL"",""JCI"",""CSX"",""CHKP"",""UNP"",""MCHP"",""RTX"",""LHX"",""NOC""]"
2024-04-30,core_ai,6,6,True,True,1.0,,,"[""CSCO"",""PYPL"",""TSLA"",""AAPL"",""PANW"",""TXN""]","[""CSCO"",""PYPL"",""TSLA"",""AAPL"",""PANW"",""TXN""]"
2024-04-30,ai_enabler,10,10,True,True,1.0,,,"[""CSCO"",""PYPL"",""CAT"",""JCI"",""LMT"",""UNP"",""TSLA"",""HII"",""MCHP"",""ABNB""]","[""CSCO"",""PYPL"",""CAT"",""JCI"",""LMT"",""UNP"",""TSLA"",""HII"",""MCHP"",""ABNB""]"
2024-04-30,ai_peripheral,10,10,True,True,1.0,,,"[""PYPL"",""CAT"",""CRH"",""JCI"",""LMT"",""HII"",""UNP"",""GD"",""STLD"",""VMC""]","[""PYPL"",""CAT"",""CRH"",""JCI"",""LMT"",""HII"",""UNP"",""GD"",""STLD"",""VMC""]"
2024-04-30,ALL,17,17,True,True,1.0,,,"[""CSCO"",""PYPL"",""TSLA"",""AAPL"",""PANW"",""TXN"",""CAT"",""JCI"",""LMT"",""UNP"",""HII"",""MCHP"",""ABNB"",""CRH"",""GD"",""STLD"",""VMC""]","[""CSCO"",""PYPL"",""TSLA"",""AAPL"",""PANW"",""TXN"",""CAT"",""JCI"",""LMT"",""UNP"",""HII"",""MCHP"",""ABNB"",""CRH"",""GD"",""STLD"",""VMC""]"
2024-05-31,core_ai,5,5,True,True,1.0,,,"[""ZM"",""ORCL"",""PYPL"",""TSLA"",""PANW""]","[""ZM"",""ORCL"",""PYPL"",""TSLA"",""PANW""]"
2024-05-31,ai_enabler,10,10,True,True,1.0,,,"[""ZM"",""ORCL"",""PYPL"",""CAT"",""AMZN"",""LMT"",""TSLA"",""PH"",""UNP"",""AAPL""]","[""ZM"",""ORCL"",""PYPL"",""CAT"",""AMZN"",""LMT"",""TSLA"",""PH"",""UNP"",""AAPL""]"
2024-05-31,ai_peripheral,7,7,True,True,1.0,,,"[""PYPL"",""CAT"",""LMT"",""PH"",""UNP"",""STLD"",""VMC""]","[""PYPL"",""CAT"",""LMT"",""PH"",""UNP"",""STLD"",""VMC""]"
2024-05-31,ALL,13,13,True,True,1.0,,,"[""ZM"",""ORCL"",""PYPL"",""TSLA"",""PANW"",""CAT"",""AMZN"",""LMT"",""PH"",""UNP"",""AAPL"",""STLD"",""VMC""]","[""ZM"",""ORCL"",""PYPL"",""TSLA"",""PANW"",""CAT"",""AMZN"",""LMT"",""PH"",""UNP"",""AAPL"",""STLD"",""VMC""]"
2024-06-28,core_ai,8,8,True,True,1.0,,,"[""CAT"",""CRM"",""TSLA"",""ABNB"",""MCHP"",""DT"",""FTNT"",""AMD""]","[""CAT"",""CRM"",""TSLA"",""ABNB"",""MCHP"",""DT"",""FTNT"",""AMD""]"
2024-06-28,ai_enabler,10,10,True,True,1.0,,,"[""CAT"",""CRM"",""LMT"",""PH"",""UNP"",""TSLA"",""ABNB"",""AKAM"",""GD"",""VMC""]","[""CAT"",""CRM"",""LMT"",""PH"",""UNP"",""TSLA"",""ABNB"",""AKAM"",""GD"",""VMC""]"
2024-06-28,ai_peripheral,9,9,True,True,1.0,,,"[""CAT"",""LMT"",""PH"",""UNP"",""STLD"",""GD"",""RTX"",""VMC"",""UBER""]","[""CAT"",""LMT"",""PH"",""UNP"",""STLD"",""GD"",""RTX"",""VMC"",""UBER""]"
2024-06-28,ALL,17,17,True,True,1.0,,,"[""CAT"",""CRM"",""TSLA"",""ABNB"",""MCHP"",""DT"",""FTNT"",""AMD"",""LMT"",""PH"",""UNP"",""AKAM"",""GD"",""VMC"",""STLD"",""RTX"",""UBER""]","[""CAT"",""CRM"",""TSLA"",""ABNB"",""MCHP"",""DT"",""FTNT"",""AMD"",""LMT"",""PH"",""UNP"",""AKAM"",""GD"",""VMC"",""STLD"",""RTX"",""UBER""]"
2024-07-31,core_ai,10,10,True,True,1.0,,,"[""CRM"",""NFLX"",""CAT"",""PYPL"",""QCOM"",""MSFT"",""NXPI"",""PANW"",""LHX"",""MCHP""]","[""CRM"",""NFLX"",""CAT"",""PYPL"",""QCOM"",""MSFT"",""NXPI"",""PANW"",""LHX"",""MCHP""]"
2024-07-31,ai_enabler,10,10,True,True,1.0,,,"[""PYPL"",""NFLX"",""CRM"",""CAT"",""AMZN"",""GOOGL"",""ETN"",""UNP"",""QCOM"",""TSLA""]","[""PYPL"",""NFLX"",""CRM"",""CAT"",""AMZN"",""GOOGL"",""ETN"",""UNP"",""QCOM"",""TSLA""]"
2024-07-31,ai_peripheral,9,9,True,True,1.0,,,"[""PYPL"",""CAT"",""CRH"",""UNP"",""ETN"",""LHX"",""STLD"",""PWR"",""NOC""]","[""PYPL"",""CAT"",""CRH"",""UNP"",""ETN"",""LHX"",""STLD"",""PWR"",""NOC""]"
2024-07-31,ALL,19,19,True,True,1.0,,,"[""CRM"",""NFLX"",""CAT"",""PYPL"",""QCOM"",""MSFT"",""NXPI"",""PANW"",""LHX"",""MCHP"",""AMZN"",""GOOGL"",""ETN"",""UNP"",""TSLA"",""CRH"",""STLD"",""PWR"",""NOC""]","[""CRM"",""NFLX"",""CAT"",""PYPL"",""QCOM"",""MSFT"",""NXPI"",""PANW"",""LHX"",""MCHP"",""AMZN"",""GOOGL"",""ETN"",""UNP"",""TSLA"",""CRH"",""STLD"",""PWR"",""NOC""]"
2024-08-30,core_ai,8,8,True,True,1.0,,,"[""CRM"",""GOOGL"",""AMZN"",""GOOG"",""TSLA"",""NXPI"",""MCHP"",""AMD""]","[""CRM"",""GOOGL"",""AMZN"",""GOOG"",""TSLA"",""NXPI"",""MCHP"",""AMD""]"
2024-08-30,ai_enabler,10,10,True,True,1.0,,,"[""CRM"",""GOOGL"",""FCX"",""AMZN"",""CAT"",""VRT"",""GOOG"",""ETN"",""NXPI"",""TSLA""]","[""CRM"",""GOOGL"",""FCX"",""AMZN"",""CAT"",""VRT"",""GOOG"",""ETN"",""NXPI"",""TSLA""]"
2024-08-30,ai_peripheral,10,10,True,True,1.0,,,"[""PYPL"",""FCX"",""CAT"",""VRT"",""GE"",""ETN"",""CMI"",""LHX"",""BAH"",""PWR""]","[""PYPL"",""FCX"",""CAT"",""VRT"",""GE"",""ETN"",""CMI"",""LHX"",""BAH"",""PWR""]"
2024-08-30,ALL,18,18,True,True,1.0,,,"[""CRM"",""GOOGL"",""AMZN"",""GOOG"",""TSLA"",""NXPI"",""MCHP"",""AMD"",""FCX"",""CAT"",""VRT"",""ETN"",""PYPL"",""GE"",""CMI"",""LHX"",""BAH"",""PWR""]","[""CRM"",""GOOGL"",""AMZN"",""GOOG"",""TSLA"",""NXPI"",""MCHP"",""AMD"",""FCX"",""CAT"",""VRT"",""ETN"",""PYPL"",""GE"",""CMI"",""LHX"",""BAH"",""PWR""]"
2024-09-30,core_ai,7,7,True,True,1.0,,,"[""GOOGL"",""CRM"",""GOOG"",""CSCO"",""MCHP"",""TER"",""AMD""]","[""GOOGL"",""CRM"",""GOOG"",""CSCO"",""MCHP"",""TER"",""AMD""]"
2024-09-30,ai_enabler,10,10,True,True,1.0,,,"[""GOOGL"",""FCX"",""CRM"",""GOOG"",""AMZN"",""CSCO"",""UNP"",""ETN"",""LHX"",""MCHP""]","[""GOOGL"",""FCX"",""CRM"",""GOOG"",""AMZN"",""CSCO"",""UNP"",""ETN"",""LHX"",""MCHP""]"
2024-09-30,ai_peripheral,8,8,True,True,1.0,,,"[""FCX"",""UNP"",""ETN"",""ACN"",""LHX"",""GD"",""NOC"",""UBER""]","[""FCX"",""UNP"",""ETN"",""ACN"",""LHX"",""GD"",""NOC"",""UBER""]"
2024-09-30,ALL,16,16,True,True,1.0,,,"[""GOOGL"",""CRM"",""GOOG"",""CSCO"",""MCHP"",""TER"",""AMD"",""FCX"",""AMZN"",""UNP"",""ETN"",""LHX"",""ACN"",""GD"",""NOC"",""UBER""]","[""GOOGL"",""CRM"",""GOOG"",""CSCO"",""MCHP"",""TER"",""AMD"",""FCX"",""AMZN"",""UNP"",""ETN"",""LHX"",""ACN"",""GD"",""NOC"",""UBER""]"
2024-10-31,core_ai,7,7,True,True,1.0,,,"[""GOOGL"",""AMZN"",""CRM"",""MSFT"",""AMD"",""MPWR"",""MU""]","[""GOOGL"",""AMZN"",""CRM"",""MSFT"",""AMD"",""MPWR"",""MU""]"
2024-10-31,ai_enabler,10,10,True,True,1.0,,,"[""FCX"",""CAT"",""GOOGL"",""UNP"",""AMZN"",""GOOG"",""CSCO"",""RTX"",""CRM"",""ETN""]","[""FCX"",""CAT"",""GOOGL"",""UNP"",""AMZN"",""GOOG"",""CSCO"",""RTX"",""CRM"",""ETN""]"
2024-10-31,ai_peripheral,10,10,True,True,1.0,,,"[""FCX"",""CAT"",""UNP"",""RTX"",""CMI"",""ETN"",""GD"",""UBER"",""TT"",""LHX""]","[""FCX"",""CAT"",""UNP"",""RTX"",""CMI"",""ETN"",""GD"",""UBER"",""TT"",""LHX""]"
2024-10-31,ALL,19,19,True,True,1.0,,,"[""GOOGL"",""AMZN"",""CRM"",""MSFT"",""AMD"",""MPWR"",""MU"",""FCX"",""CAT"",""UNP"",""GOOG"",""CSCO"",""RTX"",""ETN"",""CMI"",""GD"",""UBER"",""TT"",""LHX""]","[""GOOGL"",""AMZN"",""CRM"",""MSFT"",""AMD"",""MPWR"",""MU"",""FCX"",""CAT"",""UNP"",""GOOG"",""CSCO"",""RTX"",""ETN"",""CMI"",""GD"",""UBER"",""TT"",""LHX""]"
2024-11-29,core_ai,8,8,True,True,1.0,,,"[""GOOGL"",""LRCX"",""GOOG"",""QCOM"",""MSFT"",""TXN"",""TER"",""AMD""]","[""GOOGL"",""LRCX"",""GOOG"",""QCOM"",""MSFT"",""TXN"",""TER"",""AMD""]"
2024-11-29,ai_enabler,10,10,True,True,1.0,,,"[""FCX"",""GOOGL"",""LDOS"",""GOOG"",""QCOM"",""LRCX"",""UNP"",""AMZN"",""RTX"",""HII""]","[""FCX"",""GOOGL"",""LDOS"",""GOOG"",""QCOM"",""LRCX"",""UNP"",""AMZN"",""RTX"",""HII""]"
2024-11-29,ai_peripheral,10,10,True,True,1.0,,,"[""FCX"",""HII"",""RTX"",""CAT"",""UNP"",""GE"",""ACN"",""GD"",""UBER"",""VMC""]","[""FCX"",""HII"",""RTX"",""CAT"",""UNP"",""GE"",""ACN"",""GD"",""UBER"",""VMC""]"
2024-11-29,ALL,20,20,True,True,1.0,,,"[""GOOGL"",""LRCX"",""GOOG"",""QCOM"",""MSFT"",""TXN"",""TER"",""AMD"",""FCX"",""LDOS"",""UNP"",""AMZN"",""RTX"",""HII"",""CAT"",""GE"",""ACN"",""GD"",""UBER"",""VMC""]","[""GOOGL"",""LRCX"",""GOOG"",""QCOM"",""MSFT"",""TXN"",""TER"",""AMD"",""FCX"",""LDOS"",""UNP"",""AMZN"",""RTX"",""HII"",""CAT"",""GE"",""ACN"",""GD"",""UBER"",""VMC""]"
2024-12-31,core_ai,7,7,True,True,1.0,,,"[""MSFT"",""DIS"",""PANW"",""PTC"",""WDAY"",""MPWR"",""TER""]","[""MSFT"",""DIS"",""PANW"",""PTC"",""WDAY"",""MPWR"",""TER""]"
2024-12-31,ai_enabler,10,10,True,True,1.0,,,"[""RTX"",""GOOGL"",""CRH"",""CHKP"",""EME"",""GOOG"",""HII"",""PH"",""GD"",""DIS""]","[""RTX"",""GOOGL"",""CRH"",""CHKP"",""EME"",""GOOG"",""HII"",""PH"",""GD"",""DIS""]"
2024-12-31,ai_peripheral,10,10,True,True,1.0,,,"[""RTX"",""EME"",""HII"",""CRH"",""PH"",""GD"",""VRT"",""CMI"",""VMC"",""EMR""]","[""RTX"",""EME"",""HII"",""CRH"",""PH"",""GD"",""VRT"",""CMI"",""VMC"",""EMR""]"
2024-12-31,ALL,20,20,True,True,1.0,,,"[""MSFT"",""DIS"",""PANW"",""PTC"",""WDAY"",""MPWR"",""TER"",""RTX"",""GOOGL"",""CRH"",""CHKP"",""EME"",""GOOG"",""HII"",""PH"",""GD"",""VRT"",""CMI"",""VMC"",""EMR""]","[""MSFT"",""DIS"",""PANW"",""PTC"",""WDAY"",""MPWR"",""TER"",""RTX"",""GOOGL"",""CRH"",""CHKP"",""EME"",""GOOG"",""HII"",""PH"",""GD"",""VRT"",""CMI"",""VMC"",""EMR""]"
2025-01-31,core_ai,10,10,True,True,1.0,,,"[""KLAC"",""MSFT"",""ORCL"",""QCOM"",""LDOS"",""LRCX"",""DIS"",""BWXT"",""PANW"",""AMD""]","[""KLAC"",""MSFT"",""ORCL"",""QCOM"",""LDOS"",""LRCX"",""DIS"",""BWXT"",""PANW"",""AMD""]"
2025-01-31,ai_enabler,10,10,True,True,1.0,,,"[""KLAC"",""LDOS"",""QCOM"",""LRCX"",""EME"",""UNP"",""CRH"",""ORCL"",""MSFT"",""BAH""]","[""KLAC"",""LDOS"",""QCOM"",""LRCX"",""EME"",""UNP"",""CRH"",""ORCL"",""MSFT"",""BAH""]"
2025-01-31,ai_peripheral,10,10,True,True,1.0,,,"[""EME"",""RTX"",""CRH"",""BAH"",""NOC"",""UNP"",""GD"",""UBER"",""ETN"",""VRT""]","[""EME"",""RTX"",""CRH"",""BAH"",""NOC"",""UNP"",""GD"",""UBER"",""ETN"",""VRT""]"
2025-01-31,ALL,20,20,True,True,1.0,,,"[""KLAC"",""MSFT"",""ORCL"",""QCOM"",""LDOS"",""LRCX"",""DIS"",""BWXT"",""PANW"",""AMD"",""EME"",""UNP"",""CRH"",""BAH"",""RTX"",""NOC"",""GD"",""UBER"",""ETN"",""VRT""]","[""KLAC"",""MSFT"",""ORCL"",""QCOM"",""LDOS"",""LRCX"",""DIS"",""BWXT"",""PANW"",""AMD"",""EME"",""UNP"",""CRH"",""BAH"",""RTX"",""NOC"",""GD"",""UBER"",""ETN"",""VRT""]"
2025-02-28,core_ai,10,10,True,True,1.0,,,"[""KLAC"",""GOOGL"",""GOOG"",""LRCX"",""MSFT"",""AMZN"",""LHX"",""NVDA"",""TXN"",""MPWR""]","[""KLAC"",""GOOGL"",""GOOG"",""LRCX"",""MSFT"",""AMZN"",""LHX"",""NVDA"",""TXN"",""MPWR""]"
2025-02-28,ai_enabler,10,10,True,True,1.0,,,"[""KLAC"",""FCX"",""GOOGL"",""GOOG"",""LRCX"",""UNP"",""AMZN"",""ORCL"",""GD"",""NOC""]","[""KLAC"",""FCX"",""GOOGL"",""GOOG"",""LRCX"",""UNP"",""AMZN"",""ORCL"",""GD"",""NOC""]"
2025-02-28,ai_peripheral,9,9,True,True,1.0,,,"[""FCX"",""NOC"",""NSC"",""LHX"",""GD"",""UNP"",""CRH"",""CMI"",""TT""]","[""FCX"",""NOC"",""NSC"",""LHX"",""GD"",""UNP"",""CRH"",""CMI"",""TT""]"
2025-02-28,ALL,19,19,True,True,1.0,,,"[""KLAC"",""GOOGL"",""GOOG"",""LRCX"",""MSFT"",""AMZN"",""LHX"",""NVDA"",""TXN"",""MPWR"",""FCX"",""UNP"",""ORCL"",""GD"",""NOC"",""NSC"",""CRH"",""CMI"",""TT""]","[""KLAC"",""GOOGL"",""GOOG"",""LRCX"",""MSFT"",""AMZN"",""LHX"",""NVDA"",""TXN"",""MPWR"",""FCX"",""UNP"",""ORCL"",""GD"",""NOC"",""NSC"",""CRH"",""CMI"",""TT""]"
2025-05-30,core_ai,10,10,True,True,1.0,,,"[""KLAC"",""GOOGL"",""CRM"",""PYPL"",""QCOM"",""LRCX"",""ANET"",""AMZN"",""LHX"",""TER""]","[""KLAC"",""GOOGL"",""CRM"",""PYPL"",""QCOM"",""LRCX"",""ANET"",""AMZN"",""LHX"",""TER""]"
2025-05-30,ai_enabler,10,10,True,True,1.0,,,"[""KLAC"",""PYPL"",""GOOGL"",""FCX"",""CRM"",""QCOM"",""LRCX"",""CSCO"",""EME"",""AMZN""]","[""KLAC"",""PYPL"",""GOOGL"",""FCX"",""CRM"",""QCOM"",""LRCX"",""CSCO"",""EME"",""AMZN""]"
2025-05-30,ai_peripheral,10,10,True,True,1.0,,,"[""PYPL"",""FCX"",""EME"",""ACN"",""RTX"",""GD"",""PH"",""LHX"",""ETN"",""VRT""]","[""PYPL"",""FCX"",""EME"",""ACN"",""RTX"",""GD"",""PH"",""LHX"",""ETN"",""VRT""]"
2025-05-30,ALL,19,19,True,True,1.0,,,"[""KLAC"",""GOOGL"",""CRM"",""PYPL"",""QCOM"",""LRCX"",""ANET"",""AMZN"",""LHX"",""TER"",""FCX"",""CSCO"",""EME"",""ACN"",""RTX"",""GD"",""PH"",""ETN"",""VRT""]","[""KLAC"",""GOOGL"",""CRM"",""PYPL"",""QCOM"",""LRCX"",""ANET"",""AMZN"",""LHX"",""TER"",""FCX"",""CSCO"",""EME"",""ACN"",""RTX"",""GD"",""PH"",""ETN"",""VRT""]"
2025-06-30,core_ai,10,10,True,True,1.0,,,"[""GOOGL"",""CRM"",""GOOG"",""QCOM"",""AMAT"",""AMZN"",""ANET"",""CAT"",""LHX"",""TER""]","[""GOOGL"",""CRM"",""GOOG"",""QCOM"",""AMAT"",""AMZN"",""ANET"",""CAT"",""LHX"",""TER""]"
2025-06-30,ai_enabler,10,10,True,True,1.0,,,"[""PYPL"",""GOOGL"",""GOOG"",""FCX"",""QCOM"",""AMAT"",""BAH"",""AMZN"",""GD"",""PH""]","[""PYPL"",""GOOGL"",""GOOG"",""FCX"",""QCOM"",""AMAT"",""BAH"",""AMZN"",""GD"",""PH""]"
2025-06-30,ai_peripheral,10,10,True,True,1.0,,,"[""PYPL"",""FCX"",""BAH"",""RTX"",""GD"",""LHX"",""NOC"",""CAT"",""PH"",""ETN""]","[""PYPL"",""FCX"",""BAH"",""RTX"",""GD"",""LHX"",""NOC"",""CAT"",""PH"",""ETN""]"
2025-06-30,ALL,18,18,True,True,1.0,,,"[""GOOGL"",""CRM"",""GOOG"",""QCOM"",""AMAT"",""AMZN"",""ANET"",""CAT"",""LHX"",""TER"",""PYPL"",""FCX"",""BAH"",""GD"",""PH"",""RTX"",""NOC"",""ETN""]","[""GOOGL"",""CRM"",""GOOG"",""QCOM"",""AMAT"",""AMZN"",""ANET"",""CAT"",""LHX"",""TER"",""PYPL"",""FCX"",""BAH"",""GD"",""PH"",""RTX"",""NOC"",""ETN""]"
2025-07-31,core_ai,8,8,True,True,1.0,,,"[""CRM"",""GOOGL"",""PYPL"",""QCOM"",""AMAT"",""TER"",""FTNT"",""ARM""]","[""CRM"",""GOOGL"",""PYPL"",""QCOM"",""AMAT"",""TER"",""FTNT"",""ARM""]"
2025-07-31,ai_enabler,10,10,True,True,1.0,,,"[""PYPL"",""CRM"",""GOOGL"",""FCX"",""QCOM"",""AMAT"",""BAH"",""GD"",""NSC"",""AMZN""]","[""PYPL"",""CRM"",""GOOGL"",""FCX"",""QCOM"",""AMAT"",""BAH"",""GD"",""NSC"",""AMZN""]"
2025-07-31,ai_peripheral,10,10,True,True,1.0,,,"[""PYPL"",""FCX"",""BAH"",""CMI"",""GD"",""NSC"",""CSX"",""PH"",""ETN"",""TT""]","[""PYPL"",""FCX"",""BAH"",""CMI"",""GD"",""NSC"",""CSX"",""PH"",""ETN"",""TT""]"
2025-07-31,ALL,18,18,True,True,1.0,,,"[""CRM"",""GOOGL"",""PYPL"",""QCOM"",""AMAT"",""TER"",""FTNT"",""ARM"",""FCX"",""BAH"",""GD"",""NSC"",""AMZN"",""CMI"",""CSX"",""PH"",""ETN"",""TT""]","[""CRM"",""GOOGL"",""PYPL"",""QCOM"",""AMAT"",""TER"",""FTNT"",""ARM"",""FCX"",""BAH"",""GD"",""NSC"",""AMZN"",""CMI"",""CSX"",""PH"",""ETN"",""TT""]"
2025-08-29,core_ai,7,7,True,True,1.0,,,"[""CRM"",""NOW"",""PYPL"",""QCOM"",""NXPI"",""TXN"",""PANW""]","[""CRM"",""NOW"",""PYPL"",""QCOM"",""NXPI"",""TXN"",""PANW""]"
2025-08-29,ai_enabler,10,10,True,True,1.0,,,"[""NOW"",""PYPL"",""CRM"",""NFLX"",""VRT"",""QCOM"",""BAH"",""NSC"",""AMZN"",""ETN""]","[""NOW"",""PYPL"",""CRM"",""NFLX"",""VRT"",""QCOM"",""BAH"",""NSC"",""AMZN"",""ETN""]"
2025-08-29,ai_peripheral,10,10,True,True,1.0,,,"[""PYPL"",""ACN"",""VRT"",""BAH"",""CMI"",""JCI"",""NSC"",""ETN"",""PWR"",""NUE""]","[""PYPL"",""ACN"",""VRT"",""BAH"",""CMI"",""JCI"",""NSC"",""ETN"",""PWR"",""NUE""]"
2025-08-29,ALL,18,18,True,True,1.0,,,"[""CRM"",""NOW"",""PYPL"",""QCOM"",""NXPI"",""TXN"",""PANW"",""NFLX"",""VRT"",""BAH"",""NSC"",""AMZN"",""ETN"",""ACN"",""CMI"",""JCI"",""PWR"",""NUE""]","[""CRM"",""NOW"",""PYPL"",""QCOM"",""NXPI"",""TXN"",""PANW"",""NFLX"",""VRT"",""BAH"",""NSC"",""AMZN"",""ETN"",""ACN"",""CMI"",""JCI"",""PWR"",""NUE""]"
2025-09-30,core_ai,8,8,True,True,1.0,,,"[""NOW"",""PYPL"",""NFLX"",""ZM"",""QCOM"",""AMZN"",""DIS"",""FTNT""]","[""NOW"",""PYPL"",""NFLX"",""ZM"",""QCOM"",""AMZN"",""DIS"",""FTNT""]"
2025-09-30,ai_enabler,10,10,True,True,1.0,,,"[""NOW"",""PYPL"",""NFLX"",""ACN"",""UNP"",""QCOM"",""CSCO"",""CSX"",""AMZN"",""ETN""]","[""NOW"",""PYPL"",""NFLX"",""ACN"",""UNP"",""QCOM"",""CSCO"",""CSX"",""AMZN"",""ETN""]"
2025-09-30,ai_peripheral,9,9,True,True,1.0,,,"[""PYPL"",""ACN"",""UNP"",""LMT"",""CSX"",""PH"",""ETN"",""TT"",""STLD""]","[""PYPL"",""ACN"",""UNP"",""LMT"",""CSX"",""PH"",""ETN"",""TT"",""STLD""]"
2025-09-30,ALL,17,17,True,True,1.0,,,"[""NOW"",""PYPL"",""NFLX"",""ZM"",""QCOM"",""AMZN"",""DIS"",""FTNT"",""ACN"",""UNP"",""CSCO"",""CSX"",""ETN"",""LMT"",""PH"",""TT"",""STLD""]","[""NOW"",""PYPL"",""NFLX"",""ZM"",""QCOM"",""AMZN"",""DIS"",""FTNT"",""ACN"",""UNP"",""CSCO"",""CSX"",""ETN"",""LMT"",""PH"",""TT"",""STLD""]"
2025-10-31,core_ai,7,7,True,True,1.0,,,"[""NOW"",""PYPL"",""CRM"",""NFLX"",""DIS"",""FTNT"",""ADI""]","[""NOW"",""PYPL"",""CRM"",""NFLX"",""DIS"",""FTNT"",""ADI""]"
2025-10-31,ai_enabler,10,10,True,True,1.0,,,"[""NOW"",""PYPL"",""NFLX"",""ACN"",""QCOM"",""VMC"",""LMT"",""DIS"",""NSC"",""ETN""]","[""NOW"",""PYPL"",""NFLX"",""ACN"",""QCOM"",""VMC"",""LMT"",""DIS"",""NSC"",""ETN""]"
2025-10-31,ai_peripheral,10,10,True,True,1.0,,,"[""PYPL"",""ACN"",""VMC"",""LMT"",""NSC"",""NOC"",""CRH"",""PH"",""ETN"",""UBER""]","[""PYPL"",""ACN"",""VMC"",""LMT"",""NSC"",""NOC"",""CRH"",""PH"",""ETN"",""UBER""]"
2025-10-31,ALL,17,17,True,True,1.0,,,"[""NOW"",""PYPL"",""CRM"",""NFLX"",""DIS"",""FTNT"",""ADI"",""ACN"",""QCOM"",""VMC"",""LMT"",""NSC"",""ETN"",""NOC"",""CRH"",""PH"",""UBER""]","[""NOW"",""PYPL"",""CRM"",""NFLX"",""DIS"",""FTNT"",""ADI"",""ACN"",""QCOM"",""VMC"",""LMT"",""NSC"",""ETN"",""NOC"",""CRH"",""PH"",""UBER""]"
2025-11-28,core_ai,6,6,True,True,1.0,,,"[""NFLX"",""ZM"",""AMZN"",""TXN"",""META"",""FTNT""]","[""NFLX"",""ZM"",""AMZN"",""TXN"",""META"",""FTNT""]"
2025-11-28,ai_enabler,10,10,True,True,1.0,,,"[""NFLX"",""ACN"",""ZM"",""GD"",""AMZN"",""VMC"",""NSC"",""CSX"",""TXN"",""META""]","[""NFLX"",""ACN"",""ZM"",""GD"",""AMZN"",""VMC"",""NSC"",""CSX"",""TXN"",""META""]"
2025-11-28,ai_peripheral,7,7,True,True,1.0,,,"[""ACN"",""EME"",""GD"",""VMC"",""CSX"",""NSC"",""TT""]","[""ACN"",""EME"",""GD"",""VMC"",""CSX"",""NSC"",""TT""]"
2025-11-28,ALL,13,13,True,True,1.0,,,"[""NFLX"",""ZM"",""AMZN"",""TXN"",""META"",""FTNT"",""ACN"",""GD"",""VMC"",""NSC"",""CSX"",""EME"",""TT""]","[""NFLX"",""ZM"",""AMZN"",""TXN"",""META"",""FTNT"",""ACN"",""GD"",""VMC"",""NSC"",""CSX"",""EME"",""TT""]"
2025-12-31,core_ai,7,7,True,True,1.0,,,"[""CRM"",""ADBE"",""AMZN"",""ZM"",""TXN"",""DIS"",""FTNT""]","[""CRM"",""ADBE"",""AMZN"",""ZM"",""TXN"",""DIS"",""FTNT""]"
2025-12-31,ai_enabler,10,10,True,True,1.0,,,"[""ADBE"",""CRM"",""ACN"",""EME"",""ETN"",""GD"",""AMZN"",""VMC"",""NSC"",""DIS""]","[""ADBE"",""CRM"",""ACN"",""EME"",""ETN"",""GD"",""AMZN"",""VMC"",""NSC"",""DIS""]"
2025-12-31,ai_peripheral,10,10,True,True,1.0,,,"[""ACN"",""EME"",""GD"",""VMC"",""ETN"",""NSC"",""HWM"",""SRE"",""BWXT"",""EQIX""]","[""ACN"",""EME"",""GD"",""VMC"",""ETN"",""NSC"",""HWM"",""SRE"",""BWXT"",""EQIX""]"
2025-12-31,ALL,17,17,True,True,1.0,,,"[""CRM"",""ADBE"",""AMZN"",""ZM"",""TXN"",""DIS"",""FTNT"",""ACN"",""EME"",""ETN"",""GD"",""VMC"",""NSC"",""HWM"",""SRE"",""BWXT"",""EQIX""]","[""CRM"",""ADBE"",""AMZN"",""ZM"",""TXN"",""DIS"",""FTNT"",""ACN"",""EME"",""ETN"",""GD"",""VMC"",""NSC"",""HWM"",""SRE"",""BWXT"",""EQIX""]"
2026-01-30,core_ai,8,8,True,True,1.0,,,"[""AMZN"",""LDOS"",""ABNB"",""DIS"",""AAPL"",""META"",""FTNT"",""AVGO""]","[""AMZN"",""LDOS"",""ABNB"",""DIS"",""AAPL"",""META"",""FTNT"",""AVGO""]"
2026-01-30,ai_enabler,10,10,True,True,1.0,,,"[""UNP"",""ACN"",""GD"",""LDOS"",""ETN"",""UPS"",""AMZN"",""ZM"",""VMC"",""SMR""]","[""UNP"",""ACN"",""GD"",""LDOS"",""ETN"",""UPS"",""AMZN"",""ZM"",""VMC"",""SMR""]"
2026-01-30,ai_peripheral,10,10,True,True,1.0,,,"[""ACN"",""UNP"",""GD"",""UPS"",""VMC"",""ETN"",""NSC"",""CRH"",""HWM"",""SRE""]","[""ACN"",""UNP"",""GD"",""UPS"",""VMC"",""ETN"",""NSC"",""CRH"",""HWM"",""SRE""]"
2026-01-30,ALL,20,20,True,True,1.0,,,"[""AMZN"",""LDOS"",""ABNB"",""DIS"",""AAPL"",""META"",""FTNT"",""AVGO"",""UNP"",""ACN"",""GD"",""ETN"",""UPS"",""ZM"",""VMC"",""SMR"",""NSC"",""CRH"",""HWM"",""SRE""]","[""AMZN"",""LDOS"",""ABNB"",""DIS"",""AAPL"",""META"",""FTNT"",""AVGO"",""UNP"",""ACN"",""GD"",""ETN"",""UPS"",""ZM"",""VMC"",""SMR"",""NSC"",""CRH"",""HWM"",""SRE""]"
2026-02-27,core_ai,10,10,True,True,1.0,,,"[""CSCO"",""NFLX"",""ANET"",""TXN"",""ABNB"",""DIS"",""AVGO"",""FTNT"",""CEG"",""TWLO""]","[""CSCO"",""NFLX"",""ANET"",""TXN"",""ABNB"",""DIS"",""AVGO"",""FTNT"",""CEG"",""TWLO""]"
2026-02-27,ai_enabler,10,10,True,True,1.0,,,"[""NFLX"",""CSCO"",""CRH"",""GD"",""ETN"",""VMC"",""DIS"",""ABNB"",""TXN"",""ANET""]","[""NFLX"",""CSCO"",""CRH"",""GD"",""ETN"",""VMC"",""DIS"",""ABNB"",""TXN"",""ANET""]"
2026-02-27,ai_peripheral,7,7,True,True,1.0,,,"[""EME"",""CRH"",""GD"",""VMC"",""ETN"",""TT"",""CEG""]","[""EME"",""CRH"",""GD"",""VMC"",""ETN"",""TT"",""CEG""]"
2026-02-27,ALL,16,16,True,True,1.0,,,"[""CSCO"",""NFLX"",""ANET"",""TXN"",""ABNB"",""DIS"",""AVGO"",""FTNT"",""CEG"",""TWLO"",""CRH"",""GD"",""ETN"",""VMC"",""EME"",""TT""]","[""CSCO"",""NFLX"",""ANET"",""TXN"",""ABNB"",""DIS"",""AVGO"",""FTNT"",""CEG"",""TWLO"",""CRH"",""GD"",""ETN"",""VMC"",""EME"",""TT""]"
2026-04-30,core_ai,8,8,True,True,1.0,,,"[""PYPL"",""UBER"",""NFLX"",""META"",""DIS"",""FTNT"",""CEG"",""PANW""]","[""PYPL"",""UBER"",""NFLX"",""META"",""DIS"",""FTNT"",""CEG"",""PANW""]"
2026-04-30,ai_enabler,10,10,True,True,1.0,,,"[""PYPL"",""UBER"",""NFLX"",""CRH"",""GD"",""GE"",""VMC"",""DIS"",""PH"",""META""]","[""PYPL"",""UBER"",""NFLX"",""CRH"",""GD"",""GE"",""VMC"",""DIS"",""PH"",""META""]"
2026-04-30,ai_peripheral,10,10,True,True,1.0,,,"[""PYPL"",""UBER"",""VMC"",""CRH"",""UNP"",""GD"",""GE"",""PH"",""HWM"",""TT""]","[""PYPL"",""UBER"",""VMC"",""CRH"",""UNP"",""GD"",""GE"",""PH"",""HWM"",""TT""]"
2026-04-30,ALL,16,16,True,True,1.0,,,"[""PYPL"",""UBER"",""NFLX"",""META"",""DIS"",""FTNT"",""CEG"",""PANW"",""CRH"",""GD"",""GE"",""VMC"",""PH"",""UNP"",""HWM"",""TT""]","[""PYPL"",""UBER"",""NFLX"",""META"",""DIS"",""FTNT"",""CEG"",""PANW"",""CRH"",""GD"",""GE"",""VMC"",""PH"",""UNP"",""HWM"",""TT""]"
2026-05-29,core_ai,5,5,True,True,1.0,,,"[""CRM"",""WDAY"",""META"",""DIS"",""TSLA""]","[""CRM"",""WDAY"",""META"",""DIS"",""TSLA""]"
2026-05-29,ai_enabler,10,10,True,True,1.0,,,"[""CRM"",""CHKP"",""UNP"",""RTX"",""GD"",""GE"",""ETN"",""NOC"",""NVDA"",""DIS""]","[""CRM"",""CHKP"",""UNP"",""RTX"",""GD"",""GE"",""ETN"",""NOC"",""NVDA"",""DIS""]"
2026-05-29,ai_peripheral,8,8,True,True,1.0,,,"[""RTX"",""EME"",""UNP"",""NOC"",""GE"",""GD"",""ETN"",""TT""]","[""RTX"",""EME"",""UNP"",""NOC"",""GE"",""GD"",""ETN"",""TT""]"
2026-05-29,ALL,15,15,True,True,1.0,,,"[""CRM"",""WDAY"",""META"",""DIS"",""TSLA"",""CHKP"",""UNP"",""RTX"",""GD"",""GE"",""ETN"",""NOC"",""NVDA"",""EME"",""TT""]","[""CRM"",""WDAY"",""META"",""DIS"",""TSLA"",""CHKP"",""UNP"",""RTX"",""GD"",""GE"",""ETN"",""NOC"",""NVDA"",""EME"",""TT""]"
2026-06-30,core_ai,7,7,True,True,1.0,,,"[""PYPL"",""ZM"",""NVDA"",""ORCL"",""AMZN"",""BWXT"",""AVGO""]","[""PYPL"",""ZM"",""NVDA"",""ORCL"",""AMZN"",""BWXT"",""AVGO""]"
2026-06-30,ai_enabler,10,10,True,True,1.0,,,"[""PYPL"",""FCX"",""ZM"",""CRH"",""UNP"",""VMC"",""RTX"",""EME"",""NVDA"",""ORCL""]","[""PYPL"",""FCX"",""ZM"",""CRH"",""UNP"",""VMC"",""RTX"",""EME"",""NVDA"",""ORCL""]"
2026-06-30,ai_peripheral,10,10,True,True,1.0,,,"[""PYPL"",""FCX"",""RTX"",""CRH"",""VMC"",""EME"",""UNP"",""GD"",""ETN"",""PH""]","[""PYPL"",""FCX"",""RTX"",""CRH"",""VMC"",""EME"",""UNP"",""GD"",""ETN"",""PH""]"
2026-06-30,ALL,16,16,True,True,1.0,,,"[""PYPL"",""ZM"",""NVDA"",""ORCL"",""AMZN"",""BWXT"",""AVGO"",""FCX"",""CRH"",""UNP"",""VMC"",""RTX"",""EME"",""GD"",""ETN"",""PH""]","[""PYPL"",""ZM"",""NVDA"",""ORCL"",""AMZN"",""BWXT"",""AVGO"",""FCX"",""CRH"",""UNP"",""VMC"",""RTX"",""EME"",""GD"",""ETN"",""PH""]"
2026-07-31,core_ai,10,10,True,True,1.0,,,"[""CRM"",""ZM"",""DIS"",""NVDA"",""GOOGL"",""ADI"",""SMCI"",""CEG"",""AAPL"",""AVGO""]","[""CRM"",""ZM"",""DIS"",""NVDA"",""GOOGL"",""ADI"",""SMCI"",""CEG"",""AAPL"",""AVGO""]"
2026-07-31,ai_enabler,10,10,True,True,1.0,,,"[""KLAC"",""CRM"",""CHKP"",""LMT"",""FCX"",""EME"",""ZM"",""NOC"",""DIS"",""ETN""]","[""KLAC"",""CRM"",""CHKP"",""LMT"",""FCX"",""EME"",""ZM"",""NOC"",""DIS"",""ETN""]"
2026-07-31,ai_peripheral,10,10,True,True,1.0,,,"[""LMT"",""FCX"",""NOC"",""EME"",""RTX"",""UNP"",""GE"",""GD"",""CMI"",""ETN""]","[""LMT"",""FCX"",""NOC"",""EME"",""RTX"",""UNP"",""GE"",""GD"",""CMI"",""ETN""]"
2026-07-31,ALL,22,22,True,True,1.0,,,"[""CRM"",""ZM"",""DIS"",""NVDA"",""GOOGL"",""ADI"",""SMCI"",""CEG"",""AAPL"",""AVGO"",""KLAC"",""CHKP"",""LMT"",""FCX"",""EME"",""NOC"",""ETN"",""RTX"",""UNP"",""GE"",""GD"",""CMI""]","[""CRM"",""ZM"",""DIS"",""NVDA"",""GOOGL"",""ADI"",""SMCI"",""CEG"",""AAPL"",""AVGO"",""KLAC"",""CHKP"",""LMT"",""FCX"",""EME"",""NOC"",""ETN"",""RTX"",""UNP"",""GE"",""GD"",""CMI""]"
2026-08-31,core_ai,10,10,True,True,1.0,,,"[""PYPL"",""ORCL"",""NFLX"",""ZM"",""AMZN"",""CAT"",""TXN"",""LHX"",""ADI"",""CEG""]","[""PYPL"",""ORCL"",""NFLX"",""ZM"",""AMZN"",""CAT"",""TXN"",""LHX"",""ADI"",""CEG""]"
2026-08-31,ai_enabler,10,10,True,True,1.0,,,"[""PYPL"",""CHKP"",""LMT"",""CRH"",""VMC"",""ORCL"",""NFLX"",""RTX"",""AMZN"",""CAT""]","[""PYPL"",""CHKP"",""LMT"",""CRH"",""VMC"",""ORCL"",""NFLX"",""RTX"",""AMZN"",""CAT""]"
2026-08-31,ai_peripheral,10,10,True,True,1.0,,,"[""PYPL"",""LMT"",""CRH"",""VMC"",""NOC"",""RTX"",""UNP"",""LHX"",""CAT"",""GE""]","[""PYPL"",""LMT"",""CRH"",""VMC"",""NOC"",""RTX"",""UNP"",""LHX"",""CAT"",""GE""]"
2026-08-31,ALL,18,18,True,True,1.0,,,"[""PYPL"",""ORCL"",""NFLX"",""ZM"",""AMZN"",""CAT"",""TXN"",""LHX"",""ADI"",""CEG"",""CHKP"",""LMT"",""CRH"",""VMC"",""RTX"",""NOC"",""UNP"",""GE""]","[""PYPL"",""ORCL"",""NFLX"",""ZM"",""AMZN"",""CAT"",""TXN"",""LHX"",""ADI"",""CEG"",""CHKP"",""LMT"",""CRH"",""VMC"",""RTX"",""NOC"",""UNP"",""GE""]"
2026-09-30,core_ai,10,10,True,True,1.0,,,"[""ORCL"",""PYPL"",""CSCO"",""ZM"",""AMZN"",""CAT"",""QCOM"",""GEV"",""ADI"",""CEG""]","[""ORCL"",""PYPL"",""CSCO"",""ZM"",""AMZN"",""CAT"",""QCOM"",""GEV"",""ADI"",""CEG""]"
2026-09-30,ai_enabler,10,10,True,True,1.0,,,"[""CHKP"",""PYPL"",""CRM"",""FCX"",""EME"",""NUE"",""CSCO"",""AMZN"",""QCOM"",""CAT""]","[""CHKP"",""PYPL"",""CRM"",""FCX"",""EME"",""NUE"",""CSCO"",""AMZN"",""QCOM"",""CAT""]"
2026-09-30,ai_peripheral,10,10,True,True,1.0,,,"[""PYPL"",""FCX"",""EME"",""NUE"",""CAT"",""PH"",""ATI"",""GEV"",""ETN"",""JCI""]","[""PYPL"",""FCX"",""EME"",""NUE"",""CAT"",""PH"",""ATI"",""GEV"",""ETN"",""JCI""]"
2026-09-30,ALL,19,19,True,True,1.0,,,"[""ORCL"",""PYPL"",""CSCO"",""ZM"",""AMZN"",""CAT"",""QCOM"",""GEV"",""ADI"",""CEG"",""CHKP"",""CRM"",""FCX"",""EME"",""NUE"",""PH"",""ATI"",""ETN"",""JCI""]","[""ORCL"",""PYPL"",""CSCO"",""ZM"",""AMZN"",""CAT"",""QCOM"",""GEV"",""ADI"",""CEG"",""CHKP"",""CRM"",""FCX"",""EME"",""NUE"",""PH"",""ATI"",""ETN"",""JCI""]"
