scope,scope_value,horizon_days,n_dates,avg_delta_return,median_delta_return,positive_delta_ratio,worst_delta_return,best_delta_return,mean_selection_jaccard,median_selection_jaccard,top_abs_date_share,loo_mean_min,loo_mean_max
all,ALL,20,41,0.0105945469901245,0.007611974368837829,0.6097560975609756,-0.024691710408287944,0.0677614725040199,0.48045380474719374,0.46153846153846156,0.08263878737070335,0.009165373852277114,0.01147670342508481
all,ALL,60,39,0.027568076687155465,0.017675583715794196,0.6923076923076923,-0.03645340249939818,0.18318941431328278,0.48045380474719374,0.46153846153846156,0.12022985738082892,0.02347277832857317,0.029252852455222664
all,ALL,120,36,0.06599919070029649,0.051911653771442745,0.8611111111111112,-0.08800178427266483,0.3090001470215276,0.48045380474719374,0.46153846153846156,0.1074449094577161,0.0590563062339756,0.07039921855666681
year,2023,20,12,0.002698580322702968,-0.002470526565641916,0.5,-0.017580529993908384,0.06241162395966284,0.49517169535722755,0.4699074074074074,0.37173712713756946,-0.0027298781897479294,0.004542135806031273
year,2023,60,12,0.0310140724805391,0.016015684471932735,0.6666666666666666,-0.03197511032306373,0.18318941431328278,0.49517169535722755,0.4699074074074074,0.35282534792197734,0.017179950495744223,0.03674036182632118
year,2023,120,12,0.0707435238649168,0.04159814272993394,0.9166666666666666,-0.01961624377703383,0.240516830083591,0.49517169535722755,0.4699074074074074,0.27080508616588955,0.05530958693594641,0.07895804819600322
year,2024,20,12,0.012660783676859506,0.011963433656841915,0.75,-0.017407659146702264,0.057329943720273,0.42777302943969614,0.44345238095238093,0.26022230674218666,0.008599950945640096,0.015394278479001483
year,2024,60,12,0.03213842404094125,0.02410056233145281,0.8333333333333334,-0.02957173484477557,0.12926712663547252,0.42777302943969614,0.44345238095238093,0.28424576178523575,0.02330854198689295,0.037748438485097326
year,2024,120,12,0.053210416787324334,0.05474880604355807,1.0,0.0028123708782269996,0.0942173120380423,0.42777302943969614,0.44345238095238093,0.147554617007007,0.04948251721907725,0.057792057324515
year,2025,20,10,0.01681552650258849,0.017611592724135112,0.6,-0.018864309081104813,0.05036554889162809,0.5243042178544428,0.4807692307692308,0.1992776964172144,0.013087746237139644,0.02077995267855441
year,2025,60,10,0.035870822664772366,0.027763243644273263,0.8,-0.03149490878372668,0.14347989785041168,0.5243042178544428,0.4807692307692308,0.32380567541394717,0.02391425875525689,0.04335590393682782
year,2025,120,10,0.08104861690044167,0.09961519033267749,0.6,-0.08800178427266483,0.3090001470215276,0.5243042178544428,0.4807692307692308,0.24308199776426398,0.055720669109209905,0.09983199480856461
year,2026,20,7,0.01170125622492429,0.012890569859694126,0.5714285714285714,-0.024691710408287944,0.0677614725040199,0.4825851154093283,0.47,0.3784964828107115,0.0023578868450750204,0.017766750663792994
year,2026,60,5,-0.008276638821284928,-0.010855102637643693,0.2,-0.03645340249939818,0.032596152497527855,0.4825851154093283,0.47,0.34204299118212467,-0.018494836650988125,-0.0012324479017566167
year,2026,120,2,0.03901870418968171,0.03901870418968171,1.0,0.0002191736174867731,0.07781823476187665,0.4825851154093283,0.47,0.9971914288026928,0.0002191736174867731,0.07781823476187665
regime,down,20,8,0.00868346202872608,0.00863297082639105,0.75,-0.01896605807346427,0.033355469291738715,0.5329110102582741,0.5091666666666667,0.2765913124821487,0.005158889562581418,0.01263339347189613
regime,down,60,7,0.028143788032397258,0.017675583715794196,0.8571428571428571,-0.010855102637643693,0.12926712663547252,0.5329110102582741,0.5091666666666667,0.5910253488974786,0.011289898265218049,0.03464360314407075
regime,down,120,7,0.04464601045290674,0.0402729670476909,0.8571428571428571,-0.02479644885192936,0.10939853948678324,0.5329110102582741,0.5091666666666667,0.3021099603329763,0.033853922280593994,0.05621975367037942
regime,up,20,33,0.011057840314099877,0.007611974368837829,0.5757575757575758,-0.024691710408287944,0.0677614725040199,0.46811093286223365,0.46153846153846156,0.09688833640123368,0.009285851808164877,0.012175013774174497
regime,up,60,32,0.02744213983038383,0.01749465097894401,0.65625,-0.03645340249939818,0.18318941431328278,0.46811093286223365,0.46153846153846156,0.14038114086810732,0.022418034201903216,0.02950328635715099
regime,up,120,29,0.07115340662208024,0.05330638815814646,0.8620689655172413,-0.08800178427266483,0.3090001470215276,0.46811093286223365,0.46153846153846156,0.12292256806714062,0.06265888017924283,0.07683752058260684
