signal_date,channel,actual_n,expected_n,exact_match,order_match,jaccard,actual_only,expected_only
2023-01-31,ai_enabler,10,10,True,True,1.0,,
2023-01-31,ai_peripheral,10,10,True,True,1.0,,
2023-01-31,core_ai,10,10,True,True,1.0,,
2023-02-28,ai_enabler,10,10,True,True,1.0,,
2023-02-28,ai_peripheral,10,10,True,True,1.0,,
2023-02-28,core_ai,10,10,True,True,1.0,,
2023-03-31,ai_enabler,10,10,True,True,1.0,,
2023-03-31,ai_peripheral,9,9,True,True,1.0,,
2023-03-31,core_ai,7,7,True,True,1.0,,
2023-04-28,ai_enabler,10,10,True,True,1.0,,
2023-04-28,ai_peripheral,10,10,True,True,1.0,,
2023-04-28,core_ai,8,8,True,True,1.0,,
2023-05-31,ai_enabler,10,10,False,False,0.8181818181818182,NXPI,ACN
2023-05-31,ai_peripheral,10,10,True,True,1.0,,
2023-05-31,core_ai,5,5,True,True,1.0,,
2023-06-30,ai_enabler,10,10,True,True,1.0,,
2023-06-30,ai_peripheral,10,10,True,True,1.0,,
2023-06-30,core_ai,2,2,True,True,1.0,,
2023-07-31,ai_enabler,10,10,True,True,1.0,,
2023-07-31,ai_peripheral,5,5,True,True,1.0,,
2023-07-31,core_ai,4,4,True,True,1.0,,
2023-08-31,ai_enabler,10,10,True,True,1.0,,
2023-08-31,ai_peripheral,10,10,True,True,1.0,,
2023-08-31,core_ai,3,3,True,True,1.0,,
2023-09-29,ai_enabler,10,10,True,True,1.0,,
2023-09-29,ai_peripheral,6,6,True,True,1.0,,
2023-09-29,core_ai,6,6,True,True,1.0,,
2023-10-31,ai_enabler,10,10,True,True,1.0,,
2023-10-31,ai_peripheral,10,10,True,True,1.0,,
2023-10-31,core_ai,8,8,True,True,1.0,,
2023-11-30,ai_enabler,10,10,True,True,1.0,,
2023-11-30,ai_peripheral,10,10,True,True,1.0,,
2023-11-30,core_ai,7,7,True,True,1.0,,
2023-12-29,ai_enabler,10,10,True,True,1.0,,
2023-12-29,ai_peripheral,8,8,True,True,1.0,,
2023-12-29,core_ai,9,9,True,True,1.0,,
2024-01-31,ai_enabler,10,10,True,True,1.0,,
2024-01-31,ai_peripheral,10,10,True,True,1.0,,
2024-01-31,core_ai,10,10,True,True,1.0,,
2024-02-29,ai_enabler,10,10,False,False,0.8181818181818182,AAPL,TER
2024-02-29,ai_peripheral,6,6,True,True,1.0,,
2024-02-29,core_ai,9,9,True,True,1.0,,
2024-03-29,ai_enabler,10,10,True,True,1.0,,
2024-03-29,ai_peripheral,7,7,True,True,1.0,,
2024-03-29,core_ai,5,5,True,True,1.0,,
2024-04-30,ai_enabler,10,10,True,True,1.0,,
2024-04-30,ai_peripheral,10,10,True,True,1.0,,
2024-04-30,core_ai,6,6,True,True,1.0,,
2024-05-31,ai_enabler,10,10,True,True,1.0,,
2024-05-31,ai_peripheral,7,7,True,True,1.0,,
2024-05-31,core_ai,5,5,True,True,1.0,,
2024-06-28,ai_enabler,10,10,False,False,0.8181818181818182,AAPL,VMC
2024-06-28,ai_peripheral,9,9,True,True,1.0,,
2024-06-28,core_ai,8,8,True,True,1.0,,
2024-07-31,ai_enabler,10,10,True,True,1.0,,
2024-07-31,ai_peripheral,9,9,True,True,1.0,,
2024-07-31,core_ai,10,10,True,True,1.0,,
2024-08-30,ai_enabler,10,10,True,True,1.0,,
2024-08-30,ai_peripheral,10,10,True,True,1.0,,
2024-08-30,core_ai,8,8,True,True,1.0,,
2024-09-30,ai_enabler,10,10,True,True,1.0,,
2024-09-30,ai_peripheral,8,8,True,True,1.0,,
2024-09-30,core_ai,7,7,True,True,1.0,,
2024-10-31,ai_enabler,10,10,True,True,1.0,,
2024-10-31,ai_peripheral,10,10,True,True,1.0,,
2024-10-31,core_ai,7,7,True,True,1.0,,
2024-11-29,ai_enabler,10,10,True,True,1.0,,
2024-11-29,ai_peripheral,10,10,True,True,1.0,,
2024-11-29,core_ai,8,8,True,True,1.0,,
2024-12-31,ai_enabler,10,10,True,True,1.0,,
2024-12-31,ai_peripheral,10,10,True,True,1.0,,
2024-12-31,core_ai,7,7,True,True,1.0,,
2025-01-31,ai_enabler,10,10,True,True,1.0,,
2025-01-31,ai_peripheral,10,10,True,True,1.0,,
2025-01-31,core_ai,10,10,True,True,1.0,,
2025-02-28,ai_enabler,10,10,True,True,1.0,,
2025-02-28,ai_peripheral,9,9,True,True,1.0,,
2025-02-28,core_ai,10,10,True,True,1.0,,
2025-05-30,ai_enabler,10,10,True,True,1.0,,
2025-05-30,ai_peripheral,10,10,True,True,1.0,,
2025-05-30,core_ai,10,10,True,True,1.0,,
2025-06-30,ai_enabler,10,10,True,True,1.0,,
2025-06-30,ai_peripheral,10,10,True,True,1.0,,
2025-06-30,core_ai,10,10,True,True,1.0,,
2025-07-31,ai_enabler,10,10,True,True,1.0,,
2025-07-31,ai_peripheral,10,10,True,True,1.0,,
2025-07-31,core_ai,8,8,True,True,1.0,,
2025-08-29,ai_enabler,10,10,True,True,1.0,,
2025-08-29,ai_peripheral,10,10,True,True,1.0,,
2025-08-29,core_ai,7,7,True,True,1.0,,
2025-09-30,ai_enabler,10,10,False,False,0.8181818181818182,ADBE,ACN
2025-09-30,ai_peripheral,9,9,True,True,1.0,,
2025-09-30,core_ai,8,8,True,True,1.0,,
2025-10-31,ai_enabler,10,10,False,False,0.8181818181818182,ADBE,ACN
2025-10-31,ai_peripheral,10,10,True,True,1.0,,
2025-10-31,core_ai,7,7,True,True,1.0,,
2025-11-28,ai_enabler,10,10,True,True,1.0,,
2025-11-28,ai_peripheral,7,7,True,True,1.0,,
2025-11-28,core_ai,6,6,True,True,1.0,,
2025-12-31,ai_enabler,10,10,True,True,1.0,,
2025-12-31,ai_peripheral,10,10,True,True,1.0,,
2025-12-31,core_ai,7,7,True,True,1.0,,
2026-01-30,ai_enabler,10,10,True,True,1.0,,
2026-01-30,ai_peripheral,10,10,True,True,1.0,,
2026-01-30,core_ai,8,8,True,True,1.0,,
2026-02-27,ai_enabler,10,10,True,True,1.0,,
2026-02-27,ai_peripheral,7,7,True,True,1.0,,
2026-02-27,core_ai,10,10,True,True,1.0,,
2026-04-30,ai_enabler,10,10,False,False,0.8181818181818182,ADBE,META
2026-04-30,ai_peripheral,10,10,True,True,1.0,,
2026-04-30,core_ai,8,8,True,True,1.0,,
2026-05-29,ai_enabler,10,10,False,False,0.8181818181818182,ADBE,DIS
2026-05-29,ai_peripheral,8,8,True,True,1.0,,
2026-05-29,core_ai,5,5,True,True,1.0,,
2026-06-30,ai_enabler,10,10,True,True,1.0,,
2026-06-30,ai_peripheral,10,10,True,True,1.0,,
2026-06-30,core_ai,7,7,True,True,1.0,,
2026-07-31,ai_enabler,10,10,False,False,0.8181818181818182,ADBE,ZM
2026-07-31,ai_peripheral,10,10,True,True,1.0,,
2026-07-31,core_ai,10,10,True,True,1.0,,
2026-08-31,ai_enabler,10,10,False,False,0.8181818181818182,ADBE,ORCL
2026-08-31,ai_peripheral,10,10,True,True,1.0,,
2026-08-31,core_ai,10,10,True,True,1.0,,
2026-09-30,ai_enabler,10,10,False,False,0.8181818181818182,ADBE,CRM
2026-09-30,ai_peripheral,10,10,False,False,0.8181818181818182,JCI,BWXT
2026-09-30,core_ai,10,10,False,False,0.8181818181818182,CEG,BWXT
