scope,scope_value,arm,horizon_days,n_dates,avg_return,avg_excess_vs_qqq,positive_return_ratio,qqq_win_ratio
all,ALL,baseline,20,41,0.006389739538945673,-0.006998269617843301,0.5365853658536586,0.3902439024390244
all,ALL,baseline,60,39,0.03824607956418556,-0.012387796384242164,0.6153846153846154,0.38461538461538464
all,ALL,baseline,120,36,0.10198335198888987,-0.013112973021393522,0.8333333333333334,0.3611111111111111
all,ALL,hard_to_soft,20,41,0.016984286529070178,0.0035962773722812004,0.6585365853658537,0.6097560975609756
all,ALL,hard_to_soft,60,39,0.06581415625134102,0.0151802803029133,0.7435897435897436,0.5384615384615384
all,ALL,hard_to_soft,120,36,0.16798254268918636,0.05288621767890297,0.9444444444444444,0.7777777777777778
year,2023,baseline,20,12,0.009781264258343103,-0.011426767837088896,0.4166666666666667,0.25
year,2023,baseline,60,12,0.04655575952141997,-0.04084995223176882,0.6666666666666666,0.08333333333333333
year,2023,baseline,120,12,0.11670462861567736,-0.04946836378485436,0.9166666666666666,0.16666666666666666
year,2023,hard_to_soft,20,12,0.012479844581046074,-0.008728187514385926,0.5,0.5
year,2023,hard_to_soft,60,12,0.07756983200195908,-0.009835879751229718,0.5833333333333334,0.25
year,2023,hard_to_soft,120,12,0.18744815248059413,0.021275160080062427,1.0,0.6666666666666666
year,2024,baseline,20,12,0.013559668061983257,-0.004568124878012568,0.6666666666666666,0.4166666666666667
year,2024,baseline,60,12,0.0286813239547129,-0.008978944214869146,0.5833333333333334,0.5
year,2024,baseline,120,12,0.06441035439323405,-0.009707419338241438,0.75,0.4166666666666667
year,2024,hard_to_soft,20,12,0.02622045173884276,0.008092658798846937,0.8333333333333334,0.75
year,2024,hard_to_soft,60,12,0.06081974799565415,0.023159479826072107,0.8333333333333334,0.6666666666666666
year,2024,hard_to_soft,120,12,0.1176207711805584,0.043502997449082904,0.8333333333333334,0.6666666666666666
year,2025,baseline,20,10,0.009284233818115679,-0.0006452465405838638,0.7,0.4
year,2025,baseline,60,10,0.03220809513715116,0.010466237451758653,0.6,0.6
year,2025,baseline,120,10,0.12763494543709905,0.030352569336664543,0.8,0.5
year,2025,hard_to_soft,20,10,0.026099760320704157,0.016170279962004624,0.7,0.7
year,2025,hard_to_soft,60,10,0.06807891780192352,0.04633706011653101,0.8,0.8
year,2025,hard_to_soft,120,10,0.20868356233754076,0.11140118623710622,1.0,1.0
year,2026,baseline,20,7,-0.015850600704042938,-0.012648268049217022,0.2857142857142857,0.5714285714285714
year,2026,baseline,60,5,0.053334229983626094,0.002032064771324929,0.6,0.4
year,2026,baseline,120,2,0.1108357105610544,-0.03274166232983126,1.0,0.5
year,2026,hard_to_soft,20,7,-0.004149344479118649,-0.0009470118242927368,0.5714285714285714,0.42857142857142855
year,2026,hard_to_soft,60,5,0.04505759116234116,-0.00624457404996,0.8,0.4
year,2026,hard_to_soft,120,2,0.1498544147507361,0.006277041859850452,1.0,1.0
regime,down,baseline,20,8,-0.021679888763539965,-0.02485459326236348,0.25,0.375
regime,down,baseline,60,7,0.07606315225231317,-0.04185888064099663,0.7142857142857143,0.14285714285714285
regime,down,baseline,120,7,0.13355528913691692,-0.011403918729673553,0.8571428571428571,0.42857142857142855
regime,down,hard_to_soft,20,8,-0.012996426734813889,-0.0161711312336374,0.5,0.375
regime,down,hard_to_soft,60,7,0.10420694028471043,-0.013715092608599367,1.0,0.2857142857142857
regime,down,hard_to_soft,120,7,0.17820129958982367,0.03324209172323319,0.8571428571428571,0.7142857142857143
regime,up,baseline,20,33,0.013194497915305825,-0.0026694638858384095,0.6060606060606061,0.3939393939393939
regime,up,baseline,60,32,0.029973594913657635,-0.00594099670307713,0.59375,0.4375
regime,up,baseline,120,29,0.09436253957384887,-0.01352550336767076,0.8275862068965517,0.3448275862068966
regime,up,hard_to_soft,20,33,0.0242523382294057,0.008388376428261467,0.696969696969697,0.6666666666666666
regime,up,hard_to_soft,60,32,0.05741573474404146,0.0215011431273067,0.6875,0.59375
regime,up,hard_to_soft,120,29,0.1655159461959291,0.05762790325440946,0.9655172413793104,0.7931034482758621
