scenario,list_type,horizon_days,n_events_total,n_events_valid,avg_return,median_return,win_rate,std_return,cumulative_return,n_cumulative_events,avg_n_priced,avg_n_selected,n_no_signal_events,n_unpriced_events,n_partial_valid_events,avg_excess_vs_QQQ
base,industry_trend,20,39,36,0.016819909822759244,0.023231514970876693,0.6666666666666666,0.050027880128944206,0.7257677671321994,25,19.0,19.0,3,0,0,0.003283336010824436
base,industry_trend,60,39,36,0.06067114366324143,0.07087217468248555,0.8333333333333334,0.08398870268689532,1.4134416054942798,13,19.0,19.0,3,0,0,0.005277529527370168
base,industry_trend,120,39,36,0.13914080179595245,0.14521897430328107,0.8888888888888888,0.09395083575139698,1.6557827831160297,7,19.0,19.0,3,0,0,0.024044476785668956
base,low_value,20,39,36,0.020765627969606185,0.03523215800074611,0.6388888888888888,0.05539831846228231,1.1337823979190413,25,18.384615384615383,18.384615384615383,3,0,0,0.007229054157671379
base,low_value,60,39,36,0.05846239426830461,0.06967305565356,0.75,0.09010168541462496,1.3486121502887394,13,18.384615384615383,18.384615384615383,3,0,0,0.003068780132433346
base,low_value,120,39,36,0.17202999799924584,0.15166772268629725,0.9166666666666666,0.1860711784000732,1.4006644313284924,7,18.384615384615383,18.384615384615383,3,0,0,0.05693367298896241
base,momentum,20,39,36,0.023692804449322383,0.019115604424701234,0.6666666666666666,0.055846688831013194,1.12709352002202,25,18.487179487179485,18.487179487179485,3,0,0,0.010156230637387579
base,momentum,60,39,36,0.0776728878460373,0.08793255886682419,0.8611111111111112,0.08669808388129828,2.0673274977036207,13,18.487179487179485,18.487179487179485,3,0,0,0.022279273710166057
base,momentum,120,39,36,0.1736196512404293,0.16207168665680421,0.9444444444444444,0.12296747447811868,1.7427056526399523,7,18.487179487179485,18.487179487179485,3,0,0,0.05852332623014586
base,research_pool,20,39,39,0.01737968939143509,0.021597004617819524,0.6923076923076923,0.047548958402459665,1.14623871480913,28,30.0,30.0,0,0,0,-0.0007957691424688174
base,research_pool,60,39,39,0.07282821969723144,0.07658955440121659,0.7435897435897436,0.09013253853557592,1.3197972232947794,13,30.0,30.0,0,0,0,0.0076324283264321505
base,research_pool,120,39,39,0.13999600250092029,0.12283852082536728,0.9230769230769231,0.09872470127103561,1.4597920360058607,7,30.0,30.0,0,0,0,0.012491333680871982
loose,industry_trend,20,39,36,0.016819909822759244,0.023231514970876693,0.6666666666666666,0.050027880128944206,0.7257677671321994,25,19.0,19.0,3,0,0,0.003283336010824436
loose,industry_trend,60,39,36,0.06067114366324143,0.07087217468248555,0.8333333333333334,0.08398870268689532,1.4134416054942798,13,19.0,19.0,3,0,0,0.005277529527370168
loose,industry_trend,120,39,36,0.13914080179595245,0.14521897430328107,0.8888888888888888,0.09395083575139698,1.6557827831160297,7,19.0,19.0,3,0,0,0.024044476785668956
loose,low_value,20,39,36,0.020637970333629536,0.0363836632999194,0.6388888888888888,0.05570870045469702,1.1228198616476734,25,18.41025641025641,18.41025641025641,3,0,0,0.007101396521694729
loose,low_value,60,39,36,0.058072601972771004,0.06967305565356,0.75,0.08979962061011416,1.3486121502887394,13,18.41025641025641,18.41025641025641,3,0,0,0.0026789878368997377
loose,low_value,120,39,36,0.17229442205998707,0.15166772268629725,0.9166666666666666,0.1860852810995557,1.4187875695816636,7,18.41025641025641,18.41025641025641,3,0,0,0.057198097049703654
loose,momentum,20,39,36,0.023699794711387192,0.019115604424701234,0.6666666666666666,0.05585248124554798,1.127593853740383,25,18.487179487179485,18.487179487179485,3,0,0,0.010163220899452386
loose,momentum,60,39,36,0.07790284391508984,0.08793255886682419,0.8611111111111112,0.0866460948594468,2.0914179425636616,13,18.487179487179485,18.487179487179485,3,0,0,0.022509229779218584
loose,momentum,120,39,36,0.17339092951673724,0.16207168665680421,0.9444444444444444,0.12291579944140653,1.7427056526399523,7,18.487179487179485,18.487179487179485,3,0,0,0.05829460450645379
loose,research_pool,20,39,39,0.01737968939143509,0.021597004617819524,0.6923076923076923,0.047548958402459665,1.14623871480913,28,30.0,30.0,0,0,0,-0.0007957691424688174
loose,research_pool,60,39,39,0.07282821969723144,0.07658955440121659,0.7435897435897436,0.09013253853557592,1.3197972232947794,13,30.0,30.0,0,0,0,0.0076324283264321505
loose,research_pool,120,39,39,0.13999600250092029,0.12283852082536728,0.9230769230769231,0.09872470127103561,1.4597920360058607,7,30.0,30.0,0,0,0,0.012491333680871982
strict,industry_trend,20,39,36,0.016819909822759244,0.023231514970876693,0.6666666666666666,0.050027880128944206,0.7257677671321994,25,19.0,19.0,3,0,0,0.003283336010824436
strict,industry_trend,60,39,36,0.06067114366324143,0.07087217468248555,0.8333333333333334,0.08398870268689532,1.4134416054942798,13,19.0,19.0,3,0,0,0.005277529527370168
strict,industry_trend,120,39,36,0.13914080179595245,0.14521897430328107,0.8888888888888888,0.09395083575139698,1.6557827831160297,7,19.0,19.0,3,0,0,0.024044476785668956
strict,low_value,20,39,36,0.02071423178071896,0.028479570447195138,0.6388888888888888,0.05441171153442934,1.1696755653640798,25,18.333333333333332,18.333333333333332,3,0,0,0.007177657968784154
strict,low_value,60,39,36,0.05688435667451751,0.07235175226440087,0.75,0.08934061805168746,1.2301489947554578,13,18.333333333333332,18.333333333333332,3,0,0,0.0014907425386462459
strict,low_value,120,39,36,0.17039865806963825,0.14266667536328276,0.9166666666666666,0.18595408728040191,1.4187875695816636,7,18.333333333333332,18.333333333333332,3,0,0,0.05530233305935477
strict,momentum,20,39,36,0.02353847914736347,0.019115604424701234,0.6666666666666666,0.05612510791601643,1.111865205202379,25,18.53846153846154,18.53846153846154,3,0,0,0.010001905335428666
strict,momentum,60,39,36,0.0774170842838714,0.09122701114761927,0.8611111111111112,0.08722330880564232,2.036202844102431,13,18.53846153846154,18.53846153846154,3,0,0,0.022023470148000133
strict,momentum,120,39,36,0.17528112154042466,0.16207168665680421,0.9444444444444444,0.12530994407172646,1.7220591412331903,7,18.53846153846154,18.53846153846154,3,0,0,0.060184796530141166
strict,research_pool,20,39,39,0.01737968939143509,0.021597004617819524,0.6923076923076923,0.047548958402459665,1.14623871480913,28,30.0,30.0,0,0,0,-0.0007957691424688174
strict,research_pool,60,39,39,0.07282821969723144,0.07658955440121659,0.7435897435897436,0.09013253853557592,1.3197972232947794,13,30.0,30.0,0,0,0,0.0076324283264321505
strict,research_pool,120,39,39,0.13999600250092029,0.12283852082536728,0.9230769230769231,0.09872470127103561,1.4597920360058607,7,30.0,30.0,0,0,0,0.012491333680871982
