symbol,bucket,etf_count,etfs,enabled,updated_utc
ACN,ai_enabler,1,CIBR,1,2026-05-29T18:06:11.803395+00:00
ADP,ai_enabler,1,XLI,1,2026-05-29T18:06:11.803395+00:00
AEE,ai_enabler,1,XLU,1,2026-05-29T18:06:11.803395+00:00
AEP,ai_enabler,3,"IFRA,IGF,XLU",1,2026-05-29T18:06:11.803395+00:00
AKAM,ai_enabler,5,"BUG,CIBR,CLOU,IHAK,SKYY",1,2026-05-29T18:06:11.803395+00:00
ALRM,ai_enabler,1,IHAK,1,2026-05-29T18:06:11.803395+00:00
AMD,ai_enabler,1,DTCR,1,2026-05-29T18:06:11.803395+00:00
AMRZ,ai_enabler,1,PAVE,1,2026-05-29T18:06:11.803395+00:00
AMT,ai_enabler,2,"DTCR,SRVR",1,2026-05-29T18:06:11.803395+00:00
AMZN,ai_enabler,2,"CLOU,SKYY",1,2026-05-29T18:06:11.803395+00:00
ANET,ai_enabler,2,"CIBR,SKYY",1,2026-05-29T18:06:11.803395+00:00
APLD,ai_enabler,1,DTCR,1,2026-05-29T18:06:11.803395+00:00
APP,ai_enabler,1,SKYY,1,2026-05-29T18:06:11.803395+00:00
APTV,ai_enabler,1,GRID,1,2026-05-29T18:06:11.803395+00:00
ASPI,ai_enabler,1,SRVR,1,2026-05-29T18:06:11.803395+00:00
ASR,ai_enabler,1,IGF,1,2026-05-29T18:06:11.803395+00:00
ATEN,ai_enabler,2,"BUG,IHAK",1,2026-05-29T18:06:11.803395+00:00
ATI,ai_enabler,1,PAVE,1,2026-05-29T18:06:11.803395+00:00
ATO,ai_enabler,1,XLU,1,2026-05-29T18:06:11.803395+00:00
AVGO,ai_enabler,2,"CIBR,DTCR",1,2026-05-29T18:06:11.803395+00:00
AWK,ai_enabler,1,XLU,1,2026-05-29T18:06:11.803395+00:00
BA,ai_enabler,1,XLI,1,2026-05-29T18:06:11.803395+00:00
BAH,ai_enabler,2,"CIBR,IHAK",1,2026-05-29T18:06:11.803395+00:00
BB,ai_enabler,1,IHAK,1,2026-05-29T18:06:11.803395+00:00
BOX,ai_enabler,1,CLOU,1,2026-05-29T18:06:11.803395+00:00
BWXT,ai_enabler,1,NLR,1,2026-05-29T18:06:11.803395+00:00
CACI,ai_enabler,1,IHAK,1,2026-05-29T18:06:11.803395+00:00
CALX,ai_enabler,1,IHAK,1,2026-05-29T18:06:11.803395+00:00
CAT,ai_enabler,2,"IFRA,XLI",1,2026-05-29T18:06:11.803395+00:00
CCI,ai_enabler,2,"DTCR,SRVR",1,2026-05-29T18:06:11.803395+00:00
CCJ,ai_enabler,1,NLR,1,2026-05-29T18:06:11.803395+00:00
CEG,ai_enabler,4,"IFRA,IGF,NLR,XLU",1,2026-05-29T18:06:11.803395+00:00
CHKP,ai_enabler,3,"BUG,CIBR,IHAK",1,2026-05-29T18:06:11.803395+00:00
CMCSA,ai_enabler,1,IXP,1,2026-05-29T18:06:11.803395+00:00
CMI,ai_enabler,1,XLI,1,2026-05-29T18:06:11.803395+00:00
CNP,ai_enabler,1,XLU,1,2026-05-29T18:06:11.803395+00:00
CRH,ai_enabler,2,"IFRA,PAVE",1,2026-05-29T18:06:11.803395+00:00
CRM,ai_enabler,1,CLOU,1,2026-05-29T18:06:11.803395+00:00
CRWD,ai_enabler,3,"BUG,CIBR,IHAK",1,2026-05-29T18:06:11.803395+00:00
CRWV,ai_enabler,1,SKYY,1,2026-05-29T18:06:11.803395+00:00
CSCO,ai_enabler,3,"CIBR,GRID,SKYY",1,2026-05-29T18:06:11.803395+00:00
CSX,ai_enabler,3,"IFRA,PAVE,XLI",1,2026-05-29T18:06:11.803395+00:00
CVLT,ai_enabler,1,BUG,1,2026-05-29T18:06:11.803395+00:00
D,ai_enabler,2,"IFRA,XLU",1,2026-05-29T18:06:11.803395+00:00
DBRG,ai_enabler,1,SRVR,1,2026-05-29T18:06:11.803395+00:00
DBX,ai_enabler,1,CLOU,1,2026-05-29T18:06:11.803395+00:00
DDOG,ai_enabler,2,"CIBR,CLOU",1,2026-05-29T18:06:11.803395+00:00
DE,ai_enabler,2,"PAVE,XLI",1,2026-05-29T18:06:11.803395+00:00
DELL,ai_enabler,1,SKYY,1,2026-05-29T18:06:11.803395+00:00
DIS,ai_enabler,1,IXP,1,2026-05-29T18:06:11.803395+00:00
DLR,ai_enabler,3,"CLOU,DTCR,SRVR",1,2026-05-29T18:06:11.803395+00:00
DOCN,ai_enabler,2,"CLOU,SKYY",1,2026-05-29T18:06:11.803395+00:00
DT,ai_enabler,1,CIBR,1,2026-05-29T18:06:11.803395+00:00
DTE,ai_enabler,1,XLU,1,2026-05-29T18:06:11.803395+00:00
DUK,ai_enabler,3,"IFRA,IGF,XLU",1,2026-05-29T18:06:11.803395+00:00
EA,ai_enabler,1,IXP,1,2026-05-29T18:06:11.803395+00:00
ED,ai_enabler,1,XLU,1,2026-05-29T18:06:11.803395+00:00
EIX,ai_enabler,1,XLU,1,2026-05-29T18:06:11.803395+00:00
EME,ai_enabler,2,"IFRA,PAVE",1,2026-05-29T18:06:11.803395+00:00
EMR,ai_enabler,2,"PAVE,XLI",1,2026-05-29T18:06:11.803395+00:00
EQIX,ai_enabler,2,"DTCR,SRVR",1,2026-05-29T18:06:11.803395+00:00
ES,ai_enabler,1,XLU,1,2026-05-29T18:06:11.803395+00:00
ETN,ai_enabler,3,"GRID,PAVE,XLI",1,2026-05-29T18:06:11.803395+00:00
ETR,ai_enabler,1,XLU,1,2026-05-29T18:06:11.803395+00:00
EXC,ai_enabler,1,XLU,1,2026-05-29T18:06:11.803395+00:00
FAST,ai_enabler,1,PAVE,1,2026-05-29T18:06:11.803395+00:00
FDX,ai_enabler,1,XLI,1,2026-05-29T18:06:11.803395+00:00
FE,ai_enabler,1,XLU,1,2026-05-29T18:06:11.803395+00:00
FFIV,ai_enabler,1,CIBR,1,2026-05-29T18:06:11.803395+00:00
FIX,ai_enabler,1,IFRA,1,2026-05-29T18:06:11.803395+00:00
FROG,ai_enabler,1,CIBR,1,2026-05-29T18:06:11.803395+00:00
FSLY,ai_enabler,1,CLOU,1,2026-05-29T18:06:11.803395+00:00
FTNT,ai_enabler,3,"BUG,CIBR,IHAK",1,2026-05-29T18:06:11.803395+00:00
GD,ai_enabler,1,XLI,1,2026-05-29T18:06:11.803395+00:00
GDS,ai_enabler,2,"DTCR,SRVR",1,2026-05-29T18:06:11.803395+00:00
GE,ai_enabler,1,XLI,1,2026-05-29T18:06:11.803395+00:00
GEN,ai_enabler,2,"BUG,CIBR",1,2026-05-29T18:06:11.803395+00:00
GEV,ai_enabler,2,"SRVR,XLI",1,2026-05-29T18:06:11.803395+00:00
GOOG,ai_enabler,1,IXP,1,2026-05-29T18:06:11.803395+00:00
GOOGL,ai_enabler,3,"CIBR,IXP,SKYY",1,2026-05-29T18:06:11.803395+00:00
GRRR,ai_enabler,1,BUG,1,2026-05-29T18:06:11.803395+00:00
GTLB,ai_enabler,1,SKYY,1,2026-05-29T18:06:11.803395+00:00
HON,ai_enabler,1,XLI,1,2026-05-29T18:06:11.803395+00:00
HPE,ai_enabler,1,SKYY,1,2026-05-29T18:06:11.803395+00:00
HUBB,ai_enabler,2,"GRID,PAVE",1,2026-05-29T18:06:11.803395+00:00
HUBS,ai_enabler,1,CLOU,1,2026-05-29T18:06:11.803395+00:00
HWM,ai_enabler,2,"PAVE,XLI",1,2026-05-29T18:06:11.803395+00:00
IBM,ai_enabler,2,"CIBR,SKYY",1,2026-05-29T18:06:11.803395+00:00
INFY,ai_enabler,1,CIBR,1,2026-05-29T18:06:11.803395+00:00
INTC,ai_enabler,1,DTCR,1,2026-05-29T18:06:11.803395+00:00
IRDM,ai_enabler,1,SRVR,1,2026-05-29T18:06:11.803395+00:00
IRM,ai_enabler,1,SRVR,1,2026-05-29T18:06:11.803395+00:00
JCI,ai_enabler,2,"GRID,XLI",1,2026-05-29T18:06:11.803395+00:00
KMI,ai_enabler,2,"IFRA,IGF",1,2026-05-29T18:06:11.803395+00:00
LEU,ai_enabler,2,"NLR,URA",1,2026-05-29T18:06:11.803395+00:00
LMT,ai_enabler,1,XLI,1,2026-05-29T18:06:11.803395+00:00
LNG,ai_enabler,1,IGF,1,2026-05-29T18:06:11.803395+00:00
LUMN,ai_enabler,1,SKYY,1,2026-05-29T18:06:11.803395+00:00
LYV,ai_enabler,1,IXP,1,2026-05-29T18:06:11.803395+00:00
MCHP,ai_enabler,1,DTCR,1,2026-05-29T18:06:11.803395+00:00
MDB,ai_enabler,1,SKYY,1,2026-05-29T18:06:11.803395+00:00
META,ai_enabler,1,IXP,1,2026-05-29T18:06:11.803395+00:00
MLM,ai_enabler,2,"IFRA,PAVE",1,2026-05-29T18:06:11.803395+00:00
MMM,ai_enabler,1,XLI,1,2026-05-29T18:06:11.803395+00:00
MRVL,ai_enabler,1,DTCR,1,2026-05-29T18:06:11.803395+00:00
MSFT,ai_enabler,2,"CIBR,SKYY",1,2026-05-29T18:06:11.803395+00:00
MTZ,ai_enabler,1,PAVE,1,2026-05-29T18:06:11.803395+00:00
MU,ai_enabler,1,DTCR,1,2026-05-29T18:06:11.803395+00:00
NEE,ai_enabler,4,"IFRA,IGF,SRVR,XLU",1,2026-05-29T18:06:11.803395+00:00
NET,ai_enabler,3,"CIBR,CLOU,SKYY",1,2026-05-29T18:06:11.803395+00:00
NFLX,ai_enabler,1,IXP,1,2026-05-29T18:06:11.803395+00:00
NNE,ai_enabler,2,"NLR,URA",1,2026-05-29T18:06:11.803395+00:00
NOW,ai_enabler,2,"CLOU,SKYY",1,2026-05-29T18:06:11.803395+00:00
NRG,ai_enabler,1,XLU,1,2026-05-29T18:06:11.803395+00:00
NSC,ai_enabler,2,"IFRA,PAVE",1,2026-05-29T18:06:11.803395+00:00
NTAP,ai_enabler,2,"CIBR,SKYY",1,2026-05-29T18:06:11.803395+00:00
NTNX,ai_enabler,1,SKYY,1,2026-05-29T18:06:11.803395+00:00
NTSK,ai_enabler,1,BUG,1,2026-05-29T18:06:11.803395+00:00
NUE,ai_enabler,2,"IFRA,PAVE",1,2026-05-29T18:06:11.803395+00:00
NVDA,ai_enabler,2,"DTCR,GRID",1,2026-05-29T18:06:11.803395+00:00
NVT,ai_enabler,1,GRID,1,2026-05-29T18:06:11.803395+00:00
OKE,ai_enabler,2,"IFRA,IGF",1,2026-05-29T18:06:11.803395+00:00
OKLO,ai_enabler,2,"NLR,URA",1,2026-05-29T18:06:11.803395+00:00
OKTA,ai_enabler,3,"BUG,CIBR,IHAK",1,2026-05-29T18:06:11.803395+00:00
ORCL,ai_enabler,2,"GRID,SKYY",1,2026-05-29T18:06:11.803395+00:00
OSPN,ai_enabler,1,BUG,1,2026-05-29T18:06:11.803395+00:00
P,ai_enabler,1,SKYY,1,2026-05-29T18:06:11.803395+00:00
PAC,ai_enabler,1,IGF,1,2026-05-29T18:06:11.803395+00:00
PANW,ai_enabler,3,"BUG,CIBR,IHAK",1,2026-05-29T18:06:11.803395+00:00
PAYC,ai_enabler,1,CLOU,1,2026-05-29T18:06:11.803395+00:00
PCG,ai_enabler,2,"NLR,XLU",1,2026-05-29T18:06:11.803395+00:00
PCOR,ai_enabler,1,CLOU,1,2026-05-29T18:06:11.803395+00:00
PEG,ai_enabler,2,"NLR,XLU",1,2026-05-29T18:06:11.803395+00:00
PH,ai_enabler,2,"PAVE,XLI",1,2026-05-29T18:06:11.803395+00:00
PPL,ai_enabler,1,XLU,1,2026-05-29T18:06:11.803395+00:00
PWR,ai_enabler,4,"GRID,IFRA,PAVE,XLI",1,2026-05-29T18:06:11.803395+00:00
QLYS,ai_enabler,3,"BUG,CLOU,IHAK",1,2026-05-29T18:06:11.803395+00:00
RBRK,ai_enabler,3,"BUG,CIBR,SKYY",1,2026-05-29T18:06:11.803395+00:00
RDWR,ai_enabler,2,"BUG,IHAK",1,2026-05-29T18:06:11.803395+00:00
RNG,ai_enabler,1,SKYY,1,2026-05-29T18:06:11.803395+00:00
ROK,ai_enabler,1,PAVE,1,2026-05-29T18:06:11.803395+00:00
RPD,ai_enabler,1,BUG,1,2026-05-29T18:06:11.803395+00:00
RTX,ai_enabler,1,XLI,1,2026-05-29T18:06:11.803395+00:00
S,ai_enabler,2,"BUG,IHAK",1,2026-05-29T18:06:11.803395+00:00
SAIC,ai_enabler,1,IHAK,1,2026-05-29T18:06:11.803395+00:00
SAIL,ai_enabler,1,BUG,1,2026-05-29T18:06:11.803395+00:00
SBAC,ai_enabler,2,"DTCR,SRVR",1,2026-05-29T18:06:11.803395+00:00
SHOP,ai_enabler,1,CLOU,1,2026-05-29T18:06:11.803395+00:00
SMCI,ai_enabler,1,DTCR,1,2026-05-29T18:06:11.803395+00:00
SMR,ai_enabler,2,"NLR,URA",1,2026-05-29T18:06:11.803395+00:00
SNOW,ai_enabler,1,CLOU,1,2026-05-29T18:06:11.803395+00:00
SO,ai_enabler,3,"IFRA,IGF,XLU",1,2026-05-29T18:06:11.803395+00:00
SRE,ai_enabler,4,"IFRA,IGF,PAVE,XLU",1,2026-05-29T18:06:11.803395+00:00
STLD,ai_enabler,2,"IFRA,PAVE",1,2026-05-29T18:06:11.803395+00:00
STRL,ai_enabler,1,PAVE,1,2026-05-29T18:06:11.803395+00:00
T,ai_enabler,1,IXP,1,2026-05-29T18:06:11.803395+00:00
TEAM,ai_enabler,1,SKYY,1,2026-05-29T18:06:11.803395+00:00
TENB,ai_enabler,2,"BUG,IHAK",1,2026-05-29T18:06:11.803395+00:00
TLS,ai_enabler,1,BUG,1,2026-05-29T18:06:11.803395+00:00
TMUS,ai_enabler,1,IXP,1,2026-05-29T18:06:11.803395+00:00
TRGP,ai_enabler,1,IGF,1,2026-05-29T18:06:11.803395+00:00
TRP,ai_enabler,1,IFRA,1,2026-05-29T18:06:11.803395+00:00
TSLA,ai_enabler,1,GRID,1,2026-05-29T18:06:11.803395+00:00
TT,ai_enabler,2,"PAVE,XLI",1,2026-05-29T18:06:11.803395+00:00
TTWO,ai_enabler,1,IXP,1,2026-05-29T18:06:11.803395+00:00
TWLO,ai_enabler,2,"CLOU,SKYY",1,2026-05-29T18:06:11.803395+00:00
TXN,ai_enabler,1,GRID,1,2026-05-29T18:06:11.803395+00:00
UBER,ai_enabler,1,XLI,1,2026-05-29T18:06:11.803395+00:00
UEC,ai_enabler,2,"NLR,URA",1,2026-05-29T18:06:11.803395+00:00
UNIT,ai_enabler,2,"DTCR,SRVR",1,2026-05-29T18:06:11.803395+00:00
UNP,ai_enabler,3,"IFRA,PAVE,XLI",1,2026-05-29T18:06:11.803395+00:00
URI,ai_enabler,2,"IFRA,PAVE",1,2026-05-29T18:06:11.803395+00:00
UUUU,ai_enabler,1,NLR,1,2026-05-29T18:06:11.803395+00:00
VMC,ai_enabler,2,"IFRA,PAVE",1,2026-05-29T18:06:11.803395+00:00
VNET,ai_enabler,2,"CLOU,DTCR",1,2026-05-29T18:06:11.803395+00:00
VRNS,ai_enabler,2,"BUG,IHAK",1,2026-05-29T18:06:11.803395+00:00
VRT,ai_enabler,2,"SRVR,XLI",1,2026-05-29T18:06:11.803395+00:00
VST,ai_enabler,2,"IFRA,XLU",1,2026-05-29T18:06:11.803395+00:00
VZ,ai_enabler,1,IXP,1,2026-05-29T18:06:11.803395+00:00
WBD,ai_enabler,1,IXP,1,2026-05-29T18:06:11.803395+00:00
WDAY,ai_enabler,1,CLOU,1,2026-05-29T18:06:11.803395+00:00
WEC,ai_enabler,1,XLU,1,2026-05-29T18:06:11.803395+00:00
WIX,ai_enabler,1,CLOU,1,2026-05-29T18:06:11.803395+00:00
WK,ai_enabler,1,CLOU,1,2026-05-29T18:06:11.803395+00:00
WM,ai_enabler,1,XLI,1,2026-05-29T18:06:11.803395+00:00
WMB,ai_enabler,2,"IFRA,IGF",1,2026-05-29T18:06:11.803395+00:00
WYFI,ai_enabler,1,DTCR,1,2026-05-29T18:06:11.803395+00:00
XEL,ai_enabler,1,XLU,1,2026-05-29T18:06:11.803395+00:00
YCA.L,ai_enabler,2,"NLR,URA",1,2026-05-29T18:06:11.803395+00:00
YOU,ai_enabler,1,IHAK,1,2026-05-29T18:06:11.803395+00:00
ZM,ai_enabler,1,CLOU,1,2026-05-29T18:06:11.803395+00:00
ZS,ai_enabler,4,"BUG,CIBR,CLOU,IHAK",1,2026-05-29T18:06:11.803395+00:00
AA,ai_peripheral,1,PICK,1,2026-05-29T18:06:11.803395+00:00
AAL,ai_peripheral,1,IYT,1,2026-05-29T18:06:11.803395+00:00
AAON,ai_peripheral,1,FXR,1,2026-05-29T18:06:11.803395+00:00
ADP,ai_peripheral,1,VIS,1,2026-05-29T18:06:11.803395+00:00
ADT,ai_peripheral,1,FXR,1,2026-05-29T18:06:11.803395+00:00
AEE,ai_peripheral,1,VPU,1,2026-05-29T18:06:11.803395+00:00
AEM,ai_peripheral,1,IGE,1,2026-05-29T18:06:11.803395+00:00
AEP,ai_peripheral,1,VPU,1,2026-05-29T18:06:11.803395+00:00
AGCO,ai_peripheral,1,FXR,1,2026-05-29T18:06:11.803395+00:00
ALB,ai_peripheral,1,XLB,1,2026-05-29T18:06:11.803395+00:00
ALK,ai_peripheral,1,IYT,1,2026-05-29T18:06:11.803395+00:00
AMCR,ai_peripheral,1,XLB,1,2026-05-29T18:06:11.803395+00:00
AMT,ai_peripheral,2,"VNQ,XLRE",1,2026-05-29T18:06:11.803395+00:00
APD,ai_peripheral,1,XLB,1,2026-05-29T18:06:11.803395+00:00
ATI,ai_peripheral,1,ITA,1,2026-05-29T18:06:11.803395+00:00
ATO,ai_peripheral,1,VPU,1,2026-05-29T18:06:11.803395+00:00
AVAV,ai_peripheral,1,ITA,1,2026-05-29T18:06:11.803395+00:00
AVB,ai_peripheral,2,"VNQ,XLRE",1,2026-05-29T18:06:11.803395+00:00
AVY,ai_peripheral,1,XLB,1,2026-05-29T18:06:11.803395+00:00
AWK,ai_peripheral,1,VPU,1,2026-05-29T18:06:11.803395+00:00
AXON,ai_peripheral,1,ITA,1,2026-05-29T18:06:11.803395+00:00
B,ai_peripheral,1,IGE,1,2026-05-29T18:06:11.803395+00:00
BA,ai_peripheral,2,"ITA,VIS",1,2026-05-29T18:06:11.803395+00:00
BALL,ai_peripheral,1,XLB,1,2026-05-29T18:06:11.803395+00:00
BKR,ai_peripheral,1,IGE,1,2026-05-29T18:06:11.803395+00:00
BLD,ai_peripheral,1,ITB,1,2026-05-29T18:06:11.803395+00:00
BLDR,ai_peripheral,1,ITB,1,2026-05-29T18:06:11.803395+00:00
BWXT,ai_peripheral,1,ITA,1,2026-05-29T18:06:11.803395+00:00
CAT,ai_peripheral,2,"FXR,VIS",1,2026-05-29T18:06:11.803395+00:00
CBRE,ai_peripheral,2,"VNQ,XLRE",1,2026-05-29T18:06:11.803395+00:00
CCI,ai_peripheral,2,"VNQ,XLRE",1,2026-05-29T18:06:11.803395+00:00
CEG,ai_peripheral,1,VPU,1,2026-05-29T18:06:11.803395+00:00
CF,ai_peripheral,1,XLB,1,2026-05-29T18:06:11.803395+00:00
CHRW,ai_peripheral,1,IYT,1,2026-05-29T18:06:11.803395+00:00
CMI,ai_peripheral,1,VIS,1,2026-05-29T18:06:11.803395+00:00
CNP,ai_peripheral,1,VPU,1,2026-05-29T18:06:11.803395+00:00
CNQ,ai_peripheral,1,IGE,1,2026-05-29T18:06:11.803395+00:00
COP,ai_peripheral,1,IGE,1,2026-05-29T18:06:11.803395+00:00
CRH,ai_peripheral,2,"IGE,XLB",1,2026-05-29T18:06:11.803395+00:00
CRS,ai_peripheral,1,ITA,1,2026-05-29T18:06:11.803395+00:00
CSGP,ai_peripheral,1,XLRE,1,2026-05-29T18:06:11.803395+00:00
CSX,ai_peripheral,2,"IYT,VIS",1,2026-05-29T18:06:11.803395+00:00
CTVA,ai_peripheral,1,XLB,1,2026-05-29T18:06:11.803395+00:00
CVCO,ai_peripheral,1,ITB,1,2026-05-29T18:06:11.803395+00:00
CVX,ai_peripheral,1,IGE,1,2026-05-29T18:06:11.803395+00:00
CW,ai_peripheral,1,ITA,1,2026-05-29T18:06:11.803395+00:00
D,ai_peripheral,1,VPU,1,2026-05-29T18:06:11.803395+00:00
DAL,ai_peripheral,1,IYT,1,2026-05-29T18:06:11.803395+00:00
DD,ai_peripheral,1,XLB,1,2026-05-29T18:06:11.803395+00:00
DE,ai_peripheral,1,VIS,1,2026-05-29T18:06:11.803395+00:00
DHI,ai_peripheral,1,ITB,1,2026-05-29T18:06:11.803395+00:00
DLR,ai_peripheral,2,"VNQ,XLRE",1,2026-05-29T18:06:11.803395+00:00
DOC,ai_peripheral,1,XLRE,1,2026-05-29T18:06:11.803395+00:00
DOW,ai_peripheral,1,XLB,1,2026-05-29T18:06:11.803395+00:00
DRS,ai_peripheral,1,FXR,1,2026-05-29T18:06:11.803395+00:00
DTE,ai_peripheral,1,VPU,1,2026-05-29T18:06:11.803395+00:00
DUK,ai_peripheral,1,VPU,1,2026-05-29T18:06:11.803395+00:00
DVN,ai_peripheral,1,IGE,1,2026-05-29T18:06:11.803395+00:00
ECL,ai_peripheral,1,XLB,1,2026-05-29T18:06:11.803395+00:00
ED,ai_peripheral,1,VPU,1,2026-05-29T18:06:11.803395+00:00
EEFT,ai_peripheral,1,FXR,1,2026-05-29T18:06:11.803395+00:00
EIX,ai_peripheral,1,VPU,1,2026-05-29T18:06:11.803395+00:00
EME,ai_peripheral,1,FXR,1,2026-05-29T18:06:11.803395+00:00
EMR,ai_peripheral,1,VIS,1,2026-05-29T18:06:11.803395+00:00
ENB,ai_peripheral,1,IGE,1,2026-05-29T18:06:11.803395+00:00
EOG,ai_peripheral,1,IGE,1,2026-05-29T18:06:11.803395+00:00
EQIX,ai_peripheral,2,"VNQ,XLRE",1,2026-05-29T18:06:11.803395+00:00
EQR,ai_peripheral,2,"VNQ,XLRE",1,2026-05-29T18:06:11.803395+00:00
ES,ai_peripheral,1,VPU,1,2026-05-29T18:06:11.803395+00:00
ESS,ai_peripheral,2,"VNQ,XLRE",1,2026-05-29T18:06:11.803395+00:00
ETN,ai_peripheral,1,VIS,1,2026-05-29T18:06:11.803395+00:00
ETR,ai_peripheral,1,VPU,1,2026-05-29T18:06:11.803395+00:00
EXC,ai_peripheral,1,VPU,1,2026-05-29T18:06:11.803395+00:00
EXP,ai_peripheral,2,"FXR,ITB",1,2026-05-29T18:06:11.803395+00:00
EXPD,ai_peripheral,1,IYT,1,2026-05-29T18:06:11.803395+00:00
EXR,ai_peripheral,2,"VNQ,XLRE",1,2026-05-29T18:06:11.803395+00:00
FBIN,ai_peripheral,1,FXR,1,2026-05-29T18:06:11.803395+00:00
FCX,ai_peripheral,4,"COPX,IGE,PICK,XLB",1,2026-05-29T18:06:11.803395+00:00
FDX,ai_peripheral,2,"IYT,VIS",1,2026-05-29T18:06:11.803395+00:00
FE,ai_peripheral,1,VPU,1,2026-05-29T18:06:11.803395+00:00
FISV,ai_peripheral,1,FXR,1,2026-05-29T18:06:11.803395+00:00
FIX,ai_peripheral,1,FXR,1,2026-05-29T18:06:11.803395+00:00
FND,ai_peripheral,1,ITB,1,2026-05-29T18:06:11.803395+00:00
FTAI,ai_peripheral,2,"FXR,ITA",1,2026-05-29T18:06:11.803395+00:00
GD,ai_peripheral,2,"ITA,VIS",1,2026-05-29T18:06:11.803395+00:00
GE,ai_peripheral,2,"ITA,VIS",1,2026-05-29T18:06:11.803395+00:00
GEV,ai_peripheral,2,"FXR,VIS",1,2026-05-29T18:06:11.803395+00:00
GPK,ai_peripheral,1,FXR,1,2026-05-29T18:06:11.803395+00:00
GXO,ai_peripheral,1,IYT,1,2026-05-29T18:06:11.803395+00:00
HD,ai_peripheral,1,ITB,1,2026-05-29T18:06:11.803395+00:00
HEI,ai_peripheral,1,ITA,1,2026-05-29T18:06:11.803395+00:00
HEI.A,ai_peripheral,1,ITA,1,2026-05-29T18:06:11.803395+00:00
HII,ai_peripheral,1,ITA,1,2026-05-29T18:06:11.803395+00:00
HON,ai_peripheral,1,VIS,1,2026-05-29T18:06:11.803395+00:00
HST,ai_peripheral,1,XLRE,1,2026-05-29T18:06:11.803395+00:00
HWM,ai_peripheral,2,"ITA,VIS",1,2026-05-29T18:06:11.803395+00:00
HXL,ai_peripheral,1,ITA,1,2026-05-29T18:06:11.803395+00:00
IBP,ai_peripheral,1,ITB,1,2026-05-29T18:06:11.803395+00:00
IFF,ai_peripheral,1,XLB,1,2026-05-29T18:06:11.803395+00:00
INVH,ai_peripheral,2,"VNQ,XLRE",1,2026-05-29T18:06:11.803395+00:00
IP,ai_peripheral,1,XLB,1,2026-05-29T18:06:11.803395+00:00
IRM,ai_peripheral,2,"VNQ,XLRE",1,2026-05-29T18:06:11.803395+00:00
JBHT,ai_peripheral,1,IYT,1,2026-05-29T18:06:11.803395+00:00
JCI,ai_peripheral,1,VIS,1,2026-05-29T18:06:11.803395+00:00
JOBY,ai_peripheral,1,IYT,1,2026-05-29T18:06:11.803395+00:00
KBH,ai_peripheral,1,ITB,1,2026-05-29T18:06:11.803395+00:00
KEX,ai_peripheral,1,IYT,1,2026-05-29T18:06:11.803395+00:00
KIM,ai_peripheral,2,"VNQ,XLRE",1,2026-05-29T18:06:11.803395+00:00
KMI,ai_peripheral,1,IGE,1,2026-05-29T18:06:11.803395+00:00
KNX,ai_peripheral,1,IYT,1,2026-05-29T18:06:11.803395+00:00
KTOS,ai_peripheral,1,ITA,1,2026-05-29T18:06:11.803395+00:00
LEN,ai_peripheral,1,ITB,1,2026-05-29T18:06:11.803395+00:00
LHX,ai_peripheral,1,ITA,1,2026-05-29T18:06:11.803395+00:00
LII,ai_peripheral,1,ITB,1,2026-05-29T18:06:11.803395+00:00
LIN,ai_peripheral,1,XLB,1,2026-05-29T18:06:11.803395+00:00
LMT,ai_peripheral,2,"ITA,VIS",1,2026-05-29T18:06:11.803395+00:00
LNG,ai_peripheral,1,IGE,1,2026-05-29T18:06:11.803395+00:00
LOW,ai_peripheral,1,ITB,1,2026-05-29T18:06:11.803395+00:00
LSTR,ai_peripheral,1,IYT,1,2026-05-29T18:06:11.803395+00:00
LUV,ai_peripheral,1,IYT,1,2026-05-29T18:06:11.803395+00:00
LYB,ai_peripheral,1,XLB,1,2026-05-29T18:06:11.803395+00:00
LYFT,ai_peripheral,1,IYT,1,2026-05-29T18:06:11.803395+00:00
MAA,ai_peripheral,2,"VNQ,XLRE",1,2026-05-29T18:06:11.803395+00:00
MAS,ai_peripheral,1,ITB,1,2026-05-29T18:06:11.803395+00:00
MATX,ai_peripheral,1,IYT,1,2026-05-29T18:06:11.803395+00:00
MHK,ai_peripheral,2,"FXR,ITB",1,2026-05-29T18:06:11.803395+00:00
MHO,ai_peripheral,1,ITB,1,2026-05-29T18:06:11.803395+00:00
MLM,ai_peripheral,1,XLB,1,2026-05-29T18:06:11.803395+00:00
MOG.A,ai_peripheral,1,ITA,1,2026-05-29T18:06:11.803395+00:00
MPC,ai_peripheral,1,IGE,1,2026-05-29T18:06:11.803395+00:00
MTH,ai_peripheral,1,ITB,1,2026-05-29T18:06:11.803395+00:00
MTZ,ai_peripheral,1,FXR,1,2026-05-29T18:06:11.803395+00:00
NEE,ai_peripheral,1,VPU,1,2026-05-29T18:06:11.803395+00:00
NEM,ai_peripheral,2,"IGE,XLB",1,2026-05-29T18:06:11.803395+00:00
NOC,ai_peripheral,1,ITA,1,2026-05-29T18:06:11.803395+00:00
NRG,ai_peripheral,1,VPU,1,2026-05-29T18:06:11.803395+00:00
NSC,ai_peripheral,1,IYT,1,2026-05-29T18:06:11.803395+00:00
NUE,ai_peripheral,2,"PICK,XLB",1,2026-05-29T18:06:11.803395+00:00
NVR,ai_peripheral,1,ITB,1,2026-05-29T18:06:11.803395+00:00
O,ai_peripheral,2,"VNQ,XLRE",1,2026-05-29T18:06:11.803395+00:00
OC,ai_peripheral,1,ITB,1,2026-05-29T18:06:11.803395+00:00
ODFL,ai_peripheral,1,IYT,1,2026-05-29T18:06:11.803395+00:00
OKE,ai_peripheral,1,IGE,1,2026-05-29T18:06:11.803395+00:00
PCG,ai_peripheral,1,VPU,1,2026-05-29T18:06:11.803395+00:00
PEG,ai_peripheral,1,VPU,1,2026-05-29T18:06:11.803395+00:00
PH,ai_peripheral,1,VIS,1,2026-05-29T18:06:11.803395+00:00
PHM,ai_peripheral,1,ITB,1,2026-05-29T18:06:11.803395+00:00
PKG,ai_peripheral,1,XLB,1,2026-05-29T18:06:11.803395+00:00
PLD,ai_peripheral,2,"VNQ,XLRE",1,2026-05-29T18:06:11.803395+00:00
PPG,ai_peripheral,1,XLB,1,2026-05-29T18:06:11.803395+00:00
PPL,ai_peripheral,1,VPU,1,2026-05-29T18:06:11.803395+00:00
PSA,ai_peripheral,2,"VNQ,XLRE",1,2026-05-29T18:06:11.803395+00:00
PSX,ai_peripheral,1,IGE,1,2026-05-29T18:06:11.803395+00:00
PWR,ai_peripheral,2,"FXR,VIS",1,2026-05-29T18:06:11.803395+00:00
R,ai_peripheral,2,"FXR,IYT",1,2026-05-29T18:06:11.803395+00:00
RKLB,ai_peripheral,2,"FXR,ITA",1,2026-05-29T18:06:11.803395+00:00
RS,ai_peripheral,1,PICK,1,2026-05-29T18:06:11.803395+00:00
RTX,ai_peripheral,2,"ITA,VIS",1,2026-05-29T18:06:11.803395+00:00
SAIA,ai_peripheral,1,IYT,1,2026-05-29T18:06:11.803395+00:00
SBAC,ai_peripheral,2,"VNQ,XLRE",1,2026-05-29T18:06:11.803395+00:00
SCCO,ai_peripheral,2,"COPX,PICK",1,2026-05-29T18:06:11.803395+00:00
SHW,ai_peripheral,2,"ITB,XLB",1,2026-05-29T18:06:11.803395+00:00
SKY,ai_peripheral,1,ITB,1,2026-05-29T18:06:11.803395+00:00
SLB,ai_peripheral,1,IGE,1,2026-05-29T18:06:11.803395+00:00
SLGN,ai_peripheral,1,FXR,1,2026-05-29T18:06:11.803395+00:00
SNDR,ai_peripheral,1,FXR,1,2026-05-29T18:06:11.803395+00:00
SO,ai_peripheral,1,VPU,1,2026-05-29T18:06:11.803395+00:00
SPG,ai_peripheral,2,"VNQ,XLRE",1,2026-05-29T18:06:11.803395+00:00
SRE,ai_peripheral,1,VPU,1,2026-05-29T18:06:11.803395+00:00
SSD,ai_peripheral,1,ITB,1,2026-05-29T18:06:11.803395+00:00
STLD,ai_peripheral,2,"PICK,XLB",1,2026-05-29T18:06:11.803395+00:00
SU,ai_peripheral,1,IGE,1,2026-05-29T18:06:11.803395+00:00
SUI,ai_peripheral,1,VNQ,1,2026-05-29T18:06:11.803395+00:00
SW,ai_peripheral,2,"FXR,XLB",1,2026-05-29T18:06:11.803395+00:00
SYF,ai_peripheral,1,FXR,1,2026-05-29T18:06:11.803395+00:00
TDG,ai_peripheral,1,ITA,1,2026-05-29T18:06:11.803395+00:00
TGB,ai_peripheral,1,COPX,1,2026-05-29T18:06:11.803395+00:00
TMHC,ai_peripheral,1,ITB,1,2026-05-29T18:06:11.803395+00:00
TOL,ai_peripheral,1,ITB,1,2026-05-29T18:06:11.803395+00:00
TRGP,ai_peripheral,1,IGE,1,2026-05-29T18:06:11.803395+00:00
TRP,ai_peripheral,1,IGE,1,2026-05-29T18:06:11.803395+00:00
TT,ai_peripheral,1,VIS,1,2026-05-29T18:06:11.803395+00:00
TXT,ai_peripheral,1,ITA,1,2026-05-29T18:06:11.803395+00:00
UAL,ai_peripheral,1,IYT,1,2026-05-29T18:06:11.803395+00:00
UBER,ai_peripheral,2,"IYT,VIS",1,2026-05-29T18:06:11.803395+00:00
UFPI,ai_peripheral,1,ITB,1,2026-05-29T18:06:11.803395+00:00
UNP,ai_peripheral,2,"IYT,VIS",1,2026-05-29T18:06:11.803395+00:00
UPS,ai_peripheral,2,"IYT,VIS",1,2026-05-29T18:06:11.803395+00:00
URI,ai_peripheral,1,FXR,1,2026-05-29T18:06:11.803395+00:00
VICI,ai_peripheral,2,"VNQ,XLRE",1,2026-05-29T18:06:11.803395+00:00
VLO,ai_peripheral,1,IGE,1,2026-05-29T18:06:11.803395+00:00
VMC,ai_peripheral,1,XLB,1,2026-05-29T18:06:11.803395+00:00
VRT,ai_peripheral,1,VIS,1,2026-05-29T18:06:11.803395+00:00
VST,ai_peripheral,1,VPU,1,2026-05-29T18:06:11.803395+00:00
VTR,ai_peripheral,2,"VNQ,XLRE",1,2026-05-29T18:06:11.803395+00:00
WEC,ai_peripheral,1,VPU,1,2026-05-29T18:06:11.803395+00:00
WELL,ai_peripheral,2,"VNQ,XLRE",1,2026-05-29T18:06:11.803395+00:00
WM,ai_peripheral,1,VIS,1,2026-05-29T18:06:11.803395+00:00
WMB,ai_peripheral,1,IGE,1,2026-05-29T18:06:11.803395+00:00
WPC,ai_peripheral,1,VNQ,1,2026-05-29T18:06:11.803395+00:00
WPM,ai_peripheral,1,IGE,1,2026-05-29T18:06:11.803395+00:00
WWD,ai_peripheral,1,ITA,1,2026-05-29T18:06:11.803395+00:00
WY,ai_peripheral,2,"VNQ,XLRE",1,2026-05-29T18:06:11.803395+00:00
XEL,ai_peripheral,1,VPU,1,2026-05-29T18:06:11.803395+00:00
XOM,ai_peripheral,1,IGE,1,2026-05-29T18:06:11.803395+00:00
XPO,ai_peripheral,2,"FXR,IYT",1,2026-05-29T18:06:11.803395+00:00
AAPL,core_ai,3,"AIQ,IGM,PNQI",1,2026-05-29T18:06:11.803395+00:00
ABNB,core_ai,2,"FDN,PNQI",1,2026-05-29T18:06:11.803395+00:00
ACHR,core_ai,1,ARKQ,1,2026-05-29T18:06:11.803395+00:00
ADBE,core_ai,2,"IGV,PNQI",1,2026-05-29T18:06:11.803395+00:00
ADI,core_ai,4,"IGM,SMH,SOXQ,SOXX",1,2026-05-29T18:06:11.803395+00:00
ADSK,core_ai,1,IGV,1,2026-05-29T18:06:11.803395+00:00
AI,core_ai,1,ROBT,1,2026-05-29T18:06:11.803395+00:00
ALAB,core_ai,5,"IRBO,SMH,SOXQ,SOXX,XSD",1,2026-05-29T18:06:11.803395+00:00
ALGM,core_ai,1,XSD,1,2026-05-29T18:06:11.803395+00:00
AMAT,core_ai,4,"IGM,SMH,SOXQ,SOXX",1,2026-05-29T18:06:11.803395+00:00
AMBA,core_ai,1,XSD,1,2026-05-29T18:06:11.803395+00:00
AMD,core_ai,10,"AIQ,ARKQ,IGM,IRBO,ROBT,SMH,SOXQ,SOXX,WTAI,XSD",1,2026-05-29T18:06:11.803395+00:00
AMZN,core_ai,5,"AIQ,ARKQ,FDN,PNQI,WTAI",1,2026-05-29T18:06:11.803395+00:00
ANET,core_ai,2,"FDN,IRBO",1,2026-05-29T18:06:11.803395+00:00
APP,core_ai,1,IGV,1,2026-05-29T18:06:11.803395+00:00
ARM,core_ai,2,"SMH,SOXQ",1,2026-05-29T18:06:11.803395+00:00
ASML,core_ai,3,"SMH,SOXQ,SOXX",1,2026-05-29T18:06:11.803395+00:00
ASX,core_ai,1,SOXX,1,2026-05-29T18:06:11.803395+00:00
AUR,core_ai,2,"ARKQ,BOTZ",1,2026-05-29T18:06:11.803395+00:00
AVAV,core_ai,3,"ARKQ,BOTZ,KOMP",1,2026-05-29T18:06:11.803395+00:00
AVGO,core_ai,7,"AIQ,IGM,IRBO,SMH,SOXQ,SOXX,WTAI",1,2026-05-29T18:06:11.803395+00:00
BABA,core_ai,2,"AIQ,PNQI",1,2026-05-29T18:06:11.803395+00:00
BBAI,core_ai,1,ROBT,1,2026-05-29T18:06:11.803395+00:00
BE,core_ai,2,"IRBO,KOMP",1,2026-05-29T18:06:11.803395+00:00
BIDU,core_ai,2,"ARKQ,BOTZ",1,2026-05-29T18:06:11.803395+00:00
BKNG,core_ai,2,"FDN,PNQI",1,2026-05-29T18:06:11.803395+00:00
BKSY,core_ai,1,KOMP,1,2026-05-29T18:06:11.803395+00:00
BRKR,core_ai,1,KOMP,1,2026-05-29T18:06:11.803395+00:00
BWXT,core_ai,1,ARKQ,1,2026-05-29T18:06:11.803395+00:00
CAT,core_ai,1,ARKQ,1,2026-05-29T18:06:11.803395+00:00
CCJ,core_ai,1,ARKQ,1,2026-05-29T18:06:11.803395+00:00
CDNS,core_ai,3,"IGV,ROBT,SMH",1,2026-05-29T18:06:11.803395+00:00
CGNX,core_ai,1,BOTZ,1,2026-05-29T18:06:11.803395+00:00
CIEN,core_ai,1,FDN,1,2026-05-29T18:06:11.803395+00:00
COHR,core_ai,3,"KOMP,SOXQ,WTAI",1,2026-05-29T18:06:11.803395+00:00
COIN,core_ai,1,PNQI,1,2026-05-29T18:06:11.803395+00:00
CPRT,core_ai,1,FDN,1,2026-05-29T18:06:11.803395+00:00
CRDO,core_ai,3,"SOXQ,SOXX,XSD",1,2026-05-29T18:06:11.803395+00:00
CRM,core_ai,3,"FDN,IGV,PNQI",1,2026-05-29T18:06:11.803395+00:00
CRWD,core_ai,1,IGV,1,2026-05-29T18:06:11.803395+00:00
CRWV,core_ai,2,"FDN,IRBO",1,2026-05-29T18:06:11.803395+00:00
CSCO,core_ai,5,"AIQ,FDN,IGM,ROBT,WTAI",1,2026-05-29T18:06:11.803395+00:00
CVNA,core_ai,1,FDN,1,2026-05-29T18:06:11.803395+00:00
DASH,core_ai,2,"FDN,PNQI",1,2026-05-29T18:06:11.803395+00:00
DDD,core_ai,1,KOMP,1,2026-05-29T18:06:11.803395+00:00
DDOG,core_ai,2,"FDN,IGV",1,2026-05-29T18:06:11.803395+00:00
DE,core_ai,1,ARKQ,1,2026-05-29T18:06:11.803395+00:00
DIS,core_ai,1,PNQI,1,2026-05-29T18:06:11.803395+00:00
DOCN,core_ai,1,WTAI,1,2026-05-29T18:06:11.803395+00:00
DT,core_ai,1,ROBT,1,2026-05-29T18:06:11.803395+00:00
EA,core_ai,1,IGV,1,2026-05-29T18:06:11.803395+00:00
EBAY,core_ai,2,"FDN,PNQI",1,2026-05-29T18:06:11.803395+00:00
ENTG,core_ai,1,SOXX,1,2026-05-29T18:06:11.803395+00:00
ESLT,core_ai,1,KOMP,1,2026-05-29T18:06:11.803395+00:00
FICO,core_ai,1,IGV,1,2026-05-29T18:06:11.803395+00:00
FTNT,core_ai,1,IGV,1,2026-05-29T18:06:11.803395+00:00
GEN,core_ai,1,IGV,1,2026-05-29T18:06:11.803395+00:00
GEV,core_ai,1,WTAI,1,2026-05-29T18:06:11.803395+00:00
GFS,core_ai,1,SOXQ,1,2026-05-29T18:06:11.803395+00:00
GNRC,core_ai,1,KOMP,1,2026-05-29T18:06:11.803395+00:00
GNTX,core_ai,1,ROBT,1,2026-05-29T18:06:11.803395+00:00
GOOG,core_ai,4,"ARKQ,FDN,IGM,PNQI",1,2026-05-29T18:06:11.803395+00:00
GOOGL,core_ai,5,"AIQ,BOTZ,FDN,IGM,WTAI",1,2026-05-29T18:06:11.803395+00:00
HIMX,core_ai,1,KOMP,1,2026-05-29T18:06:11.803395+00:00
HUT,core_ai,1,KOMP,1,2026-05-29T18:06:11.803395+00:00
IBM,core_ai,4,"AIQ,IGM,IRBO,ROBT",1,2026-05-29T18:06:11.803395+00:00
ILMN,core_ai,1,ROBT,1,2026-05-29T18:06:11.803395+00:00
INOD,core_ai,1,ROBT,1,2026-05-29T18:06:11.803395+00:00
INTC,core_ai,6,"AIQ,IGM,SMH,SOXQ,SOXX,XSD",1,2026-05-29T18:06:11.803395+00:00
INTU,core_ai,2,"IGV,PNQI",1,2026-05-29T18:06:11.803395+00:00
IRDM,core_ai,2,"ARKQ,KOMP",1,2026-05-29T18:06:11.803395+00:00
ISRG,core_ai,1,BOTZ,1,2026-05-29T18:06:11.803395+00:00
JBTM,core_ai,1,BOTZ,1,2026-05-29T18:06:11.803395+00:00
JOBY,core_ai,1,ARKQ,1,2026-05-29T18:06:11.803395+00:00
KLAC,core_ai,4,"IGM,SMH,SOXQ,SOXX",1,2026-05-29T18:06:11.803395+00:00
KTOS,core_ai,1,ARKQ,1,2026-05-29T18:06:11.803395+00:00
LHX,core_ai,1,ARKQ,1,2026-05-29T18:06:11.803395+00:00
LITE,core_ai,1,WTAI,1,2026-05-29T18:06:11.803395+00:00
LMT,core_ai,1,KOMP,1,2026-05-29T18:06:11.803395+00:00
LRCX,core_ai,5,"IGM,SMH,SOXQ,SOXX,WTAI",1,2026-05-29T18:06:11.803395+00:00
LSCC,core_ai,1,XSD,1,2026-05-29T18:06:11.803395+00:00
LUNR,core_ai,2,"ARKQ,KOMP",1,2026-05-29T18:06:11.803395+00:00
MBLY,core_ai,1,ROBT,1,2026-05-29T18:06:11.803395+00:00
MCHP,core_ai,4,"SMH,SOXQ,SOXX,XSD",1,2026-05-29T18:06:11.803395+00:00
MELI,core_ai,1,PNQI,1,2026-05-29T18:06:11.803395+00:00
META,core_ai,5,"AIQ,FDN,IGM,PNQI,WTAI",1,2026-05-29T18:06:11.803395+00:00
MPWR,core_ai,4,"SMH,SOXQ,SOXX,XSD",1,2026-05-29T18:06:11.803395+00:00
MRVL,core_ai,7,"IRBO,ROBT,SMH,SOXQ,SOXX,WTAI,XSD",1,2026-05-29T18:06:11.803395+00:00
MSFT,core_ai,5,"AIQ,IGM,IGV,IRBO,PNQI",1,2026-05-29T18:06:11.803395+00:00
MSTR,core_ai,1,IGV,1,2026-05-29T18:06:11.803395+00:00
MTSI,core_ai,3,"SOXQ,SOXX,XSD",1,2026-05-29T18:06:11.803395+00:00
MU,core_ai,9,"AIQ,IGM,IRBO,ROBT,SMH,SOXQ,SOXX,WTAI,XSD",1,2026-05-29T18:06:11.803395+00:00
MXL,core_ai,1,XSD,1,2026-05-29T18:06:11.803395+00:00
NET,core_ai,2,"FDN,ROBT",1,2026-05-29T18:06:11.803395+00:00
NFLX,core_ai,4,"AIQ,FDN,IGM,PNQI",1,2026-05-29T18:06:11.803395+00:00
NOW,core_ai,1,IGV,1,2026-05-29T18:06:11.803395+00:00
NRGV,core_ai,1,KOMP,1,2026-05-29T18:06:11.803395+00:00
NVDA,core_ai,9,"AIQ,ARKQ,BOTZ,IGM,IRBO,SMH,SOXQ,SOXX,WTAI",1,2026-05-29T18:06:11.803395+00:00
NVTS,core_ai,1,XSD,1,2026-05-29T18:06:11.803395+00:00
NXPI,core_ai,4,"SMH,SOXQ,SOXX,XSD",1,2026-05-29T18:06:11.803395+00:00
OII,core_ai,2,"KOMP,ROBT",1,2026-05-29T18:06:11.803395+00:00
ON,core_ai,5,"KOMP,SMH,SOXQ,SOXX,XSD",1,2026-05-29T18:06:11.803395+00:00
ONDS,core_ai,1,KOMP,1,2026-05-29T18:06:11.803395+00:00
ORA,core_ai,1,KOMP,1,2026-05-29T18:06:11.803395+00:00
ORCL,core_ai,5,"AIQ,IGM,IGV,IRBO,WTAI",1,2026-05-29T18:06:11.803395+00:00
PANW,core_ai,4,"IGM,IGV,ROBT,WTAI",1,2026-05-29T18:06:11.803395+00:00
PATH,core_ai,2,"BOTZ,ROBT",1,2026-05-29T18:06:11.803395+00:00
PENG,core_ai,1,XSD,1,2026-05-29T18:06:11.803395+00:00
PI,core_ai,1,XSD,1,2026-05-29T18:06:11.803395+00:00
PL,core_ai,1,KOMP,1,2026-05-29T18:06:11.803395+00:00
PLTR,core_ai,5,"AIQ,ARKQ,IGM,IGV,IRBO",1,2026-05-29T18:06:11.803395+00:00
POWI,core_ai,1,XSD,1,2026-05-29T18:06:11.803395+00:00
PSN,core_ai,1,KOMP,1,2026-05-29T18:06:11.803395+00:00
PTC,core_ai,1,IGV,1,2026-05-29T18:06:11.803395+00:00
PYPL,core_ai,2,"FDN,PNQI",1,2026-05-29T18:06:11.803395+00:00
QCOM,core_ai,6,"AIQ,IGM,SMH,SOXQ,SOXX,XSD",1,2026-05-29T18:06:11.803395+00:00
RBLX,core_ai,2,"FDN,PNQI",1,2026-05-29T18:06:11.803395+00:00
RDW,core_ai,1,KOMP,1,2026-05-29T18:06:11.803395+00:00
RKLB,core_ai,1,ARKQ,1,2026-05-29T18:06:11.803395+00:00
RMBS,core_ai,1,XSD,1,2026-05-29T18:06:11.803395+00:00
ROP,core_ai,1,IGV,1,2026-05-29T18:06:11.803395+00:00
S,core_ai,1,ROBT,1,2026-05-29T18:06:11.803395+00:00
SAP,core_ai,1,AIQ,1,2026-05-29T18:06:11.803395+00:00
SE,core_ai,1,PNQI,1,2026-05-29T18:06:11.803395+00:00
SHOP,core_ai,1,PNQI,1,2026-05-29T18:06:11.803395+00:00
SITM,core_ai,1,XSD,1,2026-05-29T18:06:11.803395+00:00
SMCI,core_ai,1,IRBO,1,2026-05-29T18:06:11.803395+00:00
SMTC,core_ai,1,XSD,1,2026-05-29T18:06:11.803395+00:00
SNDK,core_ai,2,"IGM,WTAI",1,2026-05-29T18:06:11.803395+00:00
SNOW,core_ai,1,FDN,1,2026-05-29T18:06:11.803395+00:00
SNPS,core_ai,3,"IGV,ROBT,SMH",1,2026-05-29T18:06:11.803395+00:00
SPOT,core_ai,1,PNQI,1,2026-05-29T18:06:11.803395+00:00
STM,core_ai,1,SMH,1,2026-05-29T18:06:11.803395+00:00
STX,core_ai,3,"AIQ,IGM,IRBO",1,2026-05-29T18:06:11.803395+00:00
SWKS,core_ai,1,SMH,1,2026-05-29T18:06:11.803395+00:00
SYM,core_ai,2,"ARKQ,BOTZ",1,2026-05-29T18:06:11.803395+00:00
SYNA,core_ai,1,XSD,1,2026-05-29T18:06:11.803395+00:00
TDY,core_ai,1,KOMP,1,2026-05-29T18:06:11.803395+00:00
TEAM,core_ai,1,IGV,1,2026-05-29T18:06:11.803395+00:00
TER,core_ai,5,"ARKQ,SMH,SOXQ,SOXX,WTAI",1,2026-05-29T18:06:11.803395+00:00
TRMB,core_ai,1,ARKQ,1,2026-05-29T18:06:11.803395+00:00
TSLA,core_ai,3,"AIQ,ARKQ,BOTZ",1,2026-05-29T18:06:11.803395+00:00
TSM,core_ai,6,"AIQ,ARKQ,SMH,SOXQ,SOXX,WTAI",1,2026-05-29T18:06:11.803395+00:00
TTWO,core_ai,1,IGV,1,2026-05-29T18:06:11.803395+00:00
TWLO,core_ai,1,PNQI,1,2026-05-29T18:06:11.803395+00:00
TWST,core_ai,1,KOMP,1,2026-05-29T18:06:11.803395+00:00
TXN,core_ai,5,"IGM,SMH,SOXQ,SOXX,XSD",1,2026-05-29T18:06:11.803395+00:00
UBER,core_ai,1,PNQI,1,2026-05-29T18:06:11.803395+00:00
UPST,core_ai,1,ROBT,1,2026-05-29T18:06:11.803395+00:00
VEEV,core_ai,1,FDN,1,2026-05-29T18:06:11.803395+00:00
VRSN,core_ai,2,"FDN,PNQI",1,2026-05-29T18:06:11.803395+00:00
VRT,core_ai,1,WTAI,1,2026-05-29T18:06:11.803395+00:00
VUZI,core_ai,1,KOMP,1,2026-05-29T18:06:11.803395+00:00
WDAY,core_ai,2,"FDN,IGV",1,2026-05-29T18:06:11.803395+00:00
WDC,core_ai,2,"IGM,IRBO",1,2026-05-29T18:06:11.803395+00:00
XPEV,core_ai,1,BOTZ,1,2026-05-29T18:06:11.803395+00:00
ZM,core_ai,2,"FDN,IGV",1,2026-05-29T18:06:11.803395+00:00
