theme,list_type,symbol,triage,research_priority,composite_score,entry_date,entry_price,status,exit_date,return_120d
nuclear,low_value,CEG,watch,theme_only,0.8901,2026-09-28,258.77,open,,
nuclear,momentum,CEG,momentum,theme_only,0.7946,2026-09-28,258.77,open,,
nuclear,momentum,CCJ,momentum,theme_only,0.7042,2026-09-28,86.755,open,,
nuclear,momentum,OKLO,momentum,theme_only,0.6896,2026-09-28,37.28,open,,
nuclear,momentum,PEG,momentum,theme_only,0.6528,2026-09-28,66.515,open,,
nuclear,momentum,SMR,momentum,theme_only,0.5335,2026-09-28,7.985,open,,
nuclear,momentum,UEC,momentum,theme_only,0.5008,2026-09-28,9.145,open,,
quantum,low_value,TER,watch,watch_for_pullback,0.8376,2026-09-28,387.96,open,,
quantum,low_value,MSFT,watch,watch_for_pullback,0.8295,2026-09-28,508.985,open,,
quantum,low_value,NVDA,watch,watch_for_pullback,0.8198,2026-09-28,230.125,open,,
quantum,momentum,AMD,momentum,watch_for_pullback,0.8692,2026-09-28,600.275,open,,
quantum,momentum,MU,momentum,watch_for_pullback,0.8265,2026-09-28,1040.49,open,,
quantum,momentum,HPE,momentum,research_now,0.8087,2026-09-28,61.405,open,,
quantum,momentum,MSFT,momentum,watch_for_pullback,0.759,2026-09-28,508.985,open,,
quantum,momentum,NVDA,momentum,watch_for_pullback,0.75,2026-09-28,230.125,open,,
quantum,momentum,TER,momentum,watch_for_pullback,0.7073,2026-09-28,387.96,open,,
quantum,momentum,NET,momentum,theme_only,0.6905,2026-09-28,352.07,open,,
quantum,momentum,INTC,momentum,theme_only,0.684,2026-09-28,115.02,open,,
quantum,momentum,NBIS,momentum,watch_for_pullback,0.6528,2026-09-28,230.63,open,,
quantum,momentum,NTNX,momentum,watch_for_pullback,0.6382,2026-09-28,68.635,open,,
biotech,momentum,ILMN,momentum,avoid_for_now,1.0524,2026-09-28,269.995,open,,
biotech,momentum,NTRA,momentum,avoid_for_now,0.9715,2026-09-28,410.08,open,,
biotech,momentum,TWST,momentum,avoid_for_now,0.9561,2026-09-28,180.95,open,,
biotech,momentum,BIIB,momentum,avoid_for_now,0.9064,2026-09-28,229.315,open,,
biotech,momentum,REGN,momentum,avoid_for_now,0.8673,2026-09-28,762.04,open,,
biotech,momentum,MRNA,momentum,avoid_for_now,0.8552,2026-09-28,194.3,open,,
biotech,momentum,AMGN,momentum,avoid_for_now,0.8402,2026-09-28,415.32,open,,
biotech,momentum,ABBV,momentum,avoid_for_now,0.8249,2026-09-28,265.79,open,,
biotech,momentum,LLY,momentum,avoid_for_now,0.8017,2026-09-28,1186.13,open,,
biotech,momentum,RVMD,momentum,avoid_for_now,0.7713,2026-09-28,203.515,open,,
rare_earth,momentum,MP,momentum,theme_only,0.7599,2026-09-28,46.51,open,,
rare_earth,momentum,ALB,momentum,theme_only,0.3559,2026-09-28,107.15,open,,
critical_minerals,momentum,FCX,momentum,avoid_for_now,0.9644,2026-09-28,71.45,open,,
critical_minerals,momentum,SCCO,momentum,avoid_for_now,0.9225,2026-09-28,201.15,open,,
critical_minerals,momentum,TSLA,momentum,avoid_for_now,0.8479,2026-09-28,360.13,open,,
critical_minerals,momentum,STLD,momentum,avoid_for_now,0.8016,2026-09-28,230.2,open,,
critical_minerals,momentum,NUE,momentum,avoid_for_now,0.773,2026-09-28,245.14,open,,
critical_minerals,momentum,RIO,momentum,avoid_for_now,0.6057,2026-09-28,93.73,open,,
critical_minerals,momentum,OKLO,momentum,theme_only,0.5254,2026-09-28,37.275,open,,
critical_minerals,momentum,MP,momentum,avoid_for_now,0.5076,2026-09-28,46.59,open,,
critical_minerals,momentum,ALB,momentum,avoid_for_now,0.465,2026-09-28,107.15,open,,
critical_minerals,momentum,SMR,momentum,theme_only,0.4585,2026-09-28,8.0,open,,
