symbol,themes,price,market_cap,dollar_volume,in_window,is_new_member
ABSI,biotech,9.37,1608023274,662581,True,False
BEAM,biotech,24.05,2484068343,747185,True,False
BFLY,biotech,9.02,2337806329,713348,True,False
LEU,"nuclear,critical_minerals",141.3,2801413800,1596973,True,False
NTLA,biotech,11.54,1617762671,660697,True,False
RXRX,biotech,3.8,2034300246,1305756,True,False
SDGR,biotech,29.7,2208279853,1560022,True,False
SMR,"nuclear,critical_minerals",7.97,2729378546,2891280,True,False
UUUU,nuclear,11.01,2752114650,1111085,True,False
