style,candidate,horizon_days,n_valid,avg_return,avg_excess_vs_qqq,median_excess_vs_qqq,std_excess_vs_qqq,positive_excess_rate,worst_excess_vs_qqq,avg_excess_down,top_year,top_year_share,avg_excess_without_top_year,top_date_share,top3_date_share,loo_avg_excess_min,loo_avg_excess_max,avg_holdings,turnover_proxy,selection_top1_symbol,selection_top1_share,selection_top3_share,component_corr,std_ratio_vs_momentum,return_top1_share,return_top3_share,after_top1_positive
risk_off,momentum,20,41,0.02180993867364849,0.008421929516859512,0.008830538595453095,0.03466443305453279,0.5853658536585366,-0.07398796369732846,0.000672665378355192,2024,0.660414502562645,0.004043398968929939,0.23567957694158906,0.5961837943793519,0.006597979049576534,0.010482176847214211,18.533333333333335,0.7099449047932304,PWR,0.03597122302158273,0.10551558752997602,,,0.1134,0.3316,True
risk_off,industry_trend,20,41,0.01933053644990069,0.005942527293111708,0.004094121383949506,0.03179109341735492,0.5365853658536586,-0.07346035891289643,-0.0018902593003852428,2025,0.6645297534952752,0.0026366188687461547,0.38998075308161967,0.8410063693243635,0.0037156824247393237,0.00792759944826191,19.066666666666666,0.6056647754551266,ETN,0.04079254079254079,0.12121212121212122,,,,,
risk_off,momentum_industry_50_50_proxy,20,41,0.020570237561774587,0.007182228404985609,0.006240336503786121,0.03275368658738373,0.5609756097560976,-0.07372416130511245,-0.0006087969610150245,2025,0.6519076544548378,0.003306555741968829,0.29951345264615925,0.6974660672022763,0.005156830737157929,0.009204888147738061,22.822222222222223,0.6277894091490771,CSCO,0.034079844206426485,0.10223953261927946,0.9432310519133057,0.9448787619245598,,,
risk_off,momentum,60,39,0.07404292664312882,0.023409050694701103,0.023993367143250385,0.07169444862406252,0.6153846153846154,-0.11677370180450104,-0.004639864020679717,2025,0.9006876605134095,0.0031264653791857806,0.1978990436159291,0.5193872052887228,0.01927053831737514,0.027098070497311687,18.533333333333335,0.7099449047932304,PWR,0.03597122302158273,0.10551558752997602,,,0.0937,0.2466,True
risk_off,industry_trend,60,39,0.07105461596456016,0.02042074001613242,0.027160352180280622,0.05853793756975136,0.5641025641025641,-0.11066148015804297,0.005023409232441483,2025,0.8611662083188744,0.003812705581020418,0.2157874286597646,0.5354919528636684,0.016435627379793264,0.02387027212597914,19.066666666666666,0.6056647754551266,ETN,0.04079254079254079,0.12121212121212122,,,,,
risk_off,momentum_industry_50_50_proxy,60,39,0.07254877130384448,0.02191489535541676,0.027851264836037788,0.06419532288035446,0.5897435897435898,-0.10591678915809556,0.00019177260588088295,2025,0.8822742187142196,0.0034695854801030965,0.2062334220002262,0.5268905690493012,0.0178530828485842,0.025278887053140776,22.822222222222223,0.6277894091490771,CSCO,0.034079844206426485,0.10223953261927946,0.9432530297175417,0.8954015842561183,,,
risk_off,momentum,120,36,0.18426124211682804,0.06916491710654463,0.040387183828986595,0.09742082481467539,0.7777777777777778,-0.053819620810123564,0.03671501493696177,2025,0.737383046996769,0.02514998739495019,0.13163475302714503,0.3546755965308404,0.06177642204865543,0.07267876104702085,18.533333333333335,0.7099449047932304,PWR,0.03597122302158273,0.10551558752997602,,,0.0935,0.243,True
risk_off,industry_trend,120,36,0.17649046828637768,0.061394143276094194,0.04374483549608851,0.07421682012229487,0.8055555555555556,-0.03447229060786203,0.054373945032625826,2025,0.6414664499318933,0.030477960196848064,0.10835930766288213,0.3101294834724503,0.0563055597423163,0.06413318424420723,19.066666666666666,0.6056647754551266,ETN,0.04079254079254079,0.12121212121212122,,,,,
risk_off,momentum_industry_50_50_proxy,120,36,0.1803758552016029,0.06527953019131942,0.038868350427065976,0.08427479282815012,0.8055555555555556,-0.03138296376149126,0.045544479984793794,2025,0.6922791891297018,0.027813973795899123,0.12068969855662066,0.32711550810062034,0.05904099089548586,0.06804131573282829,22.822222222222223,0.6277894091490771,CSCO,0.034079844206426485,0.10223953261927946,0.9273526970045373,0.8650593236966214,,,
risk_on,momentum,20,41,0.021983565049006417,0.008595555892217438,0.006184931575345781,0.03462460024687531,0.5365853658536586,-0.06562978577702172,0.0026745795514509854,2024,0.6913798257165027,0.0037504565606312833,0.25549582297008,0.6687595332579225,0.0065594129472912755,0.010451189433948417,18.555555555555557,0.751296743494494,AMZN,0.033532934131736525,0.09461077844311377,,,0.1216,0.3264,True
risk_on,industry_trend,20,41,0.019470806503554677,0.006082797346765702,0.0034084130663920905,0.03063625065327686,0.5609756097560976,-0.07355968228139145,-0.0021900962446269323,2025,0.5995792262482037,0.003221381136350295,0.33062565681275274,0.7991613616358791,0.004173460190700732,0.008073859337469631,18.977777777777778,0.6169732167471764,MSFT,0.04215456674473068,0.12295081967213115,,,,,
risk_on,momentum_industry_50_50_proxy,20,41,0.020727185776280545,0.007339176619491572,0.007763507882043207,0.03197018404704658,0.5121951219512195,-0.06959473402920659,0.00024224165341202655,2024,0.629999303533933,0.003839155823747363,0.28663007532936,0.697301158546668,0.005366436568996005,0.009262524385709025,23,0.6491842548002779,MSFT,0.035748792270531404,0.10241545893719807,0.9195827932444618,0.9233372752059924,,,
risk_on,momentum,60,39,0.07267130201413326,0.02203742606570551,0.03065890984274,0.0700127763445277,0.6153846153846154,-0.11119658176363637,-0.004799640818988938,2025,0.9693335906244326,0.0009088462221818634,0.21006439115515926,0.5562635822411486,0.017866256723338515,0.025543584166477663,18.555555555555557,0.751296743494494,AMZN,0.033532934131736525,0.09461077844311377,,,0.1082,0.2662,True
risk_on,industry_trend,60,39,0.0727346674498489,0.02210079150142115,0.03100754451923467,0.05872633084115155,0.5641025641025641,-0.1090297990821015,0.0011287526152021579,2025,0.8025251481664891,0.005869298984783165,0.20776444302760488,0.49393283169994695,0.017969796887413347,0.025551596516777006,18.977777777777778,0.6169732167471764,MSFT,0.04215456674473068,0.12295081967213115,,,,,
risk_on,momentum_industry_50_50_proxy,60,39,0.07270298473199106,0.02206910878356333,0.031184036185782596,0.06304835095119943,0.5897435897435898,-0.09189756297668317,-0.0018354441018933892,2025,0.8858096331417109,0.0033890726034825156,0.2089127661727082,0.5235308044213035,0.017918026805375933,0.025068231724622442,23,0.6491842548002779,MSFT,0.035748792270531404,0.10241545893719807,0.9181121025516705,0.9005263645158585,,,
risk_on,momentum,120,36,0.1825920973263121,0.0674957723160287,0.05277203040293804,0.09635373755412151,0.7222222222222222,-0.050585146564579464,0.04152506738918523,2025,0.7105694939291155,0.027048926131024678,0.1334938607859794,0.3582245768197897,0.0601565153994829,0.07086951285547465,18.555555555555557,0.751296743494494,AMZN,0.033532934131736525,0.09461077844311377,,,0.0939,0.2652,True
risk_on,industry_trend,120,36,0.1793041001563186,0.06420777514603512,0.044362379057066484,0.07544367244384478,0.8055555555555556,-0.028438836128060196,0.05302374163569844,2025,0.6050938344161857,0.03510837177727633,0.10817724282481607,0.29825289869774146,0.058898010921759045,0.06685482118243787,18.977777777777778,0.6169732167471764,MSFT,0.04215456674473068,0.12295081967213115,,,,,
risk_on,momentum_industry_50_50_proxy,120,36,0.18094809874131534,0.06585177373103189,0.04934118944830213,0.08328262156608102,0.7777777777777778,-0.028383146243454838,0.047274404512441845,2025,0.6591482713433179,0.031078648954150506,0.12115156822945836,0.316159672411622,0.05952726316062096,0.06854420001601723,23,0.6491842548002779,MSFT,0.035748792270531404,0.10241545893719807,0.8782293495749631,0.8643424082983964,,,
