style,candidate,horizon_days,segment_type,segment,n,avg_excess_vs_qqq
risk_off,momentum,20,year,2023,12,-0.006199625866382352
risk_off,momentum,20,year,2024,12,0.019003378341022642
risk_off,momentum,20,year,2025,10,0.022202783912030327
risk_off,momentum,20,year,2026,7,-0.004339108374963833
risk_off,momentum,20,regime,down,8,0.000672665378355192
risk_off,momentum,20,regime,up,33,0.010300539004981771
risk_off,industry_trend,20,year,2023,12,-0.004303875233547674
risk_off,industry_trend,20,year,2024,12,0.010252371512317568
risk_off,industry_trend,20,year,2025,10,0.01619084340864492
risk_off,industry_trend,20,year,2026,7,0.0014790327979845844
risk_off,industry_trend,20,regime,down,8,-0.0018902593003852428
risk_off,industry_trend,20,regime,up,33,0.007841384649110968
risk_off,momentum_industry_50_50_proxy,20,year,2023,12,-0.005251750549965014
risk_off,momentum_industry_50_50_proxy,20,year,2024,12,0.014627874926670103
risk_off,momentum_industry_50_50_proxy,20,year,2025,10,0.019196813660337625
risk_off,momentum_industry_50_50_proxy,20,year,2026,7,-0.001430037788489624
risk_off,momentum_industry_50_50_proxy,20,regime,down,8,-0.0006087969610150245
risk_off,momentum_industry_50_50_proxy,20,regime,up,33,0.009070961827046368
risk_off,momentum,60,year,2023,12,-0.0119757954965253
risk_off,momentum,60,year,2024,12,0.029250403258907876
risk_off,momentum,60,year,2025,10,0.08222854810969554
risk_off,momentum,60,year,2026,5,-0.02332555943044065
risk_off,momentum,60,regime,down,7,-0.004639864020679717
risk_off,momentum,60,regime,up,32,0.029544750788690653
risk_off,industry_trend,60,year,2023,12,-0.013166686184918806
risk_off,industry_trend,60,year,2024,12,0.02264667525811145
risk_off,industry_trend,60,year,2025,10,0.06858403987795723
risk_off,industry_trend,60,year,2026,5,-0.0006382814057439262
risk_off,industry_trend,60,regime,down,7,0.005023409232441483
risk_off,industry_trend,60,regime,up,32,0.02378890612506481
risk_off,momentum_industry_50_50_proxy,60,year,2023,12,-0.012571240840722059
risk_off,momentum_industry_50_50_proxy,60,year,2024,12,0.02594853925850966
risk_off,momentum_industry_50_50_proxy,60,year,2025,10,0.0754062939938264
risk_off,momentum_industry_50_50_proxy,60,year,2026,5,-0.011981920418092287
risk_off,momentum_industry_50_50_proxy,60,regime,down,7,0.00019177260588088295
risk_off,momentum_industry_50_50_proxy,60,regime,up,32,0.026666828456877737
risk_off,momentum,120,year,2023,12,0.012945627646238328
risk_off,momentum,120,year,2024,12,0.03452485689978949
risk_off,momentum,120,year,2025,10,0.18360373435669017
risk_off,momentum,120,year,2026,2,0.04212692885818557
risk_off,momentum,120,regime,down,7,0.03671501493696177
risk_off,momentum,120,regime,up,29,0.07699765211299567
risk_off,industry_trend,120,year,2023,12,0.012789970878930254
risk_off,industry_trend,120,year,2024,12,0.0387407781207128
risk_off,industry_trend,120,year,2025,10,0.14177621928213419
risk_off,industry_trend,120,year,2026,2,0.08702898856116652
risk_off,industry_trend,120,regime,down,7,0.054373945032625826
risk_off,industry_trend,120,regime,up,29,0.06308867388658657
risk_off,momentum_industry_50_50_proxy,120,year,2023,12,0.012867799262584292
risk_off,momentum_industry_50_50_proxy,120,year,2024,12,0.03663281751025115
risk_off,momentum_industry_50_50_proxy,120,year,2025,10,0.16268997681941216
risk_off,momentum_industry_50_50_proxy,120,year,2026,2,0.06457795870967603
risk_off,momentum_industry_50_50_proxy,120,regime,down,7,0.045544479984793794
risk_off,momentum_industry_50_50_proxy,120,regime,up,29,0.07004316299979112
risk_on,momentum,20,year,2023,12,-0.007761303225088082
risk_on,momentum,20,year,2024,12,0.020304545943550648
risk_on,momentum,20,year,2025,10,0.022049183240288543
risk_on,momentum,20,year,2026,7,-0.0026561362062173196
risk_on,momentum,20,regime,down,8,0.0026745795514509854
risk_on,momentum,20,regime,up,33,0.01003094409603961
risk_on,industry_trend,20,year,2023,12,-0.003761358668041318
risk_on,industry_trend,20,year,2024,12,0.011290574474862822
risk_on,industry_trend,20,year,2025,10,0.014953187599053466
risk_on,industry_trend,20,year,2026,7,0.0013588893635715757
risk_on,industry_trend,20,regime,down,8,-0.0021900962446269323
risk_on,industry_trend,20,regime,up,33,0.00808834730831543
risk_on,momentum_industry_50_50_proxy,20,year,2023,12,-0.005761330946564699
risk_on,momentum_industry_50_50_proxy,20,year,2024,12,0.015797560209206734
risk_on,momentum_industry_50_50_proxy,20,year,2025,10,0.018501185419671003
risk_on,momentum_industry_50_50_proxy,20,year,2026,7,-0.0006486234213228704
risk_on,momentum_industry_50_50_proxy,20,regime,down,8,0.00024224165341202655
risk_on,momentum_industry_50_50_proxy,20,regime,up,33,0.009059645702177519
risk_on,momentum,60,year,2023,12,-0.018124171104636502
risk_on,momentum,60,year,2024,12,0.03091476671325592
risk_on,momentum,60,year,2025,10,0.08331030761192407
risk_on,momentum,60,year,2026,5,-0.025426121372031783
risk_on,momentum,60,regime,down,7,-0.004799640818988938
risk_on,momentum,60,regime,up,32,0.027908034446732417
risk_on,industry_trend,60,year,2023,12,-0.010296776097494053
risk_on,industry_trend,60,year,2024,12,0.024259605084565126
risk_on,industry_trend,60,year,2025,10,0.06917211979967129
risk_on,industry_trend,60,year,2026,5,0.0005311445427717748
risk_on,industry_trend,60,regime,down,7,0.0011287526152021579
risk_on,industry_trend,60,regime,up,32,0.02668842500778155
risk_on,momentum_industry_50_50_proxy,60,year,2023,12,-0.014210473601065277
risk_on,momentum_industry_50_50_proxy,60,year,2024,12,0.027587185898910526
risk_on,momentum_industry_50_50_proxy,60,year,2025,10,0.0762412137057977
risk_on,momentum_industry_50_50_proxy,60,year,2026,5,-0.012447488414630007
risk_on,momentum_industry_50_50_proxy,60,regime,down,7,-0.0018354441018933892
risk_on,momentum_industry_50_50_proxy,60,regime,up,32,0.02729822972725699
risk_on,momentum,120,year,2023,12,0.0062407243571456815
risk_on,momentum,120,year,2024,12,0.04395889665832444
risk_on,momentum,120,year,2025,10,0.1726575723970391
risk_on,momentum,120,year,2026,2,0.050438313610500135
risk_on,momentum,120,regime,down,7,0.04152506738918523
risk_on,momentum,120,regime,up,29,0.07376456316043918
risk_on,industry_trend,120,year,2023,12,0.019164941403071453
risk_on,industry_trend,120,year,2024,12,0.04550507505588363
risk_on,industry_trend,120,year,2025,10,0.139866223904808
risk_on,industry_trend,120,year,2026,2,0.06838873435086193
risk_on,industry_trend,120,regime,down,7,0.05302374163569844
risk_on,industry_trend,120,regime,up,29,0.06690736944163364
risk_on,momentum_industry_50_50_proxy,120,year,2023,12,0.012702832880108567
risk_on,momentum_industry_50_50_proxy,120,year,2024,12,0.04473198585710403
risk_on,momentum_industry_50_50_proxy,120,year,2025,10,0.15626189815092353
risk_on,momentum_industry_50_50_proxy,120,year,2026,2,0.05941352398068104
risk_on,momentum_industry_50_50_proxy,120,regime,down,7,0.047274404512441845
risk_on,momentum_industry_50_50_proxy,120,regime,up,29,0.0703359663010364
