tuner_style_run,profile,train_labels,held_out,selected_cid,training_rank_score,training_constraints_passed,training_failure_reason,oos_pass,oos_failure_reason,oos_score,oos_avg_return,oos_avg_excess_vs_qqq,oos_avg_win_rate,oos_valid_events,oos_coverage_ratio
risk_off,risk_on,2023,2024,cand_012,0.143946,False,total_valid_events_too_low;window_valid_events_too_low;avg_excess_vs_qqq_too_low;positive_excess_window_ratio_too_low,False,heldout_valid_events_too_low;heldout_avg_excess_too_low,0.0995578233615936,0.039125019115949504,-0.005566005676283292,0.6816666666666666,12,1.0
risk_off,risk_on,2023+2024,2025,cand_032,0.190945,False,total_valid_events_too_low;window_valid_events_too_low;avg_excess_vs_qqq_too_low,False,heldout_valid_events_too_low;heldout_avg_excess_too_low,0.05284700028589795,0.04067176278393912,-0.0013697749606273498,0.594,10,0.8333333333333333
risk_off,risk_on,2023+2024+2025,2026YTD,cand_032,0.199152,False,total_valid_events_too_low;window_valid_events_too_low,False,heldout_valid_events_too_low;heldout_avg_excess_too_low,0.0699396319212848,0.06340479558087572,-0.004679032361575341,0.5928571428571429,4,0.5
risk_off,risk_off,2023,2024,cand_035,0.051584,False,total_valid_events_too_low;window_valid_events_too_low;avg_excess_vs_qqq_too_low;positive_window_score_ratio_too_low;positive_excess_window_ratio_too_low,False,heldout_valid_events_too_low;heldout_avg_excess_too_low,0.1091101186454525,0.04033276545578538,-0.004358259336447422,0.6883333333333334,12,1.0
risk_off,risk_off,2023+2024,2025,cand_030,0.122992,False,total_valid_events_too_low;window_valid_events_too_low;avg_excess_vs_qqq_too_low,False,heldout_valid_events_too_low,0.07676784521345861,0.04800932073465272,0.005967782990086227,0.612,10,0.8333333333333333
risk_off,risk_off,2023+2024+2025,2026YTD,cand_030,0.118978,False,total_valid_events_too_low;window_valid_events_too_low,False,heldout_valid_events_too_low,0.13395184851915842,0.07120808146294788,0.003124253520496799,0.6828571428571428,4,0.5
risk_on,risk_on,2023,2024,cand_034,0.148499,False,total_valid_events_too_low;window_valid_events_too_low;avg_excess_vs_qqq_too_low;positive_excess_window_ratio_too_low,False,heldout_valid_events_too_low;heldout_avg_excess_too_low,0.114322202472717,0.03734484436727889,-0.0073461804249538845,0.7166666666666667,12,1.0
risk_on,risk_on,2023+2024,2025,cand_005,0.189583,False,total_valid_events_too_low;window_valid_events_too_low;avg_excess_vs_qqq_too_low;positive_excess_window_ratio_too_low,False,heldout_valid_events_too_low,0.34613301485241055,0.12248581066563204,0.08044427292106554,0.89,10,0.8333333333333333
risk_on,risk_on,2023+2024+2025,2026YTD,cand_028,0.200748,False,total_valid_events_too_low;window_valid_events_too_low;avg_excess_vs_qqq_too_low;positive_excess_window_ratio_too_low,False,heldout_valid_events_too_low;heldout_avg_excess_too_low,0.11213007705546035,0.0481867815499977,-0.019897046392453353,0.7142857142857143,4,0.5
risk_on,risk_off,2023,2024,cand_026,0.06102,False,total_valid_events_too_low;window_valid_events_too_low;avg_excess_vs_qqq_too_low;positive_excess_window_ratio_too_low,False,heldout_valid_events_too_low;heldout_avg_excess_too_low,0.10577794050794617,0.03980534558591431,-0.004885679206318536,0.6916666666666667,12,1.0
risk_on,risk_off,2023+2024,2025,cand_012,0.138278,False,total_valid_events_too_low;window_valid_events_too_low;avg_excess_vs_qqq_too_low;positive_excess_window_ratio_too_low,False,heldout_valid_events_too_low,0.354275875957508,0.1267313924608631,0.08468985471629659,0.89,10,0.8333333333333333
risk_on,risk_off,2023+2024+2025,2026YTD,cand_005,0.126839,False,total_valid_events_too_low;window_valid_events_too_low;avg_excess_vs_qqq_too_low;positive_excess_window_ratio_too_low,False,heldout_valid_events_too_low;heldout_avg_excess_too_low,0.11213007705546035,0.0481867815499977,-0.019897046392453353,0.7142857142857143,4,0.5
