style,scenario,list_type,horizon_days,n_events_total,n_events_valid,avg_return,median_return,win_rate,std_return,cumulative_return,n_cumulative_events,avg_n_priced,avg_n_selected,n_no_signal_events,n_unpriced_events,n_partial_valid_events,avg_excess_vs_QQQ
risk_off,base,industry_trend,20,45,41,0.0193305364499006,0.0309697163418445,0.6829268292682927,0.052461563479593,0.9180833514003436,29,18.55555555555556,19.066666666666663,3,1,0,0.0059425272931117
risk_off,base,industry_trend,60,45,39,0.0710546159645601,0.0935189344693653,0.7435897435897436,0.0856520404608924,1.7938149230277265,14,17.644444444444446,19.066666666666663,3,3,0,0.0204207400161324
risk_off,base,industry_trend,120,45,36,0.1764904682863776,0.1761458047014258,0.9722222222222222,0.0898295468798537,2.40809765600866,7,16.288888888888888,19.066666666666663,3,6,0,0.0613941432760942
risk_off,base,low_value,20,45,41,0.0069553871818792,0.0042477283207229,0.5365853658536586,0.0450393444744272,0.4958015040709078,29,15.622222222222222,16.022222222222222,3,1,0,-0.0064326219749097
risk_off,base,low_value,60,45,39,0.0386995196882178,0.0314958334766258,0.6153846153846154,0.074724046781717,0.9403226410350054,14,14.733333333333333,16.022222222222222,3,3,0,-0.0119343562602098
risk_off,base,low_value,120,45,36,0.1023424777381134,0.0988452283402851,0.8333333333333334,0.0993509138735632,1.3414506494165477,7,13.688888888888888,16.022222222222222,3,6,0,-0.01275384727217
risk_off,base,momentum,20,45,41,0.0218099386736484,0.0287153999591099,0.7073170731707317,0.05750568485616,0.953747211870004,29,18.044444444444444,18.53333333333333,3,1,0,0.0084219295168595
risk_off,base,momentum,60,45,39,0.0740429266431288,0.0994059395669988,0.717948717948718,0.0904328468693592,1.6910056561566449,14,17.133333333333333,18.53333333333333,3,3,0,0.0234090506947011
risk_off,base,momentum,120,45,36,0.184261242116828,0.1808011685124383,0.9722222222222222,0.1027652341891001,2.1441233044832635,7,15.844444444444443,18.53333333333333,3,6,0,0.0691649171065446
risk_off,base,research_pool,20,45,44,0.0161551421210877,0.0232955721461406,0.6363636363636364,0.0503482279205155,1.251869559989455,32,29.33333333333333,30.0,0,1,0,-0.0013547351748428
risk_off,base,research_pool,60,45,42,0.0725733802850417,0.0714461811495899,0.7857142857142857,0.0840637536923296,1.317011260274204,14,28.0,30.0,0,3,0,0.0124975013193634
risk_off,base,research_pool,120,45,39,0.1546303558663895,0.1404353100535949,0.9743589743589745,0.0978164771757357,1.5270422700011856,7,26.0,30.0,0,6,0,0.0271256870463412
risk_on,base,industry_trend,20,45,41,0.0194708065035546,0.0259980287452285,0.7073170731707317,0.0508677668180052,0.932041755102886,29,18.466666666666665,18.977777777777774,3,1,0,0.0060827973467657
risk_on,base,industry_trend,60,45,39,0.0727346674498489,0.1010776705940875,0.7692307692307693,0.0851816328347464,1.821840462136287,14,17.57777777777778,18.977777777777774,3,3,0,0.0221007915014211
risk_on,base,industry_trend,120,45,36,0.1793041001563186,0.2006648146455715,0.9722222222222222,0.0904712482187981,2.2320440731800124,7,16.2,18.977777777777774,3,6,0,0.0642077751460351
risk_on,base,low_value,20,45,40,0.019900854403569,0.0325206413754516,0.65,0.0622272418653732,0.9428399746658744,29,13.28888888888889,13.6,4,1,0,0.0051944725304827
risk_on,base,low_value,60,45,38,0.0582381399252852,0.0593894534711769,0.7105263157894737,0.09928645525535,1.5963361240206386,14,12.8,13.6,4,3,0,0.0100401237315337
risk_on,base,low_value,120,45,35,0.1603011135114568,0.1246214170965641,0.9142857142857144,0.1339417373641204,1.6870413071264818,7,11.622222222222222,13.6,4,6,0,0.0488194458892706
risk_on,base,momentum,20,45,41,0.0219835650490064,0.0242456608986828,0.7073170731707317,0.0592734427784291,1.111555320158493,29,18.022222222222226,18.55555555555556,3,1,0,0.0085955558922174
risk_on,base,momentum,60,45,39,0.0726713020141332,0.0938582113760981,0.717948717948718,0.0924640525844327,1.8389768890039184,14,17.08888888888889,18.55555555555556,3,3,0,0.0220374260657055
risk_on,base,momentum,120,45,36,0.1825920973263121,0.180319629486737,0.9444444444444444,0.1025530660167852,2.317273503055436,7,15.77777777777778,18.55555555555556,3,6,0,0.0674957723160287
risk_on,base,research_pool,20,45,44,0.0155716776972035,0.0239253948045078,0.6136363636363636,0.0498300788183251,1.2384427443472692,32,29.33333333333333,30.0,0,1,0,-0.001938199598727
risk_on,base,research_pool,60,45,42,0.0713825514012624,0.074684000519501,0.7857142857142857,0.0836059113447576,1.302074106415552,14,28.0,30.0,0,3,0,0.0113066724355841
risk_on,base,research_pool,120,45,39,0.152523048887115,0.1404353100535949,0.9487179487179488,0.0975695698391482,1.5370507132988154,7,26.0,30.0,0,6,0,0.0250183800670667
