style,scenario,segment,list_type,horizon_days,n_events_total,n_events_valid,n_no_signal_events,n_unpriced_events,avg_return,win_rate,avg_excess_vs_QQQ
risk_off,base,2023,industry_trend,20,12,12,0,0,0.0169041568618843,0.6666666666666666,-0.0043038752335476
risk_off,base,2023,industry_trend,60,12,12,0,0,0.07423902556827,0.75,-0.0131666861849188
risk_off,base,2023,industry_trend,120,12,12,0,0,0.178962963279462,1.0,0.0127899708789302
risk_off,base,2023,low_value,20,12,12,0,0,0.0098041867664597,0.4166666666666667,-0.0114038453289722
risk_off,base,2023,low_value,60,12,12,0,0,0.0466371609566287,0.6666666666666666,-0.04076855079656
risk_off,base,2023,low_value,120,12,12,0,0,0.1165601578625023,0.9166666666666666,-0.0496128345380294
risk_off,base,2023,momentum,20,12,12,0,0,0.0150084062290496,0.5833333333333334,-0.0061996258663823
risk_off,base,2023,momentum,60,12,12,0,0,0.0754299162566635,0.6666666666666666,-0.0119757954965253
risk_off,base,2023,momentum,120,12,12,0,0,0.17911862004677,1.0,0.0129456276462383
risk_off,base,2023,research_pool,20,12,12,0,0,0.0111104551196476,0.5,-0.0100975769757843
risk_off,base,2023,research_pool,60,12,12,0,0,0.0732505154804109,0.5833333333333334,-0.0141551962727778
risk_off,base,2023,research_pool,120,12,12,0,0,0.1701325042052765,1.0,0.0039595118047448
risk_off,base,2024,industry_trend,20,12,12,0,0,0.0283801644523134,0.75,0.0102523715123175
risk_off,base,2024,industry_trend,60,12,12,0,0,0.0603069434276935,0.8333333333333334,0.0226466752581114
risk_off,base,2024,industry_trend,120,12,12,0,0,0.1128585518521883,0.9166666666666666,0.0387407781207128
risk_off,base,2024,low_value,20,12,12,0,0,0.0139583718450581,0.6666666666666666,-0.0041694210949376
risk_off,base,2024,low_value,60,12,12,0,0,0.0288103272485935,0.5833333333333334,-0.0088499409209884
risk_off,base,2024,low_value,120,12,12,0,0,0.0632556196280939,0.75,-0.0108621541033815
risk_off,base,2024,momentum,20,12,12,0,0,0.0371311712810184,0.9166666666666666,0.0190033783410226
risk_off,base,2024,momentum,60,12,12,0,0,0.0669106714284899,0.8333333333333334,0.0292504032589078
risk_off,base,2024,momentum,120,12,12,0,0,0.108642630631265,0.9166666666666666,0.0345248568997894
risk_off,base,2024,research_pool,20,12,12,0,0,0.0264216247748945,0.75,0.0082938318348987
risk_off,base,2024,research_pool,60,12,12,0,0,0.0639904079556038,0.8333333333333334,0.0263301397860218
risk_off,base,2024,research_pool,120,12,12,0,0,0.1188943622699903,0.9166666666666666,0.0447765885385147
risk_off,base,2025,industry_trend,20,12,10,2,0,0.0261203237673444,0.7,0.0161908434086449
risk_off,base,2025,industry_trend,60,12,10,2,0,0.0903258975633497,0.8,0.0685840398779572
risk_off,base,2025,industry_trend,120,12,10,2,0,0.2390585953825687,1.0,0.1417762192821341
risk_off,base,2025,low_value,20,12,10,2,0,0.0093226200305413,0.7,-0.0006068603281581
risk_off,base,2025,low_value,60,12,10,2,0,0.0328792485592271,0.6,0.0111373908738346
risk_off,base,2025,low_value,120,12,10,2,0,0.1304868447562818,0.8,0.0332044686558473
risk_off,base,2025,momentum,20,12,10,2,0,0.0321322642707298,0.7,0.0222027839120303
risk_off,base,2025,momentum,60,12,10,2,0,0.103970405795088,0.8,0.0822285481096955
risk_off,base,2025,momentum,120,12,10,2,0,0.2808861104571247,1.0,0.1836037343566901
risk_off,base,2025,research_pool,20,12,12,0,0,0.019128839587569,0.75,0.0036163634328837
risk_off,base,2025,research_pool,60,12,12,0,0,0.0762622958870082,0.8333333333333334,0.0299707165971977
risk_off,base,2025,research_pool,120,12,12,0,0,0.1722122284909632,1.0,0.0455658771650706
risk_off,base,2026YTD,industry_trend,20,9,7,1,1,-0.0017232998568413,0.5714285714285714,0.0014790327979845
risk_off,base,2026YTD,industry_trend,60,9,5,1,3,0.0506638838065572,0.4,-0.0006382814057439
risk_off,base,2026YTD,industry_trend,120,9,2,1,6,0.2306063614520522,1.0,0.0870289885611665
risk_off,base,2026YTD,low_value,20,9,7,1,1,-0.0133151470266542,0.2857142857142857,-0.0101128143718282
risk_off,base,2026YTD,low_value,60,9,5,1,3,0.0550237847571115,0.6,0.0037216195448104
risk_off,base,2026YTD,low_value,120,9,2,1,6,0.1108357105610544,1.0,-0.0327416623298312
risk_off,base,2026YTD,momentum,20,9,7,1,1,-0.0075414410297897,0.5714285714285714,-0.0043391083749638
risk_off,base,2026YTD,momentum,60,9,5,1,3,0.0279766057818605,0.4,-0.0233255594304406
risk_off,base,2026YTD,momentum,120,9,2,1,6,0.1857043017490712,1.0,0.0421269288581855
risk_off,base,2026YTD,research_pool,20,9,8,0,1,0.0038619024428158,0.5,-0.0101699708996328
risk_off,base,2026YTD,research_pool,60,9,6,0,3,0.081007223349246,1.0,0.0031911890146609
risk_off,base,2026YTD,research_pool,120,9,3,0,6,0.1652382463981432,1.0,-0.0245739784308845
risk_on,base,2023,industry_trend,20,12,12,0,0,0.0174466734273906,0.75,-0.0037613586680413
risk_on,base,2023,industry_trend,60,12,12,0,0,0.0771089356556947,0.75,-0.010296776097494
risk_on,base,2023,industry_trend,120,12,12,0,0,0.1853379338036032,1.0,0.0191649414030714
risk_on,base,2023,low_value,20,12,11,1,0,0.0282966449514781,0.6363636363636364,0.0015836190750882
risk_on,base,2023,low_value,60,12,11,1,0,0.0793372203656098,0.6363636363636364,-0.002996597308221
risk_on,base,2023,low_value,120,12,11,1,0,0.1837706246495146,1.0,0.0244554814483603
risk_on,base,2023,momentum,20,12,12,0,0,0.0134467288703439,0.5833333333333334,-0.007761303225088
risk_on,base,2023,momentum,60,12,12,0,0,0.0692815406485523,0.6666666666666666,-0.0181241711046365
risk_on,base,2023,momentum,120,12,12,0,0,0.1724137167576774,1.0,0.0062407243571456
risk_on,base,2023,research_pool,20,12,12,0,0,0.0114916315004977,0.5,-0.0097164005949343
risk_on,base,2023,research_pool,60,12,12,0,0,0.0746095055253517,0.5833333333333334,-0.012796206227837
risk_on,base,2023,research_pool,120,12,12,0,0,0.173128889793291,1.0,0.0069558973927593
risk_on,base,2024,industry_trend,20,12,12,0,0,0.0294183674148586,0.75,0.0112905744748628
risk_on,base,2024,industry_trend,60,12,12,0,0,0.0619198732541472,0.8333333333333334,0.0242596050845651
risk_on,base,2024,industry_trend,120,12,12,0,0,0.1196228487873591,0.9166666666666666,0.0455050750558836
risk_on,base,2024,low_value,20,12,12,0,0,0.0201200104062213,0.6666666666666666,0.0019922174662255
risk_on,base,2024,low_value,60,12,12,0,0,0.0240219785553053,0.6666666666666666,-0.0136382896142766
risk_on,base,2024,low_value,120,12,12,0,0,0.0714808881572196,0.75,-0.0026368855742558
risk_on,base,2024,momentum,20,12,12,0,0,0.0384323388835464,0.9166666666666666,0.0203045459435506
risk_on,base,2024,momentum,60,12,12,0,0,0.0685750348828379,0.8333333333333334,0.0309147667132559
risk_on,base,2024,momentum,120,12,12,0,0,0.1180766703897999,0.8333333333333334,0.0439588966583244
risk_on,base,2024,research_pool,20,12,12,0,0,0.0249088354645747,0.75,0.0067810425245788
risk_on,base,2024,research_pool,60,12,12,0,0,0.0618427112570104,0.8333333333333334,0.0241824430874283
risk_on,base,2024,research_pool,120,12,12,0,0,0.1199938979312238,0.8333333333333334,0.0458761241997483
risk_on,base,2025,industry_trend,20,12,10,2,0,0.024882667957753,0.7,0.0149531875990534
risk_on,base,2025,industry_trend,60,12,10,2,0,0.0909139774850637,0.8,0.0691721197996712
risk_on,base,2025,industry_trend,120,12,10,2,0,0.2371486000052425,1.0,0.139866223904808
risk_on,base,2025,low_value,20,12,10,2,0,0.0296944154507833,0.7,0.0197649350920838
risk_on,base,2025,low_value,60,12,10,2,0,0.0906908793015829,0.9,0.0689490216161904
risk_on,base,2025,low_value,120,12,10,2,0,0.2502792902375267,1.0,0.1529969141370922
risk_on,base,2025,momentum,20,12,10,2,0,0.031978663598988,0.7,0.0220491832402885
risk_on,base,2025,momentum,60,12,10,2,0,0.1050521652973165,0.8,0.083310307611924
risk_on,base,2025,momentum,120,12,10,2,0,0.2699399484974736,1.0,0.1726575723970391
risk_on,base,2025,research_pool,20,12,12,0,0,0.0183730820790544,0.6666666666666666,0.0028606059243691
risk_on,base,2025,research_pool,60,12,12,0,0,0.0722547244041169,0.8333333333333334,0.0259631451143063
risk_on,base,2025,research_pool,120,12,12,0,0,0.1625595542687891,1.0,0.0359132029428964
risk_on,base,2026YTD,industry_trend,20,9,7,1,1,-0.0018434432912543,0.5714285714285714,0.0013588893635715
risk_on,base,2026YTD,industry_trend,60,9,5,1,3,0.0518333097550729,0.6,0.0005311445427717
risk_on,base,2026YTD,industry_trend,120,9,2,1,6,0.2119661072417476,1.0,0.0683887343508619
risk_on,base,2026YTD,low_value,20,9,7,1,1,-0.0076590282437123,0.5714285714285714,-0.0044566955888864
risk_on,base,2026YTD,low_value,60,9,5,1,3,0.0290334714919271,0.6,-0.022268693720374
risk_on,base,2026YTD,low_value,120,9,2,1,6,0.1142492707472131,1.0,-0.0293281021436725
risk_on,base,2026YTD,momentum,20,9,7,1,1,-0.0058584688610432,0.5714285714285714,-0.0026561362062173
risk_on,base,2026YTD,momentum,60,9,5,1,3,0.0258760438402693,0.4,-0.0254261213720317
risk_on,base,2026YTD,momentum,120,9,2,1,6,0.1940156865013858,1.0,0.0504383136105001
risk_on,base,2026YTD,research_pool,20,9,8,0,1,0.0034839037684293,0.5,-0.0105479695740193
risk_on,base,2026YTD,research_pool,60,9,6,0,3,0.0822639774358789,1.0,0.0044479431012938
risk_on,base,2026YTD,research_pool,120,9,3,0,6,0.1600702675592794,1.0,-0.0297419572697483
