list_type,horizon_days,year,risk_off,risk_on,diff_on_minus_off
industry_trend,20,2023,0.016904156861884335,0.017446673427390674,0.0005425165655063395
industry_trend,20,2024,0.028380164452313384,0.029418367414858648,0.0010382029625452642
industry_trend,20,2025,0.02612032376734445,0.024882667957752992,-0.001237655809591457
industry_trend,20,2026,-0.0017232998568413416,-0.0018434432912543452,-0.00012014343441300369
industry_trend,60,2023,0.07423902556827001,0.07710893565569475,0.0028699100874247374
industry_trend,60,2024,0.060306943427693493,0.06191987325414716,0.0016129298264536684
industry_trend,60,2025,0.09032589756334972,0.09091397748506379,0.0005880799217140714
industry_trend,60,2026,0.050663883806557244,0.05183330975507293,0.0011694259485156844
industry_trend,120,2023,0.17896296327946196,0.1853379338036032,0.006374970524141238
industry_trend,120,2024,0.11285855185218828,0.11962284878735911,0.006764296935170833
industry_trend,120,2025,0.2390585953825687,0.23714860000524252,-0.0019099953773261957
industry_trend,120,2026,0.23060636145205216,0.21196610724174755,-0.018640254210304602
low_value,20,2023,0.009804186766459734,0.028296644951478152,0.01849245818501842
low_value,20,2024,0.013958371845058134,0.020120010406221366,0.006161638561163233
low_value,20,2025,0.00932262003054137,0.029694415450783364,0.020371795420241992
low_value,20,2026,-0.013315147026654197,-0.007659028243712328,0.005656118782941869
low_value,60,2023,0.046637160956628725,0.0793372203656098,0.03270005940898108
low_value,60,2024,0.028810327248593563,0.024021978555305384,-0.004788348693288178
low_value,60,2025,0.03287924855922717,0.09069087930158289,0.057811630742355714
low_value,60,2026,0.05502378475711156,0.029033471491927143,-0.025990313265184417
low_value,120,2023,0.11656015786250229,0.18377062464951457,0.06721046678701229
low_value,120,2024,0.06325561962809394,0.07148088815721966,0.008225268529125723
low_value,120,2025,0.13048684475628186,0.2502792902375267,0.11979244548124485
low_value,120,2026,0.11083571056105435,0.1142492707472131,0.003413560186158751
momentum,20,2023,0.015008406229049658,0.013446728870343918,-0.0015616773587057396
momentum,20,2024,0.03713117128101845,0.03843233888354645,0.0013011676025279986
momentum,20,2025,0.03213226427072985,0.031978663598988065,-0.000153600671741784
momentum,20,2026,-0.007541441029789755,-0.005858468861043242,0.0016829721687465129
momentum,60,2023,0.07542991625666352,0.06928154064855234,-0.006148375608111184
momentum,60,2024,0.06691067142848992,0.06857503488283796,0.0016643634543480473
momentum,60,2025,0.10397040579508798,0.10505216529731656,0.0010817595022285798
momentum,60,2026,0.027976605781860543,0.025876043840269397,-0.002100561941591146
momentum,120,2023,0.17911862004677004,0.1724137167576774,-0.006704903289092651
momentum,120,2024,0.10864263063126499,0.11807667038979995,0.009434039758534962
momentum,120,2025,0.28088611045712464,0.2699399484974736,-0.010946161959651035
momentum,120,2026,0.1857043017490712,0.1940156865013858,0.008311384752314577
research_pool,20,2023,0.011110455119647691,0.011491631500497715,0.0003811763808500238
research_pool,20,2024,0.026421624774894542,0.024908835464574713,-0.0015127893103198294
research_pool,20,2025,0.01912883958756899,0.01837308207905448,-0.000755757508514511
research_pool,20,2026,0.0038619024428158868,0.0034839037684293375,-0.00037799867438654926
research_pool,60,2023,0.07325051548041099,0.07460950552535177,0.0013589900449407777
research_pool,60,2024,0.06399040795560383,0.06184271125701035,-0.0021476966985934792
research_pool,60,2025,0.07626229588700824,0.07225472440411693,-0.004007571482891312
research_pool,60,2026,0.08100722334924602,0.08226397743587885,0.0012567540866328247
research_pool,120,2023,0.17013250420527656,0.17312888979329102,0.0029963855880144608
research_pool,120,2024,0.11889436226999023,0.1199938979312238,0.0010995356612335666
research_pool,120,2025,0.1722122284909632,0.16255955426878907,-0.00965267422217414
research_pool,120,2026,0.1652382463981432,0.16007026755927942,-0.005167978838863774
