scenario,run_stem,run_ts_utc,signal_date,label_end_date,list_type,horizon_days,n_selected,n_priced,n_assumed_delist,event_status,portfolio_return,benchmark_trailing_60d,regime
base,replay_base_2023-01-31,2023-01-31T00:00:00+00:00,2023-01-31,2023-03-01,low_value,20,22,22,0,valid,-0.0008815438108874328,0.10936264729134515,up
base,replay_base_2023-01-31,2023-01-31T00:00:00+00:00,2023-01-31,2023-04-27,low_value,60,22,22,0,valid,-0.01738622119226323,0.10936264729134515,up
base,replay_base_2023-01-31,2023-01-31T00:00:00+00:00,2023-01-31,2023-07-25,low_value,120,22,22,0,valid,0.17427174976677193,0.10936264729134515,up
base,replay_base_2023-01-31,2023-01-31T00:00:00+00:00,2023-01-31,2023-03-01,industry_trend,20,20,20,0,valid,0.016268538067317484,0.10936264729134515,up
base,replay_base_2023-01-31,2023-01-31T00:00:00+00:00,2023-01-31,2023-04-27,industry_trend,60,20,20,0,valid,0.01605609451275557,0.10936264729134515,up
base,replay_base_2023-01-31,2023-01-31T00:00:00+00:00,2023-01-31,2023-07-25,industry_trend,120,20,20,0,valid,0.27748571731872873,0.10936264729134515,up
base,replay_base_2023-01-31,2023-01-31T00:00:00+00:00,2023-01-31,2023-03-01,momentum,20,19,19,0,valid,-0.004375601901002397,0.10936264729134515,up
base,replay_base_2023-01-31,2023-01-31T00:00:00+00:00,2023-01-31,2023-04-27,momentum,60,19,19,0,valid,-0.0028800878363225892,0.10936264729134515,up
base,replay_base_2023-01-31,2023-01-31T00:00:00+00:00,2023-01-31,2023-07-25,momentum,120,19,19,0,valid,0.23176744840466795,0.10936264729134515,up
base,replay_base_2023-01-31,2023-01-31T00:00:00+00:00,2023-01-31,2023-03-01,research_pool,20,30,30,0,valid,-0.0073441028906373685,0.10936264729134515,up
base,replay_base_2023-01-31,2023-01-31T00:00:00+00:00,2023-01-31,2023-04-27,research_pool,60,30,30,0,valid,-0.030741882917341576,0.10936264729134515,up
base,replay_base_2023-01-31,2023-01-31T00:00:00+00:00,2023-01-31,2023-07-25,research_pool,120,30,30,0,valid,0.14400866684379732,0.10936264729134515,up
base,replay_base_2023-02-28,2023-02-28T00:00:00+00:00,2023-02-28,2023-03-28,low_value,20,21,21,0,valid,-0.01836614115593794,0.00044303581774185474,up
base,replay_base_2023-02-28,2023-02-28T00:00:00+00:00,2023-02-28,2023-05-24,low_value,60,21,21,0,valid,0.007312102087442152,0.00044303581774185474,up
base,replay_base_2023-02-28,2023-02-28T00:00:00+00:00,2023-02-28,2023-08-21,low_value,120,21,21,0,valid,0.11560015318372735,0.00044303581774185474,up
base,replay_base_2023-02-28,2023-02-28T00:00:00+00:00,2023-02-28,2023-03-28,industry_trend,20,20,20,0,valid,0.002142007779971545,0.00044303581774185474,up
base,replay_base_2023-02-28,2023-02-28T00:00:00+00:00,2023-02-28,2023-05-24,industry_trend,60,20,20,0,valid,0.017676812341786446,0.00044303581774185474,up
base,replay_base_2023-02-28,2023-02-28T00:00:00+00:00,2023-02-28,2023-08-21,industry_trend,120,20,20,0,valid,0.20473067124295366,0.00044303581774185474,up
base,replay_base_2023-02-28,2023-02-28T00:00:00+00:00,2023-02-28,2023-03-28,momentum,20,20,20,0,valid,0.0011188866874531083,0.00044303581774185474,up
base,replay_base_2023-02-28,2023-02-28T00:00:00+00:00,2023-02-28,2023-05-24,momentum,60,20,20,0,valid,0.027166194341681264,0.00044303581774185474,up
base,replay_base_2023-02-28,2023-02-28T00:00:00+00:00,2023-02-28,2023-08-21,momentum,120,20,20,0,valid,0.2109093249356952,0.00044303581774185474,up
base,replay_base_2023-02-28,2023-02-28T00:00:00+00:00,2023-02-28,2023-03-28,research_pool,20,30,30,0,valid,-0.049421015895359445,0.00044303581774185474,up
base,replay_base_2023-02-28,2023-02-28T00:00:00+00:00,2023-02-28,2023-05-24,research_pool,60,30,30,0,valid,-0.03859551810335756,0.00044303581774185474,up
base,replay_base_2023-02-28,2023-02-28T00:00:00+00:00,2023-02-28,2023-08-21,research_pool,120,30,30,0,valid,0.09257370898310144,0.00044303581774185474,up
base,replay_base_2023-03-31,2023-03-31T00:00:00+00:00,2023-03-31,2023-05-01,low_value,20,18,18,0,valid,-0.027931408804750653,0.2072170379289584,up
base,replay_base_2023-03-31,2023-03-31T00:00:00+00:00,2023-03-31,2023-06-28,low_value,60,18,18,0,valid,0.06631406385836813,0.2072170379289584,up
base,replay_base_2023-03-31,2023-03-31T00:00:00+00:00,2023-03-31,2023-09-22,low_value,120,18,18,0,valid,0.031713471460822866,0.2072170379289584,up
base,replay_base_2023-03-31,2023-03-31T00:00:00+00:00,2023-03-31,2023-05-01,industry_trend,20,22,22,0,valid,-0.005234644643092534,0.2072170379289584,up
base,replay_base_2023-03-31,2023-03-31T00:00:00+00:00,2023-03-31,2023-06-28,industry_trend,60,22,22,0,valid,0.1167214200578916,0.2072170379289584,up
base,replay_base_2023-03-31,2023-03-31T00:00:00+00:00,2023-03-31,2023-09-22,industry_trend,120,22,22,0,valid,0.10183180807889372,0.2072170379289584,up
base,replay_base_2023-03-31,2023-03-31T00:00:00+00:00,2023-03-31,2023-05-01,momentum,20,22,22,0,valid,-0.0009842240994999516,0.2072170379289584,up
base,replay_base_2023-03-31,2023-03-31T00:00:00+00:00,2023-03-31,2023-06-28,momentum,60,22,22,0,valid,0.11357191361771514,0.2072170379289584,up
base,replay_base_2023-03-31,2023-03-31T00:00:00+00:00,2023-03-31,2023-09-22,momentum,120,22,22,0,valid,0.11170687994887403,0.2072170379289584,up
base,replay_base_2023-03-31,2023-03-31T00:00:00+00:00,2023-03-31,2023-05-01,research_pool,20,30,30,0,valid,-0.02731807322255116,0.2072170379289584,up
base,replay_base_2023-03-31,2023-03-31T00:00:00+00:00,2023-03-31,2023-06-28,research_pool,60,30,30,0,valid,0.03423945384379545,0.2072170379289584,up
base,replay_base_2023-03-31,2023-03-31T00:00:00+00:00,2023-03-31,2023-09-22,research_pool,120,30,30,0,valid,0.05104082681040487,0.2072170379289584,up
base,replay_base_2023-04-28,2023-04-28T00:00:00+00:00,2023-04-28,2023-05-26,low_value,20,19,19,0,valid,0.05933626522856658,0.07172280911567341,up
base,replay_base_2023-04-28,2023-04-28T00:00:00+00:00,2023-04-28,2023-07-26,low_value,60,19,19,0,valid,0.14654644238908396,0.07172280911567341,up
base,replay_base_2023-04-28,2023-04-28T00:00:00+00:00,2023-04-28,2023-10-19,low_value,120,19,19,0,valid,0.09103740371404517,0.07172280911567341,up
base,replay_base_2023-04-28,2023-04-28T00:00:00+00:00,2023-04-28,2023-05-26,industry_trend,20,20,20,0,valid,0.0739668061342319,0.07172280911567341,up
base,replay_base_2023-04-28,2023-04-28T00:00:00+00:00,2023-04-28,2023-07-26,industry_trend,60,20,20,0,valid,0.1764758040669595,0.07172280911567341,up
base,replay_base_2023-04-28,2023-04-28T00:00:00+00:00,2023-04-28,2023-10-19,industry_trend,120,20,20,0,valid,0.1287059952694784,0.07172280911567341,up
base,replay_base_2023-04-28,2023-04-28T00:00:00+00:00,2023-04-28,2023-05-26,momentum,20,19,19,0,valid,0.08055813896338689,0.07172280911567341,up
base,replay_base_2023-04-28,2023-04-28T00:00:00+00:00,2023-04-28,2023-07-26,momentum,60,19,19,0,valid,0.17907023841518055,0.07172280911567341,up
base,replay_base_2023-04-28,2023-04-28T00:00:00+00:00,2023-04-28,2023-10-19,momentum,120,19,19,0,valid,0.11636757579882913,0.07172280911567341,up
base,replay_base_2023-04-28,2023-04-28T00:00:00+00:00,2023-04-28,2023-05-26,research_pool,20,30,30,0,valid,0.01774308612729597,0.07172280911567341,up
base,replay_base_2023-04-28,2023-04-28T00:00:00+00:00,2023-04-28,2023-07-26,research_pool,60,30,30,0,valid,0.15212877186154652,0.07172280911567341,up
base,replay_base_2023-04-28,2023-04-28T00:00:00+00:00,2023-04-28,2023-10-19,research_pool,120,30,30,0,valid,0.05852980145395033,0.07172280911567341,up
base,replay_base_2023-05-31,2023-05-31T00:00:00+00:00,2023-05-31,2023-06-29,low_value,20,14,14,0,valid,0.10994900946937146,0.15848415158484164,up
base,replay_base_2023-05-31,2023-05-31T00:00:00+00:00,2023-05-31,2023-08-25,low_value,60,14,14,0,valid,0.10071445477952924,0.15848415158484164,up
base,replay_base_2023-05-31,2023-05-31T00:00:00+00:00,2023-05-31,2023-11-20,low_value,120,14,14,0,valid,0.09991203054655586,0.15848415158484164,up
base,replay_base_2023-05-31,2023-05-31T00:00:00+00:00,2023-05-31,2023-06-29,industry_trend,20,21,21,0,valid,0.07424250373833904,0.15848415158484164,up
base,replay_base_2023-05-31,2023-05-31T00:00:00+00:00,2023-05-31,2023-08-25,industry_trend,60,21,21,0,valid,0.10238918790862093,0.15848415158484164,up
base,replay_base_2023-05-31,2023-05-31T00:00:00+00:00,2023-05-31,2023-11-20,industry_trend,120,21,21,0,valid,0.16414679399621845,0.15848415158484164,up
base,replay_base_2023-05-31,2023-05-31T00:00:00+00:00,2023-05-31,2023-06-29,momentum,20,21,21,0,valid,0.07569744501745083,0.15848415158484164,up
base,replay_base_2023-05-31,2023-05-31T00:00:00+00:00,2023-05-31,2023-08-25,momentum,60,21,21,0,valid,0.09211511761937115,0.15848415158484164,up
base,replay_base_2023-05-31,2023-05-31T00:00:00+00:00,2023-05-31,2023-11-20,momentum,120,21,21,0,valid,0.16206081299747255,0.15848415158484164,up
base,replay_base_2023-05-31,2023-05-31T00:00:00+00:00,2023-05-31,2023-06-29,research_pool,20,30,30,0,valid,0.1041097044394948,0.15848415158484164,up
base,replay_base_2023-05-31,2023-05-31T00:00:00+00:00,2023-05-31,2023-08-25,research_pool,60,30,30,0,valid,0.14045179012689024,0.15848415158484164,up
base,replay_base_2023-05-31,2023-05-31T00:00:00+00:00,2023-05-31,2023-11-20,research_pool,120,30,30,0,valid,0.17089312094941503,0.15848415158484164,up
base,replay_base_2023-06-30,2023-06-30T00:00:00+00:00,2023-06-30,2023-07-31,low_value,20,12,12,0,valid,0.022897677858268694,0.1580514250795193,up
base,replay_base_2023-06-30,2023-06-30T00:00:00+00:00,2023-06-30,2023-09-26,low_value,60,12,12,0,valid,-0.06957415670674777,0.1580514250795193,up
base,replay_base_2023-06-30,2023-06-30T00:00:00+00:00,2023-06-30,2023-12-20,low_value,120,12,12,0,valid,0.05170077661484734,0.1580514250795193,up
base,replay_base_2023-06-30,2023-06-30T00:00:00+00:00,2023-06-30,2023-07-31,industry_trend,20,19,19,0,valid,0.0309697163418445,0.1580514250795193,up
base,replay_base_2023-06-30,2023-06-30T00:00:00+00:00,2023-06-30,2023-09-26,industry_trend,60,19,19,0,valid,-0.05598131709683846,0.1580514250795193,up
base,replay_base_2023-06-30,2023-06-30T00:00:00+00:00,2023-06-30,2023-12-20,industry_trend,120,19,19,0,valid,0.06029807287236827,0.1580514250795193,up
base,replay_base_2023-06-30,2023-06-30T00:00:00+00:00,2023-06-30,2023-07-31,momentum,20,18,18,0,valid,0.021089457372097473,0.1580514250795193,up
base,replay_base_2023-06-30,2023-06-30T00:00:00+00:00,2023-06-30,2023-09-26,momentum,60,18,18,0,valid,-0.055112356123880886,0.1580514250795193,up
base,replay_base_2023-06-30,2023-06-30T00:00:00+00:00,2023-06-30,2023-12-20,momentum,120,18,18,0,valid,0.061279878763711736,0.1580514250795193,up
base,replay_base_2023-06-30,2023-06-30T00:00:00+00:00,2023-06-30,2023-07-31,research_pool,20,30,30,0,valid,0.0589122496319058,0.1580514250795193,up
base,replay_base_2023-06-30,2023-06-30T00:00:00+00:00,2023-06-30,2023-09-26,research_pool,60,30,30,0,valid,-0.01814424123493381,0.1580514250795193,up
base,replay_base_2023-06-30,2023-06-30T00:00:00+00:00,2023-06-30,2023-12-20,research_pool,120,30,30,0,valid,0.11219861312354915,0.1580514250795193,up
base,replay_base_2023-07-31,2023-07-31T00:00:00+00:00,2023-07-31,2023-08-28,low_value,20,11,11,0,valid,-0.04553002930388377,0.20940271935214505,up
base,replay_base_2023-07-31,2023-07-31T00:00:00+00:00,2023-07-31,2023-10-24,low_value,60,11,11,0,valid,-0.09342504176754222,0.20940271935214505,up
base,replay_base_2023-07-31,2023-07-31T00:00:00+00:00,2023-07-31,2024-01-22,low_value,120,11,11,0,valid,0.0786424478402984,0.20940271935214505,up
base,replay_base_2023-07-31,2023-07-31T00:00:00+00:00,2023-07-31,2023-08-28,industry_trend,20,21,21,0,valid,-0.05116746508491749,0.20940271935214505,up
base,replay_base_2023-07-31,2023-07-31T00:00:00+00:00,2023-07-31,2023-10-24,industry_trend,60,21,21,0,valid,-0.1002034406174179,0.20940271935214505,up
base,replay_base_2023-07-31,2023-07-31T00:00:00+00:00,2023-07-31,2024-01-22,industry_trend,120,21,21,0,valid,0.08931334790908892,0.20940271935214505,up
base,replay_base_2023-07-31,2023-07-31T00:00:00+00:00,2023-07-31,2023-08-28,momentum,20,21,21,0,valid,-0.06803570861231541,0.20940271935214505,up
base,replay_base_2023-07-31,2023-07-31T00:00:00+00:00,2023-07-31,2023-10-24,momentum,60,21,21,0,valid,-0.1266383026166987,0.20940271935214505,up
base,replay_base_2023-07-31,2023-07-31T00:00:00+00:00,2023-07-31,2024-01-22,momentum,120,21,21,0,valid,0.08683133013831898,0.20940271935214505,up
base,replay_base_2023-07-31,2023-07-31T00:00:00+00:00,2023-07-31,2023-08-28,research_pool,20,30,30,0,valid,-0.017904476193003192,0.20940271935214505,up
base,replay_base_2023-07-31,2023-07-31T00:00:00+00:00,2023-07-31,2023-10-24,research_pool,60,30,30,0,valid,-0.07799115336988569,0.20940271935214505,up
base,replay_base_2023-07-31,2023-07-31T00:00:00+00:00,2023-07-31,2024-01-22,research_pool,120,30,30,0,valid,0.08205526536599948,0.20940271935214505,up
base,replay_base_2023-08-31,2023-08-31T00:00:00+00:00,2023-08-31,2023-09-29,low_value,20,15,15,0,valid,-0.07062026294203874,0.06465335098740743,up
base,replay_base_2023-08-31,2023-08-31T00:00:00+00:00,2023-08-31,2023-11-27,low_value,60,15,15,0,valid,-0.028214043598130838,0.06465335098740743,up
base,replay_base_2023-08-31,2023-08-31T00:00:00+00:00,2023-08-31,2024-02-23,low_value,120,15,15,0,valid,0.09534472553012113,0.06465335098740743,up
base,replay_base_2023-08-31,2023-08-31T00:00:00+00:00,2023-08-31,2023-09-29,industry_trend,20,22,22,0,valid,-0.07588978222284687,0.06465335098740743,up
base,replay_base_2023-08-31,2023-08-31T00:00:00+00:00,2023-08-31,2023-11-27,industry_trend,60,22,22,0,valid,-0.013661450611954385,0.06465335098740743,up
base,replay_base_2023-08-31,2023-08-31T00:00:00+00:00,2023-08-31,2024-02-23,industry_trend,120,22,22,0,valid,0.16535789198843565,0.06465335098740743,up
base,replay_base_2023-08-31,2023-08-31T00:00:00+00:00,2023-08-31,2023-09-29,momentum,20,21,21,0,valid,-0.08234173284053564,0.06465335098740743,up
base,replay_base_2023-08-31,2023-08-31T00:00:00+00:00,2023-08-31,2023-11-27,momentum,60,21,21,0,valid,-0.01382682171612308,0.06465335098740743,up
base,replay_base_2023-08-31,2023-08-31T00:00:00+00:00,2023-08-31,2024-02-23,momentum,120,21,21,0,valid,0.1908760876195163,0.06465335098740743,up
base,replay_base_2023-08-31,2023-08-31T00:00:00+00:00,2023-08-31,2023-09-29,research_pool,20,30,30,0,valid,-0.07624321807476143,0.06465335098740743,up
base,replay_base_2023-08-31,2023-08-31T00:00:00+00:00,2023-08-31,2023-11-27,research_pool,60,30,30,0,valid,-0.033275763217087216,0.06465335098740743,up
base,replay_base_2023-08-31,2023-08-31T00:00:00+00:00,2023-08-31,2024-02-23,research_pool,120,30,30,0,valid,0.11610226632385048,0.06465335098740743,up
base,replay_base_2023-09-29,2023-09-29T00:00:00+00:00,2023-09-29,2023-10-27,low_value,20,13,13,0,valid,-0.048884844890500115,-0.024775847290439357,down
base,replay_base_2023-09-29,2023-09-29T00:00:00+00:00,2023-09-29,2023-12-26,low_value,60,13,13,0,valid,0.11808829309210316,-0.024775847290439357,down
base,replay_base_2023-09-29,2023-09-29T00:00:00+00:00,2023-09-29,2024-03-22,low_value,120,13,13,0,valid,0.22587294056232052,-0.024775847290439357,down
base,replay_base_2023-09-29,2023-09-29T00:00:00+00:00,2023-09-29,2023-10-27,industry_trend,20,20,20,0,valid,-0.04195197952477865,-0.024775847290439357,down
base,replay_base_2023-09-29,2023-09-29T00:00:00+00:00,2023-09-29,2023-12-26,industry_trend,60,20,20,0,valid,0.11838974551149462,-0.024775847290439357,down
base,replay_base_2023-09-29,2023-09-29T00:00:00+00:00,2023-09-29,2024-03-22,industry_trend,120,20,20,0,valid,0.28569764526597224,-0.024775847290439357,down
base,replay_base_2023-09-29,2023-09-29T00:00:00+00:00,2023-09-29,2023-10-27,momentum,20,19,19,0,valid,-0.03182883142489801,-0.024775847290439357,down
base,replay_base_2023-09-29,2023-09-29T00:00:00+00:00,2023-09-29,2023-12-26,momentum,60,19,19,0,valid,0.1227921419254055,-0.024775847290439357,down
base,replay_base_2023-09-29,2023-09-29T00:00:00+00:00,2023-09-29,2024-03-22,momentum,120,19,19,0,valid,0.2810683229305143,-0.024775847290439357,down
base,replay_base_2023-09-29,2023-09-29T00:00:00+00:00,2023-09-29,2023-10-27,research_pool,20,30,30,0,valid,-0.06921271566956796,-0.024775847290439357,down
base,replay_base_2023-09-29,2023-09-29T00:00:00+00:00,2023-09-29,2023-12-26,research_pool,60,30,30,0,valid,0.12755538389053428,-0.024775847290439357,down
base,replay_base_2023-09-29,2023-09-29T00:00:00+00:00,2023-09-29,2024-03-22,research_pool,120,30,30,0,valid,0.2859784597254233,-0.024775847290439357,down
base,replay_base_2023-10-31,2023-10-31T00:00:00+00:00,2023-10-31,2023-11-29,low_value,20,20,20,0,valid,0.07800427311292302,-0.06465195608144114,down
base,replay_base_2023-10-31,2023-10-31T00:00:00+00:00,2023-10-31,2024-01-29,low_value,60,20,20,0,valid,0.19547545690314339,-0.06465195608144114,down
base,replay_base_2023-10-31,2023-10-31T00:00:00+00:00,2023-10-31,2024-04-24,low_value,120,20,20,0,valid,0.2644163187922642,-0.06465195608144114,down
base,replay_base_2023-10-31,2023-10-31T00:00:00+00:00,2023-10-31,2023-11-29,industry_trend,20,21,21,0,valid,0.0746192567707311,-0.06465195608144114,down
base,replay_base_2023-10-31,2023-10-31T00:00:00+00:00,2023-10-31,2024-01-29,industry_trend,60,21,21,0,valid,0.19558067624015849,-0.06465195608144114,down
base,replay_base_2023-10-31,2023-10-31T00:00:00+00:00,2023-10-31,2024-04-24,industry_trend,120,21,21,0,valid,0.2614353885858535,-0.06465195608144114,down
base,replay_base_2023-10-31,2023-10-31T00:00:00+00:00,2023-10-31,2023-11-29,momentum,20,20,20,0,valid,0.0701800113588216,-0.06465195608144114,down
base,replay_base_2023-10-31,2023-10-31T00:00:00+00:00,2023-10-31,2024-01-29,momentum,60,20,20,0,valid,0.1776599927642728,-0.06465195608144114,down
base,replay_base_2023-10-31,2023-10-31T00:00:00+00:00,2023-10-31,2024-04-24,momentum,120,20,20,0,valid,0.24542560813935976,-0.06465195608144114,down
base,replay_base_2023-10-31,2023-10-31T00:00:00+00:00,2023-10-31,2023-11-29,research_pool,20,30,30,0,valid,0.08250580228748022,-0.06465195608144114,down
base,replay_base_2023-10-31,2023-10-31T00:00:00+00:00,2023-10-31,2024-01-29,research_pool,60,30,30,0,valid,0.2269597717474116,-0.06465195608144114,down
base,replay_base_2023-10-31,2023-10-31T00:00:00+00:00,2023-10-31,2024-04-24,research_pool,120,30,30,0,valid,0.3418374514020762,-0.06465195608144114,down
base,replay_base_2023-11-30,2023-11-30T00:00:00+00:00,2023-11-30,2023-12-29,low_value,20,17,17,0,valid,0.0677760200954328,0.03764373182509417,up
base,replay_base_2023-11-30,2023-11-30T00:00:00+00:00,2023-11-30,2024-02-28,low_value,60,17,17,0,valid,0.10427734933141171,0.03764373182509417,up
base,replay_base_2023-11-30,2023-11-30T00:00:00+00:00,2023-11-30,2024-05-23,low_value,120,17,17,0,valid,0.17749191781847384,0.03764373182509417,up
base,replay_base_2023-11-30,2023-11-30T00:00:00+00:00,2023-11-30,2023-12-29,industry_trend,20,21,21,0,valid,0.06544033085246655,0.03764373182509417,up
base,replay_base_2023-11-30,2023-11-30T00:00:00+00:00,2023-11-30,2024-02-28,industry_trend,60,21,21,0,valid,0.1614068432834999,0.03764373182509417,up
base,replay_base_2023-11-30,2023-11-30T00:00:00+00:00,2023-11-30,2024-05-23,industry_trend,120,21,21,0,valid,0.1988510272052971,0.03764373182509417,up
base,replay_base_2023-11-30,2023-11-30T00:00:00+00:00,2023-11-30,2023-12-29,momentum,20,21,21,0,valid,0.06211987922077552,0.03764373182509417,up
base,replay_base_2023-11-30,2023-11-30T00:00:00+00:00,2023-11-30,2024-02-28,momentum,60,21,21,0,valid,0.17552415245085826,0.03764373182509417,up
base,replay_base_2023-11-30,2023-11-30T00:00:00+00:00,2023-11-30,2024-05-23,momentum,120,21,21,0,valid,0.20402554757379238,0.03764373182509417,up
base,replay_base_2023-11-30,2023-11-30T00:00:00+00:00,2023-11-30,2023-12-29,research_pool,20,30,30,0,valid,0.08382862011909152,0.03764373182509417,up
base,replay_base_2023-11-30,2023-11-30T00:00:00+00:00,2023-11-30,2024-02-28,research_pool,60,30,30,0,valid,0.24841786976323094,0.03764373182509417,up
base,replay_base_2023-11-30,2023-11-30T00:00:00+00:00,2023-11-30,2024-05-23,research_pool,120,30,30,0,valid,0.4168860472637796,0.03764373182509417,up
base,replay_base_2023-12-29,2023-12-29T00:00:00+00:00,2023-12-29,2024-01-30,low_value,20,17,17,0,valid,-0.008098773659047183,0.13827421327699296,up
base,replay_base_2023-12-29,2023-12-29T00:00:00+00:00,2023-12-29,2024-03-27,low_value,60,17,17,0,valid,0.029517232303147276,0.13827421327699296,up
base,replay_base_2023-12-29,2023-12-29T00:00:00+00:00,2023-12-29,2024-06-24,low_value,120,17,17,0,valid,-0.007282041480220713,0.13827421327699296,up
base,replay_base_2023-12-29,2023-12-29T00:00:00+00:00,2023-12-29,2024-01-30,industry_trend,20,20,20,0,valid,0.03944459413334549,0.13827421327699296,up
base,replay_base_2023-12-29,2023-12-29T00:00:00+00:00,2023-12-29,2024-03-27,industry_trend,60,20,20,0,valid,0.156017931222284,0.13827421327699296,up
base,replay_base_2023-12-29,2023-12-29T00:00:00+00:00,2023-12-29,2024-06-24,industry_trend,120,20,20,0,valid,0.2097011996202555,0.13827421327699296,up
base,replay_base_2023-12-29,2023-12-29T00:00:00+00:00,2023-12-29,2024-01-30,momentum,20,19,19,0,valid,0.056903155006861904,0.13827421327699296,up
base,replay_base_2023-12-29,2023-12-29T00:00:00+00:00,2023-12-29,2024-03-27,momentum,60,19,19,0,valid,0.21571681223850298,0.13827421327699296,up
base,replay_base_2023-12-29,2023-12-29T00:00:00+00:00,2023-12-29,2024-06-24,momentum,120,19,19,0,valid,0.24710462331048869,0.13827421327699296,up
base,replay_base_2023-12-29,2023-12-29T00:00:00+00:00,2023-12-29,2024-01-30,research_pool,20,30,30,0,valid,0.033669600776384326,0.13827421327699296,up
base,replay_base_2023-12-29,2023-12-29T00:00:00+00:00,2023-12-29,2024-03-27,research_pool,60,30,30,0,valid,0.14800170337412874,0.13827421327699296,up
base,replay_base_2023-12-29,2023-12-29T00:00:00+00:00,2023-12-29,2024-06-24,research_pool,120,30,30,0,valid,0.16948582221797176,0.13827421327699296,up
base,replay_base_2024-01-31,2024-01-31T00:00:00+00:00,2024-01-31,2024-02-29,low_value,20,18,18,0,valid,0.04461820571737491,0.14713731532175967,up
base,replay_base_2024-01-31,2024-01-31T00:00:00+00:00,2024-01-31,2024-04-26,low_value,60,18,18,0,valid,0.06353340952350278,0.14713731532175967,up
base,replay_base_2024-01-31,2024-01-31T00:00:00+00:00,2024-01-31,2024-07-24,low_value,120,18,18,0,valid,0.06517020450170169,0.14713731532175967,up
base,replay_base_2024-01-31,2024-01-31T00:00:00+00:00,2024-01-31,2024-02-29,industry_trend,20,21,21,0,valid,0.06340461238016254,0.14713731532175967,up
base,replay_base_2024-01-31,2024-01-31T00:00:00+00:00,2024-01-31,2024-04-26,industry_trend,60,21,21,0,valid,0.05991087204049211,0.14713731532175967,up
base,replay_base_2024-01-31,2024-01-31T00:00:00+00:00,2024-01-31,2024-07-24,industry_trend,120,21,21,0,valid,0.09882668846510516,0.14713731532175967,up
base,replay_base_2024-01-31,2024-01-31T00:00:00+00:00,2024-01-31,2024-02-29,momentum,20,21,21,0,valid,0.08969764866567298,0.14713731532175967,up
base,replay_base_2024-01-31,2024-01-31T00:00:00+00:00,2024-01-31,2024-04-26,momentum,60,21,21,0,valid,0.09833417581219285,0.14713731532175967,up
base,replay_base_2024-01-31,2024-01-31T00:00:00+00:00,2024-01-31,2024-07-24,momentum,120,21,21,0,valid,0.11860963437273024,0.14713731532175967,up
base,replay_base_2024-01-31,2024-01-31T00:00:00+00:00,2024-01-31,2024-02-29,research_pool,20,30,30,0,valid,0.08145765743594353,0.14713731532175967,up
base,replay_base_2024-01-31,2024-01-31T00:00:00+00:00,2024-01-31,2024-04-26,research_pool,60,30,30,0,valid,0.11946961464782747,0.14713731532175967,up
base,replay_base_2024-01-31,2024-01-31T00:00:00+00:00,2024-01-31,2024-07-24,research_pool,120,30,30,0,valid,0.14304792768128508,0.14713731532175967,up
base,replay_base_2024-02-29,2024-02-29T00:00:00+00:00,2024-02-29,2024-03-28,low_value,20,14,14,0,valid,0.031657793115535515,0.1260674445441723,up
base,replay_base_2024-02-29,2024-02-29T00:00:00+00:00,2024-02-29,2024-05-24,low_value,60,14,14,0,valid,0.06005615735741896,0.1260674445441723,up
base,replay_base_2024-02-29,2024-02-29T00:00:00+00:00,2024-02-29,2024-08-21,low_value,120,14,14,0,valid,0.10545637708524568,0.1260674445441723,up
base,replay_base_2024-02-29,2024-02-29T00:00:00+00:00,2024-02-29,2024-03-28,industry_trend,20,20,20,0,valid,0.0406812073531065,0.1260674445441723,up
base,replay_base_2024-02-29,2024-02-29T00:00:00+00:00,2024-02-29,2024-05-24,industry_trend,60,20,20,0,valid,0.08916885290562931,0.1260674445441723,up
base,replay_base_2024-02-29,2024-02-29T00:00:00+00:00,2024-02-29,2024-08-21,industry_trend,120,20,20,0,valid,0.10794836700781818,0.1260674445441723,up
base,replay_base_2024-02-29,2024-02-29T00:00:00+00:00,2024-02-29,2024-03-28,momentum,20,19,19,0,valid,0.04943959320596592,0.1260674445441723,up
base,replay_base_2024-02-29,2024-02-29T00:00:00+00:00,2024-02-29,2024-05-24,momentum,60,19,19,0,valid,0.0994059395669988,0.1260674445441723,up
base,replay_base_2024-02-29,2024-02-29T00:00:00+00:00,2024-02-29,2024-08-21,momentum,120,19,19,0,valid,0.10735947430731393,0.1260674445441723,up
base,replay_base_2024-02-29,2024-02-29T00:00:00+00:00,2024-02-29,2024-03-28,research_pool,20,30,30,0,valid,0.048018019493149704,0.1260674445441723,up
base,replay_base_2024-02-29,2024-02-29T00:00:00+00:00,2024-02-29,2024-05-24,research_pool,60,30,30,0,valid,0.09281265348092148,0.1260674445441723,up
base,replay_base_2024-02-29,2024-02-29T00:00:00+00:00,2024-02-29,2024-08-21,research_pool,120,30,30,0,valid,0.14043531005359497,0.1260674445441723,up
base,replay_base_2024-03-29,2024-03-29T00:00:00+00:00,2024-03-29,2024-04-26,low_value,20,14,14,0,valid,-0.02543190464107146,0.10305514157973161,up
base,replay_base_2024-03-29,2024-03-29T00:00:00+00:00,2024-03-29,2024-06-25,low_value,60,14,14,0,valid,-0.03920194955354369,0.10305514157973161,up
base,replay_base_2024-03-29,2024-03-29T00:00:00+00:00,2024-03-29,2024-09-19,low_value,120,14,14,0,valid,0.08752156916695111,0.10305514157973161,up
base,replay_base_2024-03-29,2024-03-29T00:00:00+00:00,2024-03-29,2024-04-26,industry_trend,20,20,20,0,valid,-0.008579222157388822,0.10305514157973161,up
base,replay_base_2024-03-29,2024-03-29T00:00:00+00:00,2024-03-29,2024-06-25,industry_trend,60,20,20,0,valid,0.06396718075378548,0.10305514157973161,up
base,replay_base_2024-03-29,2024-03-29T00:00:00+00:00,2024-03-29,2024-09-19,industry_trend,120,20,20,0,valid,0.12368755529641888,0.10305514157973161,up
base,replay_base_2024-03-29,2024-03-29T00:00:00+00:00,2024-03-29,2024-04-26,momentum,20,18,18,0,valid,0.008886628878574923,0.10305514157973161,up
base,replay_base_2024-03-29,2024-03-29T00:00:00+00:00,2024-03-29,2024-06-25,momentum,60,18,18,0,valid,0.06588361653071889,0.10305514157973161,up
base,replay_base_2024-03-29,2024-03-29T00:00:00+00:00,2024-03-29,2024-09-19,momentum,120,18,18,0,valid,0.1137274454827597,0.10305514157973161,up
base,replay_base_2024-03-29,2024-03-29T00:00:00+00:00,2024-03-29,2024-04-26,research_pool,20,30,30,0,valid,-0.0218008201891585,0.10305514157973161,up
base,replay_base_2024-03-29,2024-03-29T00:00:00+00:00,2024-03-29,2024-06-25,research_pool,60,30,30,0,valid,0.0074307857030725365,0.10305514157973161,up
base,replay_base_2024-03-29,2024-03-29T00:00:00+00:00,2024-03-29,2024-09-19,research_pool,120,30,30,0,valid,0.11282406130300283,0.10305514157973161,up
base,replay_base_2024-04-30,2024-04-30T00:00:00+00:00,2024-04-30,2024-05-29,low_value,20,17,17,0,valid,0.004247728320722908,-0.010520919502732151,down
base,replay_base_2024-04-30,2024-04-30T00:00:00+00:00,2024-04-30,2024-07-26,low_value,60,17,17,0,valid,0.04845147952176184,-0.010520919502732151,down
base,replay_base_2024-04-30,2024-04-30T00:00:00+00:00,2024-04-30,2024-10-21,low_value,120,17,17,0,valid,0.12072710541463255,-0.010520919502732151,down
base,replay_base_2024-04-30,2024-04-30T00:00:00+00:00,2024-04-30,2024-05-29,industry_trend,20,19,19,0,valid,0.0454913585357857,-0.010520919502732151,down
base,replay_base_2024-04-30,2024-04-30T00:00:00+00:00,2024-04-30,2024-07-26,industry_trend,60,19,19,0,valid,0.0449203511582658,-0.010520919502732151,down
base,replay_base_2024-04-30,2024-04-30T00:00:00+00:00,2024-04-30,2024-10-21,industry_trend,120,19,19,0,valid,0.18341688448876628,-0.010520919502732151,down
base,replay_base_2024-04-30,2024-04-30T00:00:00+00:00,2024-04-30,2024-05-29,momentum,20,19,19,0,valid,0.06498798233039133,-0.010520919502732151,down
base,replay_base_2024-04-30,2024-04-30T00:00:00+00:00,2024-04-30,2024-07-26,momentum,60,19,19,0,valid,0.0545644575570922,-0.010520919502732151,down
base,replay_base_2024-04-30,2024-04-30T00:00:00+00:00,2024-04-30,2024-10-21,momentum,120,19,19,0,valid,0.21465830693847063,-0.010520919502732151,down
base,replay_base_2024-04-30,2024-04-30T00:00:00+00:00,2024-04-30,2024-05-29,research_pool,20,30,30,0,valid,0.02680109006424248,-0.010520919502732151,down
base,replay_base_2024-04-30,2024-04-30T00:00:00+00:00,2024-04-30,2024-07-26,research_pool,60,30,30,0,valid,0.06536828602200573,-0.010520919502732151,down
base,replay_base_2024-04-30,2024-04-30T00:00:00+00:00,2024-04-30,2024-10-21,research_pool,120,30,30,0,valid,0.25178545308478273,-0.010520919502732151,down
base,replay_base_2024-05-31,2024-05-31T00:00:00+00:00,2024-05-31,2024-07-01,low_value,20,13,13,0,valid,0.030129428545288415,0.029029758920840365,up
base,replay_base_2024-05-31,2024-05-31T00:00:00+00:00,2024-05-31,2024-08-27,low_value,60,13,13,0,valid,0.09216624401709503,0.029029758920840365,up
base,replay_base_2024-05-31,2024-05-31T00:00:00+00:00,2024-05-31,2024-11-20,low_value,120,13,13,0,valid,0.2686549882727073,0.029029758920840365,up
base,replay_base_2024-05-31,2024-05-31T00:00:00+00:00,2024-05-31,2024-07-01,industry_trend,20,20,20,0,valid,0.02036668215419409,0.029029758920840365,up
base,replay_base_2024-05-31,2024-05-31T00:00:00+00:00,2024-05-31,2024-08-27,industry_trend,60,20,20,0,valid,0.02282122423767722,0.029029758920840365,up
base,replay_base_2024-05-31,2024-05-31T00:00:00+00:00,2024-05-31,2024-11-20,industry_trend,120,20,20,0,valid,0.20375485547688124,0.029029758920840365,up
base,replay_base_2024-05-31,2024-05-31T00:00:00+00:00,2024-05-31,2024-07-01,momentum,20,21,21,0,valid,0.01785035007752706,0.029029758920840365,up
base,replay_base_2024-05-31,2024-05-31T00:00:00+00:00,2024-05-31,2024-08-27,momentum,60,21,21,0,valid,0.048137479914576856,0.029029758920840365,up
base,replay_base_2024-05-31,2024-05-31T00:00:00+00:00,2024-05-31,2024-11-20,momentum,120,21,21,0,valid,0.18282152023202847,0.029029758920840365,up
base,replay_base_2024-05-31,2024-05-31T00:00:00+00:00,2024-05-31,2024-07-01,research_pool,20,30,30,0,valid,-0.007410971373227615,0.029029758920840365,up
base,replay_base_2024-05-31,2024-05-31T00:00:00+00:00,2024-05-31,2024-08-27,research_pool,60,30,30,0,valid,0.08170972147956916,0.029029758920840365,up
base,replay_base_2024-05-31,2024-05-31T00:00:00+00:00,2024-05-31,2024-11-20,research_pool,120,30,30,0,valid,0.25219600033254547,0.029029758920840365,up
base,replay_base_2024-06-28,2024-06-28T00:00:00+00:00,2024-06-28,2024-07-29,low_value,20,17,17,0,valid,0.015492886801938551,0.0836255061186637,up
base,replay_base_2024-06-28,2024-06-28T00:00:00+00:00,2024-06-28,2024-09-24,low_value,60,17,17,0,valid,0.09037649441821684,0.0836255061186637,up
base,replay_base_2024-06-28,2024-06-28T00:00:00+00:00,2024-06-28,2024-12-18,low_value,120,17,17,0,valid,0.09777842613401445,0.0836255061186637,up
base,replay_base_2024-06-28,2024-06-28T00:00:00+00:00,2024-06-28,2024-07-29,industry_trend,20,21,21,0,valid,0.0003457018623899556,0.0836255061186637,up
base,replay_base_2024-06-28,2024-06-28T00:00:00+00:00,2024-06-28,2024-09-24,industry_trend,60,21,21,0,valid,0.09351893446936532,0.0836255061186637,up
base,replay_base_2024-06-28,2024-06-28T00:00:00+00:00,2024-06-28,2024-12-18,industry_trend,120,21,21,0,valid,0.16887472491408542,0.0836255061186637,up
base,replay_base_2024-06-28,2024-06-28T00:00:00+00:00,2024-06-28,2024-07-29,momentum,20,20,20,0,valid,0.010442246127924704,0.0836255061186637,up
base,replay_base_2024-06-28,2024-06-28T00:00:00+00:00,2024-06-28,2024-09-24,momentum,60,20,20,0,valid,0.09501357467129123,0.0836255061186637,up
base,replay_base_2024-06-28,2024-06-28T00:00:00+00:00,2024-06-28,2024-12-18,momentum,120,20,20,0,valid,0.17088031843841006,0.0836255061186637,up
base,replay_base_2024-06-28,2024-06-28T00:00:00+00:00,2024-06-28,2024-07-29,research_pool,20,30,30,0,valid,0.010765223675492057,0.0836255061186637,up
base,replay_base_2024-06-28,2024-06-28T00:00:00+00:00,2024-06-28,2024-09-24,research_pool,60,30,30,0,valid,0.08865982385312421,0.0836255061186637,up
base,replay_base_2024-06-28,2024-06-28T00:00:00+00:00,2024-06-28,2024-12-18,research_pool,120,30,30,0,valid,0.14611018158742634,0.0836255061186637,up
base,replay_base_2024-07-31,2024-07-31T00:00:00+00:00,2024-07-31,2024-08-28,low_value,20,19,19,0,valid,-0.00916754811525633,0.08169990928611615,up
base,replay_base_2024-07-31,2024-07-31T00:00:00+00:00,2024-07-31,2024-10-24,low_value,60,19,19,0,valid,0.05784524072074207,0.08169990928611615,up
base,replay_base_2024-07-31,2024-07-31T00:00:00+00:00,2024-07-31,2025-01-23,low_value,120,19,19,0,valid,0.15947201043859638,0.08169990928611615,up
base,replay_base_2024-07-31,2024-07-31T00:00:00+00:00,2024-07-31,2024-08-28,industry_trend,20,19,19,0,valid,-8.134000144080938e-06,0.08169990928611615,up
base,replay_base_2024-07-31,2024-07-31T00:00:00+00:00,2024-07-31,2024-10-24,industry_trend,60,19,19,0,valid,0.09227351138091827,0.08169990928611615,up
base,replay_base_2024-07-31,2024-07-31T00:00:00+00:00,2024-07-31,2025-01-23,industry_trend,120,19,19,0,valid,0.24793745135562498,0.08169990928611615,up
base,replay_base_2024-07-31,2024-07-31T00:00:00+00:00,2024-07-31,2024-08-28,momentum,20,18,18,0,valid,0.012207253306944684,0.08169990928611615,up
base,replay_base_2024-07-31,2024-07-31T00:00:00+00:00,2024-07-31,2024-10-24,momentum,60,18,18,0,valid,0.10016989926390475,0.08169990928611615,up
base,replay_base_2024-07-31,2024-07-31T00:00:00+00:00,2024-07-31,2025-01-23,momentum,120,18,18,0,valid,0.20070811723256746,0.08169990928611615,up
base,replay_base_2024-07-31,2024-07-31T00:00:00+00:00,2024-07-31,2024-08-28,research_pool,20,30,30,0,valid,0.012053791184983864,0.08169990928611615,up
base,replay_base_2024-07-31,2024-07-31T00:00:00+00:00,2024-07-31,2024-10-24,research_pool,60,30,30,0,valid,0.09579004485036434,0.08169990928611615,up
base,replay_base_2024-07-31,2024-07-31T00:00:00+00:00,2024-07-31,2025-01-23,research_pool,120,30,30,0,valid,0.20749207169950587,0.08169990928611615,up
base,replay_base_2024-08-30,2024-08-30T00:00:00+00:00,2024-08-30,2024-09-30,low_value,20,18,18,0,valid,0.0745513937612937,0.027696887335792564,up
base,replay_base_2024-08-30,2024-08-30T00:00:00+00:00,2024-08-30,2024-11-25,low_value,60,18,18,0,valid,0.14134703654794262,0.027696887335792564,up
base,replay_base_2024-08-30,2024-08-30T00:00:00+00:00,2024-08-30,2025-02-25,low_value,120,18,18,0,valid,0.005059999105451653,0.027696887335792564,up
base,replay_base_2024-08-30,2024-08-30T00:00:00+00:00,2024-08-30,2024-09-30,industry_trend,20,20,20,0,valid,0.06195877859414056,0.027696887335792564,up
base,replay_base_2024-08-30,2024-08-30T00:00:00+00:00,2024-08-30,2024-11-25,industry_trend,60,20,20,0,valid,0.17391908934685452,0.027696887335792564,up
base,replay_base_2024-08-30,2024-08-30T00:00:00+00:00,2024-08-30,2025-02-25,industry_trend,120,20,20,0,valid,0.11771950246857905,0.027696887335792564,up
base,replay_base_2024-08-30,2024-08-30T00:00:00+00:00,2024-08-30,2024-09-30,momentum,20,19,19,0,valid,0.06499517588292704,0.027696887335792564,up
base,replay_base_2024-08-30,2024-08-30T00:00:00+00:00,2024-08-30,2024-11-25,momentum,60,19,19,0,valid,0.19359280523681677,0.027696887335792564,up
base,replay_base_2024-08-30,2024-08-30T00:00:00+00:00,2024-08-30,2025-02-25,momentum,120,19,19,0,valid,0.11781417203500957,0.027696887335792564,up
base,replay_base_2024-08-30,2024-08-30T00:00:00+00:00,2024-08-30,2024-09-30,research_pool,20,30,30,0,valid,0.06184893829724832,0.027696887335792564,up
base,replay_base_2024-08-30,2024-08-30T00:00:00+00:00,2024-08-30,2024-11-25,research_pool,60,30,30,0,valid,0.21165004251840341,0.027696887335792564,up
base,replay_base_2024-08-30,2024-08-30T00:00:00+00:00,2024-08-30,2025-02-25,research_pool,120,30,30,0,valid,0.11590466395495337,0.027696887335792564,up
base,replay_base_2024-09-30,2024-09-30T00:00:00+00:00,2024-09-30,2024-10-28,low_value,20,16,16,0,valid,-0.009062847635813907,-0.016705962960723908,down
base,replay_base_2024-09-30,2024-09-30T00:00:00+00:00,2024-09-30,2024-12-24,low_value,60,16,16,0,valid,-0.021503928345331977,-0.016705962960723908,down
base,replay_base_2024-09-30,2024-09-30T00:00:00+00:00,2024-09-30,2025-03-25,low_value,120,16,16,0,valid,-0.08208181987919894,-0.016705962960723908,down
base,replay_base_2024-09-30,2024-09-30T00:00:00+00:00,2024-09-30,2024-10-28,industry_trend,20,18,18,0,valid,0.017112868194827942,-0.016705962960723908,down
base,replay_base_2024-09-30,2024-09-30T00:00:00+00:00,2024-09-30,2024-12-24,industry_trend,60,18,18,0,valid,0.11541874999704452,-0.016705962960723908,down
base,replay_base_2024-09-30,2024-09-30T00:00:00+00:00,2024-09-30,2025-03-25,industry_trend,120,18,18,0,valid,0.05731482257050059,-0.016705962960723908,down
base,replay_base_2024-09-30,2024-09-30T00:00:00+00:00,2024-09-30,2024-10-28,momentum,20,18,18,0,valid,0.020861284678240746,-0.016705962960723908,down
base,replay_base_2024-09-30,2024-09-30T00:00:00+00:00,2024-09-30,2024-12-24,momentum,60,18,18,0,valid,0.10770295461146971,-0.016705962960723908,down
base,replay_base_2024-09-30,2024-09-30T00:00:00+00:00,2024-09-30,2025-03-25,momentum,120,18,18,0,valid,0.0037945373000805396,-0.016705962960723908,down
base,replay_base_2024-09-30,2024-09-30T00:00:00+00:00,2024-09-30,2024-10-28,research_pool,20,30,30,0,valid,0.026710207485199196,-0.016705962960723908,down
base,replay_base_2024-09-30,2024-09-30T00:00:00+00:00,2024-09-30,2024-12-24,research_pool,60,30,30,0,valid,0.07199959196241697,-0.016705962960723908,down
base,replay_base_2024-09-30,2024-09-30T00:00:00+00:00,2024-09-30,2025-03-25,research_pool,120,30,30,0,valid,0.0009606076789114441,-0.016705962960723908,down
base,replay_base_2024-10-31,2024-10-31T00:00:00+00:00,2024-10-31,2024-11-29,low_value,20,19,19,0,valid,0.01692505445056728,0.11245229227019826,up
base,replay_base_2024-10-31,2024-10-31T00:00:00+00:00,2024-10-31,2025-01-30,low_value,60,19,19,0,valid,-0.0007909153065852369,0.11245229227019826,up
base,replay_base_2024-10-31,2024-10-31T00:00:00+00:00,2024-10-31,2025-04-28,low_value,120,19,19,0,valid,-0.10305627918679267,0.11245229227019826,up
base,replay_base_2024-10-31,2024-10-31T00:00:00+00:00,2024-10-31,2024-11-29,industry_trend,20,21,21,0,valid,0.08907301220554771,0.11245229227019826,up
base,replay_base_2024-10-31,2024-10-31T00:00:00+00:00,2024-10-31,2025-01-30,industry_trend,60,21,21,0,valid,0.11367365361474704,0.11245229227019826,up
base,replay_base_2024-10-31,2024-10-31T00:00:00+00:00,2024-10-31,2025-04-28,industry_trend,120,21,21,0,valid,-0.02725034626056209,0.11245229227019826,up
base,replay_base_2024-10-31,2024-10-31T00:00:00+00:00,2024-10-31,2024-11-29,momentum,20,20,20,0,valid,0.0879227351929516,0.11245229227019826,up
base,replay_base_2024-10-31,2024-10-31T00:00:00+00:00,2024-10-31,2025-01-30,momentum,60,20,20,0,valid,0.1018444326373567,0.11245229227019826,up
base,replay_base_2024-10-31,2024-10-31T00:00:00+00:00,2024-10-31,2025-04-28,momentum,120,20,20,0,valid,-0.025545553389763852,0.11245229227019826,up
base,replay_base_2024-10-31,2024-10-31T00:00:00+00:00,2024-10-31,2024-11-29,research_pool,20,30,30,0,valid,0.07214106029665172,0.11245229227019826,up
base,replay_base_2024-10-31,2024-10-31T00:00:00+00:00,2024-10-31,2025-01-30,research_pool,60,30,30,0,valid,0.04205365200956028,0.11245229227019826,up
base,replay_base_2024-10-31,2024-10-31T00:00:00+00:00,2024-10-31,2025-04-28,research_pool,120,30,30,0,valid,-0.06515501399835326,0.11245229227019826,up
base,replay_base_2024-11-29,2024-11-29T00:00:00+00:00,2024-11-29,2024-12-30,low_value,20,20,20,0,valid,-0.038697459182426217,0.10541495890529795,up
base,replay_base_2024-11-29,2024-11-29T00:00:00+00:00,2024-11-29,2025-02-28,low_value,60,20,20,0,valid,-0.0490457705716489,0.10541495890529795,up
base,replay_base_2024-11-29,2024-11-29T00:00:00+00:00,2024-11-29,2025-05-27,low_value,120,20,20,0,valid,-0.0074359637924517,0.10541495890529795,up
base,replay_base_2024-11-29,2024-11-29T00:00:00+00:00,2024-11-29,2024-12-30,industry_trend,20,21,21,0,valid,-0.02553608602942498,0.10541495890529795,up
base,replay_base_2024-11-29,2024-11-29T00:00:00+00:00,2024-11-29,2025-02-28,industry_trend,60,21,21,0,valid,-0.04695010794593136,0.10541495890529795,up
base,replay_base_2024-11-29,2024-11-29T00:00:00+00:00,2024-11-29,2025-05-27,industry_trend,120,21,21,0,valid,0.0027549546099146266,0.10541495890529795,up
base,replay_base_2024-11-29,2024-11-29T00:00:00+00:00,2024-11-29,2024-12-30,momentum,20,21,21,0,valid,-0.026561964538282874,0.10541495890529795,up
base,replay_base_2024-11-29,2024-11-29T00:00:00+00:00,2024-11-29,2025-02-28,momentum,60,21,21,0,valid,-0.07000337728876384,0.10541495890529795,up
base,replay_base_2024-11-29,2024-11-29T00:00:00+00:00,2024-11-29,2025-05-27,momentum,120,21,21,0,valid,0.0027852862232107785,0.10541495890529795,up
base,replay_base_2024-11-29,2024-11-29T00:00:00+00:00,2024-11-29,2024-12-30,research_pool,20,30,30,0,valid,-0.05614970788296699,0.10541495890529795,up
base,replay_base_2024-11-29,2024-11-29T00:00:00+00:00,2024-11-29,2025-02-28,research_pool,60,30,30,0,valid,-0.034625377535620123,0.10541495890529795,up
base,replay_base_2024-11-29,2024-11-29T00:00:00+00:00,2024-11-29,2025-05-27,research_pool,120,30,30,0,valid,0.00937353426257351,0.10541495890529795,up
base,replay_base_2024-12-31,2024-12-31T00:00:00+00:00,2024-12-31,2025-01-31,low_value,20,20,20,0,valid,0.03223773100254431,0.048956644848882735,up
base,replay_base_2024-12-31,2024-12-31T00:00:00+00:00,2024-12-31,2025-03-31,low_value,60,20,20,0,valid,-0.09750957134644744,0.048956644848882735,up
base,replay_base_2024-12-31,2024-12-31T00:00:00+00:00,2024-12-31,2025-06-26,low_value,120,20,20,0,valid,0.04180081827627001,0.048956644848882735,up
base,replay_base_2024-12-31,2024-12-31T00:00:00+00:00,2024-12-31,2025-01-31,industry_trend,20,22,22,0,valid,0.03625119433456374,0.048956644848882735,up
base,replay_base_2024-12-31,2024-12-31T00:00:00+00:00,2024-12-31,2025-03-31,industry_trend,60,22,22,0,valid,-0.098958990826526,0.048956644848882735,up
base,replay_base_2024-12-31,2024-12-31T00:00:00+00:00,2024-12-31,2025-06-26,industry_trend,120,22,22,0,valid,0.06931716183312758,0.048956644848882735,up
base,replay_base_2024-12-31,2024-12-31T00:00:00+00:00,2024-12-31,2025-01-31,momentum,20,20,20,0,valid,0.04484512156338362,0.048956644848882735,up
base,replay_base_2024-12-31,2024-12-31T00:00:00+00:00,2024-12-31,2025-03-31,momentum,60,20,20,0,valid,-0.09171790137177564,0.048956644848882735,up
base,replay_base_2024-12-31,2024-12-31T00:00:00+00:00,2024-12-31,2025-06-26,momentum,120,20,20,0,valid,0.09609830840236266,0.048956644848882735,up
base,replay_base_2024-12-31,2024-12-31T00:00:00+00:00,2024-12-31,2025-01-31,research_pool,20,30,30,0,valid,0.06262500881117708,0.048956644848882735,up
base,replay_base_2024-12-31,2024-12-31T00:00:00+00:00,2024-12-31,2025-03-31,research_pool,60,30,30,0,valid,-0.0744339435243991,0.048956644848882735,up
base,replay_base_2024-12-31,2024-12-31T00:00:00+00:00,2024-12-31,2025-06-26,research_pool,120,30,30,0,valid,0.11175754959965492,0.048956644848882735,up
base,replay_base_2025-01-31,2025-01-31T00:00:00+00:00,2025-01-31,2025-03-03,low_value,20,20,20,0,valid,-0.05009302592612717,0.07158244599002872,up
base,replay_base_2025-01-31,2025-01-31T00:00:00+00:00,2025-01-31,2025-04-29,low_value,60,20,20,0,valid,-0.05503774590770096,0.07158244599002872,up
base,replay_base_2025-01-31,2025-01-31T00:00:00+00:00,2025-01-31,2025-07-25,low_value,120,20,20,0,valid,0.20590988771947613,0.07158244599002872,up
base,replay_base_2025-01-31,2025-01-31T00:00:00+00:00,2025-01-31,2025-03-03,industry_trend,20,21,21,0,valid,-0.05121822967554075,0.07158244599002872,up
base,replay_base_2025-01-31,2025-01-31T00:00:00+00:00,2025-01-31,2025-04-29,industry_trend,60,21,21,0,valid,-0.07795039609873265,0.07158244599002872,up
base,replay_base_2025-01-31,2025-01-31T00:00:00+00:00,2025-01-31,2025-07-25,industry_trend,120,21,21,0,valid,0.14894648573146374,0.07158244599002872,up
base,replay_base_2025-01-31,2025-01-31T00:00:00+00:00,2025-01-31,2025-03-03,momentum,20,20,20,0,valid,-0.04258416769958304,0.07158244599002872,up
base,replay_base_2025-01-31,2025-01-31T00:00:00+00:00,2025-01-31,2025-04-29,momentum,60,20,20,0,valid,-0.06657455244117191,0.07158244599002872,up
base,replay_base_2025-01-31,2025-01-31T00:00:00+00:00,2025-01-31,2025-07-25,momentum,120,20,20,0,valid,0.15951461940405334,0.07158244599002872,up
base,replay_base_2025-01-31,2025-01-31T00:00:00+00:00,2025-01-31,2025-03-03,research_pool,20,30,30,0,valid,-0.06812954659900991,0.07158244599002872,up
base,replay_base_2025-01-31,2025-01-31T00:00:00+00:00,2025-01-31,2025-04-29,research_pool,60,30,30,0,valid,-0.07628832120123429,0.07158244599002872,up
base,replay_base_2025-01-31,2025-01-31T00:00:00+00:00,2025-01-31,2025-07-25,research_pool,120,30,30,0,valid,0.11763157784510085,0.07158244599002872,up
base,replay_base_2025-02-28,2025-02-28T00:00:00+00:00,2025-02-28,2025-03-28,low_value,20,19,19,0,valid,-0.07052318150876839,-0.0032565621689488733,down
base,replay_base_2025-02-28,2025-02-28T00:00:00+00:00,2025-02-28,2025-05-27,low_value,60,19,19,0,valid,0.03149583347662584,-0.0032565621689488733,down
base,replay_base_2025-02-28,2025-02-28T00:00:00+00:00,2025-02-28,2025-08-21,low_value,120,19,19,0,valid,0.18428105794629132,-0.0032565621689488733,down
base,replay_base_2025-02-28,2025-02-28T00:00:00+00:00,2025-02-28,2025-03-28,industry_trend,20,20,20,0,valid,-0.06161676847472286,-0.0032565621689488733,down
base,replay_base_2025-02-28,2025-02-28T00:00:00+00:00,2025-02-28,2025-05-27,industry_trend,60,20,20,0,valid,0.05207103694474171,-0.0032565621689488733,down
base,replay_base_2025-02-28,2025-02-28T00:00:00+00:00,2025-02-28,2025-08-21,industry_trend,120,20,20,0,valid,0.14625460647931715,-0.0032565621689488733,down
base,replay_base_2025-02-28,2025-02-28T00:00:00+00:00,2025-02-28,2025-03-28,momentum,20,19,19,0,valid,-0.05055644516557173,-0.0032565621689488733,down
base,replay_base_2025-02-28,2025-02-28T00:00:00+00:00,2025-02-28,2025-05-27,momentum,60,19,19,0,valid,0.06340741280343797,-0.0032565621689488733,down
base,replay_base_2025-02-28,2025-02-28T00:00:00+00:00,2025-02-28,2025-08-21,momentum,120,19,19,0,valid,0.15536418081829814,-0.0032565621689488733,down
base,replay_base_2025-02-28,2025-02-28T00:00:00+00:00,2025-02-28,2025-03-28,research_pool,20,30,30,0,valid,-0.06545137683482409,-0.0032565621689488733,down
base,replay_base_2025-02-28,2025-02-28T00:00:00+00:00,2025-02-28,2025-05-27,research_pool,60,30,30,0,valid,0.05364721322028574,-0.0032565621689488733,down
base,replay_base_2025-02-28,2025-02-28T00:00:00+00:00,2025-02-28,2025-08-21,research_pool,120,30,30,0,valid,0.1742623975704283,-0.0032565621689488733,down
base,replay_base_2025-03-31,2025-03-31T00:00:00+00:00,2025-03-31,2025-05-08,low_value,20,0,0,0,no_signal,,-0.0827611838115917,down
base,replay_base_2025-03-31,2025-03-31T00:00:00+00:00,2025-03-31,2025-07-03,low_value,60,0,0,0,no_signal,,-0.0827611838115917,down
base,replay_base_2025-03-31,2025-03-31T00:00:00+00:00,2025-03-31,2025-09-25,low_value,120,0,0,0,no_signal,,-0.0827611838115917,down
base,replay_base_2025-03-31,2025-03-31T00:00:00+00:00,2025-03-31,2025-05-08,industry_trend,20,0,0,0,no_signal,,-0.0827611838115917,down
base,replay_base_2025-03-31,2025-03-31T00:00:00+00:00,2025-03-31,2025-07-03,industry_trend,60,0,0,0,no_signal,,-0.0827611838115917,down
base,replay_base_2025-03-31,2025-03-31T00:00:00+00:00,2025-03-31,2025-09-25,industry_trend,120,0,0,0,no_signal,,-0.0827611838115917,down
base,replay_base_2025-03-31,2025-03-31T00:00:00+00:00,2025-03-31,2025-05-08,momentum,20,0,0,0,no_signal,,-0.0827611838115917,down
base,replay_base_2025-03-31,2025-03-31T00:00:00+00:00,2025-03-31,2025-07-03,momentum,60,0,0,0,no_signal,,-0.0827611838115917,down
base,replay_base_2025-03-31,2025-03-31T00:00:00+00:00,2025-03-31,2025-09-25,momentum,120,0,0,0,no_signal,,-0.0827611838115917,down
base,replay_base_2025-03-31,2025-03-31T00:00:00+00:00,2025-03-31,2025-04-29,research_pool,20,30,30,0,valid,0.000999485161385453,-0.0827611838115917,down
base,replay_base_2025-03-31,2025-03-31T00:00:00+00:00,2025-03-31,2025-06-26,research_pool,60,30,30,0,valid,0.1804297762456018,-0.0827611838115917,down
base,replay_base_2025-03-31,2025-03-31T00:00:00+00:00,2025-03-31,2025-09-22,research_pool,120,30,30,0,valid,0.3060533370953927,-0.0827611838115917,down
base,replay_base_2025-04-30,2025-04-30T00:00:00+00:00,2025-04-30,2025-06-07,low_value,20,0,0,0,no_signal,,-0.0825144313377223,down
base,replay_base_2025-04-30,2025-04-30T00:00:00+00:00,2025-04-30,2025-08-02,low_value,60,0,0,0,no_signal,,-0.0825144313377223,down
base,replay_base_2025-04-30,2025-04-30T00:00:00+00:00,2025-04-30,2025-10-25,low_value,120,0,0,0,no_signal,,-0.0825144313377223,down
base,replay_base_2025-04-30,2025-04-30T00:00:00+00:00,2025-04-30,2025-06-07,industry_trend,20,0,0,0,no_signal,,-0.0825144313377223,down
base,replay_base_2025-04-30,2025-04-30T00:00:00+00:00,2025-04-30,2025-08-02,industry_trend,60,0,0,0,no_signal,,-0.0825144313377223,down
base,replay_base_2025-04-30,2025-04-30T00:00:00+00:00,2025-04-30,2025-10-25,industry_trend,120,0,0,0,no_signal,,-0.0825144313377223,down
base,replay_base_2025-04-30,2025-04-30T00:00:00+00:00,2025-04-30,2025-06-07,momentum,20,0,0,0,no_signal,,-0.0825144313377223,down
base,replay_base_2025-04-30,2025-04-30T00:00:00+00:00,2025-04-30,2025-08-02,momentum,60,0,0,0,no_signal,,-0.0825144313377223,down
base,replay_base_2025-04-30,2025-04-30T00:00:00+00:00,2025-04-30,2025-10-25,momentum,120,0,0,0,no_signal,,-0.0825144313377223,down
base,replay_base_2025-04-30,2025-04-30T00:00:00+00:00,2025-04-30,2025-05-29,research_pool,20,30,30,0,valid,0.06890467062601453,-0.0825144313377223,down
base,replay_base_2025-04-30,2025-04-30T00:00:00+00:00,2025-04-30,2025-07-28,research_pool,60,30,30,0,valid,0.18739126135820197,-0.0825144313377223,down
base,replay_base_2025-04-30,2025-04-30T00:00:00+00:00,2025-04-30,2025-10-21,research_pool,120,30,30,0,valid,0.2611916132010355,-0.0825144313377223,down
base,replay_base_2025-05-30,2025-05-30T00:00:00+00:00,2025-05-30,2025-06-30,low_value,20,19,19,0,valid,0.09445897520327362,0.03415926383300816,up
base,replay_base_2025-05-30,2025-05-30T00:00:00+00:00,2025-05-30,2025-08-26,low_value,60,19,19,0,valid,0.16349683688616845,0.03415926383300816,up
base,replay_base_2025-05-30,2025-05-30T00:00:00+00:00,2025-05-30,2025-11-19,low_value,120,19,19,0,valid,0.29264756239330536,0.03415926383300816,up
base,replay_base_2025-05-30,2025-05-30T00:00:00+00:00,2025-05-30,2025-06-30,industry_trend,20,22,22,0,valid,0.09990860037268741,0.03415926383300816,up
base,replay_base_2025-05-30,2025-05-30T00:00:00+00:00,2025-05-30,2025-08-26,industry_trend,60,22,22,0,valid,0.15071317526247655,0.03415926383300816,up
base,replay_base_2025-05-30,2025-05-30T00:00:00+00:00,2025-05-30,2025-11-19,industry_trend,120,22,22,0,valid,0.2707165832394833,0.03415926383300816,up
base,replay_base_2025-05-30,2025-05-30T00:00:00+00:00,2025-05-30,2025-06-30,momentum,20,21,21,0,valid,0.10718142689722973,0.03415926383300816,up
base,replay_base_2025-05-30,2025-05-30T00:00:00+00:00,2025-05-30,2025-08-26,momentum,60,21,21,0,valid,0.15873809293923705,0.03415926383300816,up
base,replay_base_2025-05-30,2025-05-30T00:00:00+00:00,2025-05-30,2025-11-19,momentum,120,21,21,0,valid,0.3114152692071557,0.03415926383300816,up
base,replay_base_2025-05-30,2025-05-30T00:00:00+00:00,2025-05-30,2025-06-30,research_pool,20,30,30,0,valid,0.07922351507213668,0.03415926383300816,up
base,replay_base_2025-05-30,2025-05-30T00:00:00+00:00,2025-05-30,2025-08-26,research_pool,60,30,30,0,valid,0.143190754376738,0.03415926383300816,up
base,replay_base_2025-05-30,2025-05-30T00:00:00+00:00,2025-05-30,2025-11-19,research_pool,120,30,30,0,valid,0.19067508023295326,0.03415926383300816,up
base,replay_base_2025-06-30,2025-06-30T00:00:00+00:00,2025-06-30,2025-07-29,low_value,20,18,18,0,valid,0.06018151101212468,0.1585314626564731,up
base,replay_base_2025-06-30,2025-06-30T00:00:00+00:00,2025-06-30,2025-09-24,low_value,60,18,18,0,valid,0.12996233366410093,0.1585314626564731,up
base,replay_base_2025-06-30,2025-06-30T00:00:00+00:00,2025-06-30,2025-12-18,low_value,120,18,18,0,valid,0.23083817835035939,0.1585314626564731,up
base,replay_base_2025-06-30,2025-06-30T00:00:00+00:00,2025-06-30,2025-07-29,industry_trend,20,21,21,0,valid,0.057702761160296996,0.1585314626564731,up
base,replay_base_2025-06-30,2025-06-30T00:00:00+00:00,2025-06-30,2025-09-24,industry_trend,60,21,21,0,valid,0.12350283617284494,0.1585314626564731,up
base,replay_base_2025-06-30,2025-06-30T00:00:00+00:00,2025-06-30,2025-12-18,industry_trend,120,21,21,0,valid,0.1523561335463424,0.1585314626564731,up
base,replay_base_2025-06-30,2025-06-30T00:00:00+00:00,2025-06-30,2025-07-29,momentum,20,22,22,0,valid,0.05055209690463814,0.1585314626564731,up
base,replay_base_2025-06-30,2025-06-30T00:00:00+00:00,2025-06-30,2025-09-24,momentum,60,22,22,0,valid,0.12236578144612666,0.1585314626564731,up
base,replay_base_2025-06-30,2025-06-30T00:00:00+00:00,2025-06-30,2025-12-18,momentum,120,22,22,0,valid,0.17878081679284824,0.1585314626564731,up
base,replay_base_2025-06-30,2025-06-30T00:00:00+00:00,2025-06-30,2025-07-29,research_pool,20,30,30,0,valid,0.05842503392206955,0.1585314626564731,up
base,replay_base_2025-06-30,2025-06-30T00:00:00+00:00,2025-06-30,2025-09-24,research_pool,60,30,30,0,valid,0.12453775604715477,0.1585314626564731,up
base,replay_base_2025-06-30,2025-06-30T00:00:00+00:00,2025-06-30,2025-12-18,research_pool,120,30,30,0,valid,0.1122600921713977,0.1585314626564731,up
base,replay_base_2025-07-31,2025-07-31T00:00:00+00:00,2025-07-31,2025-08-28,low_value,20,18,18,0,valid,0.021117255836099778,0.16267105669307536,up
base,replay_base_2025-07-31,2025-07-31T00:00:00+00:00,2025-07-31,2025-10-24,low_value,60,18,18,0,valid,0.08955260931443054,0.16267105669307536,up
base,replay_base_2025-07-31,2025-07-31T00:00:00+00:00,2025-07-31,2026-01-22,low_value,120,18,18,0,valid,0.19840844344781602,0.16267105669307536,up
base,replay_base_2025-07-31,2025-07-31T00:00:00+00:00,2025-07-31,2025-08-28,industry_trend,20,19,19,0,valid,0.02082240358372825,0.16267105669307536,up
base,replay_base_2025-07-31,2025-07-31T00:00:00+00:00,2025-07-31,2025-10-24,industry_trend,60,19,19,0,valid,0.172229298961292,0.16267105669307536,up
base,replay_base_2025-07-31,2025-07-31T00:00:00+00:00,2025-07-31,2026-01-22,industry_trend,120,19,19,0,valid,0.2448497804592135,0.16267105669307536,up
base,replay_base_2025-07-31,2025-07-31T00:00:00+00:00,2025-07-31,2025-08-28,momentum,20,18,18,0,valid,0.025776349252398148,0.16267105669307536,up
base,replay_base_2025-07-31,2025-07-31T00:00:00+00:00,2025-07-31,2025-10-24,momentum,60,18,18,0,valid,0.16100740093589638,0.16267105669307536,up
base,replay_base_2025-07-31,2025-07-31T00:00:00+00:00,2025-07-31,2026-01-22,momentum,120,18,18,0,valid,0.21502630757432564,0.16267105669307536,up
base,replay_base_2025-07-31,2025-07-31T00:00:00+00:00,2025-07-31,2025-08-28,research_pool,20,30,30,0,valid,0.037772875245300194,0.16267105669307536,up
base,replay_base_2025-07-31,2025-07-31T00:00:00+00:00,2025-07-31,2025-10-24,research_pool,60,30,30,0,valid,0.07089277033676296,0.16267105669307536,up
base,replay_base_2025-07-31,2025-07-31T00:00:00+00:00,2025-07-31,2026-01-22,research_pool,120,30,30,0,valid,0.17200657113656645,0.16267105669307536,up
base,replay_base_2025-08-29,2025-08-29T00:00:00+00:00,2025-08-29,2025-09-29,low_value,20,18,18,0,valid,0.018458793400470914,0.07858007413571366,up
base,replay_base_2025-08-29,2025-08-29T00:00:00+00:00,2025-08-29,2025-11-24,low_value,60,18,18,0,valid,-0.01031845373945581,0.07858007413571366,up
base,replay_base_2025-08-29,2025-08-29T00:00:00+00:00,2025-08-29,2026-02-23,low_value,120,18,18,0,valid,0.020945897443257297,0.07858007413571366,up
base,replay_base_2025-08-29,2025-08-29T00:00:00+00:00,2025-08-29,2025-09-29,industry_trend,20,21,21,0,valid,0.0661655121368871,0.07858007413571366,up
base,replay_base_2025-08-29,2025-08-29T00:00:00+00:00,2025-08-29,2025-11-24,industry_trend,60,21,21,0,valid,0.09388367335982674,0.07858007413571366,up
base,replay_base_2025-08-29,2025-08-29T00:00:00+00:00,2025-08-29,2026-02-23,industry_trend,120,21,21,0,valid,0.21441467951490073,0.07858007413571366,up
base,replay_base_2025-08-29,2025-08-29T00:00:00+00:00,2025-08-29,2025-09-29,momentum,20,21,21,0,valid,0.0802557004668708,0.07858007413571366,up
base,replay_base_2025-08-29,2025-08-29T00:00:00+00:00,2025-08-29,2025-11-24,momentum,60,21,21,0,valid,0.14165613031370597,0.07858007413571366,up
base,replay_base_2025-08-29,2025-08-29T00:00:00+00:00,2025-08-29,2026-02-23,momentum,120,21,21,0,valid,0.36046322645043655,0.07858007413571366,up
base,replay_base_2025-08-29,2025-08-29T00:00:00+00:00,2025-08-29,2025-09-29,research_pool,20,30,30,0,valid,0.04575254034589931,0.07858007413571366,up
base,replay_base_2025-08-29,2025-08-29T00:00:00+00:00,2025-08-29,2025-11-24,research_pool,60,30,30,0,valid,0.008978590660356582,0.07858007413571366,up
base,replay_base_2025-08-29,2025-08-29T00:00:00+00:00,2025-08-29,2026-02-23,research_pool,120,30,30,0,valid,0.08772460122620622,0.07858007413571366,up
base,replay_base_2025-09-30,2025-09-30T00:00:00+00:00,2025-09-30,2025-10-28,low_value,20,17,17,0,valid,0.024387231945002173,0.08710138891403951,up
base,replay_base_2025-09-30,2025-09-30T00:00:00+00:00,2025-09-30,2025-12-24,low_value,60,17,17,0,valid,0.009630693026930726,0.08710138891403951,up
base,replay_base_2025-09-30,2025-09-30T00:00:00+00:00,2025-09-30,2026-03-24,low_value,120,17,17,0,valid,-0.04566639982981395,0.08710138891403951,up
base,replay_base_2025-09-30,2025-09-30T00:00:00+00:00,2025-09-30,2025-10-28,industry_trend,20,21,21,0,valid,0.06932698580933366,0.08710138891403951,up
base,replay_base_2025-09-30,2025-09-30T00:00:00+00:00,2025-09-30,2025-12-24,industry_trend,60,21,21,0,valid,0.11467317523523561,0.08710138891403951,up
base,replay_base_2025-09-30,2025-09-30T00:00:00+00:00,2025-09-30,2026-03-24,industry_trend,120,21,21,0,valid,0.2141592356118385,0.08710138891403951,up
base,replay_base_2025-09-30,2025-09-30T00:00:00+00:00,2025-09-30,2025-10-28,momentum,20,20,20,0,valid,0.08148847747323848,0.08710138891403951,up
base,replay_base_2025-09-30,2025-09-30T00:00:00+00:00,2025-09-30,2025-12-24,momentum,60,20,20,0,valid,0.13832546821405353,0.08710138891403951,up
base,replay_base_2025-09-30,2025-09-30T00:00:00+00:00,2025-09-30,2026-03-24,momentum,120,20,20,0,valid,0.30242691278618417,0.08710138891403951,up
base,replay_base_2025-09-30,2025-09-30T00:00:00+00:00,2025-09-30,2025-10-28,research_pool,20,30,30,0,valid,0.019880936807082118,0.08710138891403951,up
base,replay_base_2025-09-30,2025-09-30T00:00:00+00:00,2025-09-30,2025-12-24,research_pool,60,30,30,0,valid,0.05316969510245344,0.08710138891403951,up
base,replay_base_2025-09-30,2025-09-30T00:00:00+00:00,2025-09-30,2026-03-24,research_pool,120,30,30,0,valid,0.06570200158038567,0.08710138891403951,up
base,replay_base_2025-10-31,2025-10-31T00:00:00+00:00,2025-10-31,2025-12-01,low_value,20,17,17,0,valid,-0.03866922854372004,0.10547767119918472,up
base,replay_base_2025-10-31,2025-10-31T00:00:00+00:00,2025-10-31,2026-01-29,low_value,60,17,17,0,valid,-0.021550302743963353,0.10547767119918472,up
base,replay_base_2025-10-31,2025-10-31T00:00:00+00:00,2025-10-31,2026-04-27,low_value,120,17,17,0,valid,-0.056250066936765236,0.10547767119918472,up
base,replay_base_2025-10-31,2025-10-31T00:00:00+00:00,2025-10-31,2025-12-01,industry_trend,20,21,21,0,valid,-0.024730008955226628,0.10547767119918472,up
base,replay_base_2025-10-31,2025-10-31T00:00:00+00:00,2025-10-31,2026-01-29,industry_trend,60,21,21,0,valid,0.13599518583945008,0.10547767119918472,up
base,replay_base_2025-10-31,2025-10-31T00:00:00+00:00,2025-10-31,2026-04-27,industry_trend,120,21,21,0,valid,0.2510407828549203,0.10547767119918472,up
base,replay_base_2025-10-31,2025-10-31T00:00:00+00:00,2025-10-31,2025-12-01,momentum,20,20,20,0,valid,-0.03890772664459988,0.10547767119918472,up
base,replay_base_2025-10-31,2025-10-31T00:00:00+00:00,2025-10-31,2026-01-29,momentum,60,20,20,0,valid,0.1552095283897107,0.10547767119918472,up
base,replay_base_2025-10-31,2025-10-31T00:00:00+00:00,2025-10-31,2026-04-27,momentum,120,20,20,0,valid,0.30602392652273297,0.10547767119918472,up
base,replay_base_2025-10-31,2025-10-31T00:00:00+00:00,2025-10-31,2025-12-01,research_pool,20,30,30,0,valid,-0.02038244112287664,0.10547767119918472,up
base,replay_base_2025-10-31,2025-10-31T00:00:00+00:00,2025-10-31,2026-01-29,research_pool,60,30,30,0,valid,0.05635231484825395,0.10547767119918472,up
base,replay_base_2025-10-31,2025-10-31T00:00:00+00:00,2025-10-31,2026-04-27,research_pool,120,30,30,0,valid,0.077897253002331,0.10547767119918472,up
base,replay_base_2025-11-28,2025-11-28T00:00:00+00:00,2025-11-28,2025-12-29,low_value,20,13,13,0,valid,0.0027819330188497437,0.07620901853075135,up
base,replay_base_2025-11-28,2025-11-28T00:00:00+00:00,2025-11-28,2026-02-26,low_value,60,13,13,0,valid,0.02652818885705879,0.07620901853075135,up
base,replay_base_2025-11-28,2025-11-28T00:00:00+00:00,2025-11-28,2026-05-22,low_value,120,13,13,0,valid,0.16267795756843428,0.07620901853075135,up
base,replay_base_2025-11-28,2025-11-28T00:00:00+00:00,2025-11-28,2025-12-29,industry_trend,20,22,22,0,valid,0.028950171520980006,0.07620901853075135,up
base,replay_base_2025-11-28,2025-11-28T00:00:00+00:00,2025-11-28,2026-02-26,industry_trend,60,22,22,0,valid,0.16160392031108237,0.07620901853075135,up
base,replay_base_2025-11-28,2025-11-28T00:00:00+00:00,2025-11-28,2026-05-22,industry_trend,120,22,22,0,valid,0.35785995273720994,0.07620901853075135,up
base,replay_base_2025-11-28,2025-11-28T00:00:00+00:00,2025-11-28,2025-12-29,momentum,20,20,20,0,valid,0.03369908634527584,0.07620901853075135,up
base,replay_base_2025-11-28,2025-11-28T00:00:00+00:00,2025-11-28,2026-02-26,momentum,60,20,20,0,valid,0.17042142114714995,0.07620901853075135,up
base,replay_base_2025-11-28,2025-11-28T00:00:00+00:00,2025-11-28,2026-05-22,momentum,120,20,20,0,valid,0.4065144345912464,0.07620901853075135,up
base,replay_base_2025-11-28,2025-11-28T00:00:00+00:00,2025-11-28,2025-12-29,research_pool,20,30,30,0,valid,0.03311359033534475,0.07620901853075135,up
base,replay_base_2025-11-28,2025-11-28T00:00:00+00:00,2025-11-28,2026-02-26,research_pool,60,30,30,0,valid,0.13016292365057758,0.07620901853075135,up
base,replay_base_2025-11-28,2025-11-28T00:00:00+00:00,2025-11-28,2026-05-22,research_pool,120,30,30,0,valid,0.33868480213194413,0.07620901853075135,up
base,replay_base_2025-12-31,2025-12-31T00:00:00+00:00,2025-12-31,2026-01-30,low_value,20,17,17,0,valid,0.031125935868208526,0.01081161137440767,up
base,replay_base_2025-12-31,2025-12-31T00:00:00+00:00,2025-12-31,2026-03-30,low_value,60,17,17,0,valid,-0.03496750724192339,0.01081161137440767,up
base,replay_base_2025-12-31,2025-12-31T00:00:00+00:00,2025-12-31,2026-06-25,low_value,120,17,17,0,valid,0.11107592946045818,0.01081161137440767,up
base,replay_base_2025-12-31,2025-12-31T00:00:00+00:00,2025-12-31,2026-01-30,industry_trend,20,19,19,0,valid,0.05589181019502141,0.01081161137440767,up
base,replay_base_2025-12-31,2025-12-31T00:00:00+00:00,2025-12-31,2026-03-30,industry_trend,60,19,19,0,valid,-0.02346293035471999,0.01081161137440767,up
base,replay_base_2025-12-31,2025-12-31T00:00:00+00:00,2025-12-31,2026-06-25,industry_trend,120,19,19,0,valid,0.38998771365099777,0.01081161137440767,up
base,replay_base_2025-12-31,2025-12-31T00:00:00+00:00,2025-12-31,2026-01-30,momentum,20,19,19,0,valid,0.07441784487740218,0.01081161137440767,up
base,replay_base_2025-12-31,2025-12-31T00:00:00+00:00,2025-12-31,2026-03-30,momentum,60,19,19,0,valid,-0.0048526257972660095,0.01081161137440767,up
base,replay_base_2025-12-31,2025-12-31T00:00:00+00:00,2025-12-31,2026-06-25,momentum,120,19,19,0,valid,0.4133314104239658,0.01081161137440767,up
base,replay_base_2025-12-31,2025-12-31T00:00:00+00:00,2025-12-31,2026-01-30,research_pool,20,30,30,0,valid,0.039436792092306265,0.01081161137440767,up
base,replay_base_2025-12-31,2025-12-31T00:00:00+00:00,2025-12-31,2026-03-30,research_pool,60,30,30,0,valid,-0.0173171840010532,0.01081161137440767,up
base,replay_base_2025-12-31,2025-12-31T00:00:00+00:00,2025-12-31,2026-06-25,research_pool,120,30,30,0,valid,0.16245741469781727,0.01081161137440767,up
base,replay_base_2026-01-30,2026-01-30T00:00:00+00:00,2026-01-30,2026-03-02,low_value,20,20,20,0,valid,-0.011203986223501428,-0.016499509602303175,down
base,replay_base_2026-01-30,2026-01-30T00:00:00+00:00,2026-01-30,2026-04-28,low_value,60,20,20,0,valid,-0.00651259451739068,-0.016499509602303175,down
base,replay_base_2026-01-30,2026-01-30T00:00:00+00:00,2026-01-30,2026-07-24,low_value,120,20,20,0,valid,0.03571411127809798,-0.016499509602303175,down
base,replay_base_2026-01-30,2026-01-30T00:00:00+00:00,2026-01-30,2026-03-02,industry_trend,20,18,18,0,valid,0.07478636841634363,-0.016499509602303175,down
base,replay_base_2026-01-30,2026-01-30T00:00:00+00:00,2026-01-30,2026-04-28,industry_trend,60,18,18,0,valid,0.12360653882019977,-0.016499509602303175,down
base,replay_base_2026-01-30,2026-01-30T00:00:00+00:00,2026-01-30,2026-07-24,industry_trend,120,18,18,0,valid,0.24871804139153017,-0.016499509602303175,down
base,replay_base_2026-01-30,2026-01-30T00:00:00+00:00,2026-01-30,2026-03-02,momentum,20,20,20,0,valid,0.061149994596515114,-0.016499509602303175,down
base,replay_base_2026-01-30,2026-01-30T00:00:00+00:00,2026-01-30,2026-04-28,momentum,60,20,20,0,valid,0.15328835050336037,-0.016499509602303175,down
base,replay_base_2026-01-30,2026-01-30T00:00:00+00:00,2026-01-30,2026-07-24,momentum,120,20,20,0,valid,0.24116861502457937,-0.016499509602303175,down
base,replay_base_2026-01-30,2026-01-30T00:00:00+00:00,2026-01-30,2026-03-02,research_pool,20,30,30,0,valid,0.01807245892637308,-0.016499509602303175,down
base,replay_base_2026-01-30,2026-01-30T00:00:00+00:00,2026-01-30,2026-04-28,research_pool,60,30,30,0,valid,0.06403756266164161,-0.016499509602303175,down
base,replay_base_2026-01-30,2026-01-30T00:00:00+00:00,2026-01-30,2026-07-24,research_pool,120,30,30,0,valid,0.12916214491073486,-0.016499509602303175,down
base,replay_base_2026-02-27,2026-02-27T00:00:00+00:00,2026-02-27,2026-03-27,low_value,20,16,16,0,valid,-0.06035381390187691,-0.01606318347509106,down
base,replay_base_2026-02-27,2026-02-27T00:00:00+00:00,2026-02-27,2026-05-26,low_value,60,16,16,0,valid,0.16694752563528076,-0.01606318347509106,down
base,replay_base_2026-02-27,2026-02-27T00:00:00+00:00,2026-02-27,2026-08-20,low_value,120,16,16,0,valid,0.18595730984401082,-0.01606318347509106,down
base,replay_base_2026-02-27,2026-02-27T00:00:00+00:00,2026-02-27,2026-03-27,industry_trend,20,19,19,0,valid,-0.06496462698258866,-0.01606318347509106,down
base,replay_base_2026-02-27,2026-02-27T00:00:00+00:00,2026-02-27,2026-05-26,industry_trend,60,19,19,0,valid,0.21063099620835427,-0.01606318347509106,down
base,replay_base_2026-02-27,2026-02-27T00:00:00+00:00,2026-02-27,2026-08-20,industry_trend,120,19,19,0,valid,0.21249468151257422,-0.01606318347509106,down
base,replay_base_2026-02-27,2026-02-27T00:00:00+00:00,2026-02-27,2026-03-27,momentum,20,19,19,0,valid,-0.07028651722354533,-0.01606318347509106,down
base,replay_base_2026-02-27,2026-02-27T00:00:00+00:00,2026-02-27,2026-05-26,momentum,60,19,19,0,valid,0.1135598719433722,-0.01606318347509106,down
base,replay_base_2026-02-27,2026-02-27T00:00:00+00:00,2026-02-27,2026-08-20,momentum,120,19,19,0,valid,0.13023998847356313,-0.01606318347509106,down
base,replay_base_2026-02-27,2026-02-27T00:00:00+00:00,2026-02-27,2026-03-27,research_pool,20,30,30,0,valid,-0.06605343245283217,-0.01606318347509106,down
base,replay_base_2026-02-27,2026-02-27T00:00:00+00:00,2026-02-27,2026-05-26,research_pool,60,30,30,0,valid,0.15168525076138994,-0.01606318347509106,down
base,replay_base_2026-02-27,2026-02-27T00:00:00+00:00,2026-02-27,2026-08-20,research_pool,120,30,30,0,valid,0.13372847929618192,-0.01606318347509106,down
base,replay_base_2026-03-31,2026-03-31T00:00:00+00:00,2026-03-31,2026-05-08,low_value,20,0,0,0,no_signal,,-0.05867097279311029,down
base,replay_base_2026-03-31,2026-03-31T00:00:00+00:00,2026-03-31,2026-07-03,low_value,60,0,0,0,no_signal,,-0.05867097279311029,down
base,replay_base_2026-03-31,2026-03-31T00:00:00+00:00,2026-03-31,2026-09-25,low_value,120,0,0,0,no_signal,,-0.05867097279311029,down
base,replay_base_2026-03-31,2026-03-31T00:00:00+00:00,2026-03-31,2026-05-08,industry_trend,20,0,0,0,no_signal,,-0.05867097279311029,down
base,replay_base_2026-03-31,2026-03-31T00:00:00+00:00,2026-03-31,2026-07-03,industry_trend,60,0,0,0,no_signal,,-0.05867097279311029,down
base,replay_base_2026-03-31,2026-03-31T00:00:00+00:00,2026-03-31,2026-09-25,industry_trend,120,0,0,0,no_signal,,-0.05867097279311029,down
base,replay_base_2026-03-31,2026-03-31T00:00:00+00:00,2026-03-31,2026-05-08,momentum,20,0,0,0,no_signal,,-0.05867097279311029,down
base,replay_base_2026-03-31,2026-03-31T00:00:00+00:00,2026-03-31,2026-07-03,momentum,60,0,0,0,no_signal,,-0.05867097279311029,down
base,replay_base_2026-03-31,2026-03-31T00:00:00+00:00,2026-03-31,2026-09-25,momentum,120,0,0,0,no_signal,,-0.05867097279311029,down
base,replay_base_2026-03-31,2026-03-31T00:00:00+00:00,2026-03-31,2026-04-29,research_pool,20,30,30,0,valid,0.09505969821393233,-0.05867097279311029,down
base,replay_base_2026-03-31,2026-03-31T00:00:00+00:00,2026-03-31,2026-06-26,research_pool,60,30,30,0,valid,0.17180169080844818,-0.05867097279311029,down
base,replay_base_2026-03-31,2026-03-31T00:00:00+00:00,2026-03-31,2026-09-22,research_pool,120,30,30,0,valid,0.23282411498751293,-0.05867097279311029,down
base,replay_base_2026-04-30,2026-04-30T00:00:00+00:00,2026-04-30,2026-05-29,low_value,20,16,16,0,valid,0.039209113710099976,0.08297375336599289,up
base,replay_base_2026-04-30,2026-04-30T00:00:00+00:00,2026-04-30,2026-07-28,low_value,60,16,16,0,valid,0.09960736335404718,0.08297375336599289,up
base,replay_base_2026-04-30,2026-04-30T00:00:00+00:00,2026-04-30,2026-10-25,low_value,120,16,0,0,unpriced,,0.08297375336599289,up
base,replay_base_2026-04-30,2026-04-30T00:00:00+00:00,2026-04-30,2026-05-29,industry_trend,20,20,20,0,valid,0.08079430907813531,0.08297375336599289,up
base,replay_base_2026-04-30,2026-04-30T00:00:00+00:00,2026-04-30,2026-07-28,industry_trend,60,20,20,0,valid,-0.00667670979313092,0.08297375336599289,up
base,replay_base_2026-04-30,2026-04-30T00:00:00+00:00,2026-04-30,2026-10-25,industry_trend,120,20,0,0,unpriced,,0.08297375336599289,up
base,replay_base_2026-04-30,2026-04-30T00:00:00+00:00,2026-04-30,2026-05-29,momentum,20,21,21,0,valid,0.09523124410361243,0.08297375336599289,up
base,replay_base_2026-04-30,2026-04-30T00:00:00+00:00,2026-04-30,2026-07-28,momentum,60,21,21,0,valid,-0.008353221903134932,0.08297375336599289,up
base,replay_base_2026-04-30,2026-04-30T00:00:00+00:00,2026-04-30,2026-10-25,momentum,120,21,0,0,unpriced,,0.08297375336599289,up
base,replay_base_2026-04-30,2026-04-30T00:00:00+00:00,2026-04-30,2026-05-29,research_pool,20,30,30,0,valid,0.028666749364400803,0.08297375336599289,up
base,replay_base_2026-04-30,2026-04-30T00:00:00+00:00,2026-04-30,2026-07-28,research_pool,60,30,30,0,valid,0.0201187746838669,0.08297375336599289,up
base,replay_base_2026-04-30,2026-04-30T00:00:00+00:00,2026-04-30,2026-10-25,research_pool,120,30,0,0,unpriced,,0.08297375336599289,up
base,replay_base_2026-05-29,2026-05-29T00:00:00+00:00,2026-05-29,2026-06-29,low_value,20,15,15,0,valid,-0.032382936879248744,0.20903075764027634,up
base,replay_base_2026-05-29,2026-05-29T00:00:00+00:00,2026-05-29,2026-08-25,low_value,60,15,15,0,valid,0.03437909536938175,0.20903075764027634,up
base,replay_base_2026-05-29,2026-05-29T00:00:00+00:00,2026-05-29,2026-11-23,low_value,120,15,0,0,unpriced,,0.20903075764027634,up
base,replay_base_2026-05-29,2026-05-29T00:00:00+00:00,2026-05-29,2026-06-29,industry_trend,20,23,23,0,valid,0.03264916255105817,0.20903075764027634,up
base,replay_base_2026-05-29,2026-05-29T00:00:00+00:00,2026-05-29,2026-08-25,industry_trend,60,23,23,0,valid,-0.011971480181037717,0.20903075764027634,up
base,replay_base_2026-05-29,2026-05-29T00:00:00+00:00,2026-05-29,2026-11-23,industry_trend,120,23,0,0,unpriced,,0.20903075764027634,up
base,replay_base_2026-05-29,2026-05-29T00:00:00+00:00,2026-05-29,2026-06-29,momentum,20,20,20,0,valid,0.028715399959109916,0.20903075764027634,up
base,replay_base_2026-05-29,2026-05-29T00:00:00+00:00,2026-05-29,2026-08-25,momentum,60,20,20,0,valid,-0.015150778829444284,0.20903075764027634,up
base,replay_base_2026-05-29,2026-05-29T00:00:00+00:00,2026-05-29,2026-11-23,momentum,120,20,0,0,unpriced,,0.20903075764027634,up
base,replay_base_2026-05-29,2026-05-29T00:00:00+00:00,2026-05-29,2026-06-29,research_pool,20,30,30,0,valid,-0.030109292173010928,0.20903075764027634,up
base,replay_base_2026-05-29,2026-05-29T00:00:00+00:00,2026-05-29,2026-08-25,research_pool,60,30,30,0,valid,0.07360164224724769,0.20903075764027634,up
base,replay_base_2026-05-29,2026-05-29T00:00:00+00:00,2026-05-29,2026-11-23,research_pool,120,30,0,0,unpriced,,0.20903075764027634,up
base,replay_base_2026-06-30,2026-06-30T00:00:00+00:00,2026-06-30,2026-07-29,low_value,20,16,16,0,valid,-0.018764577906041698,0.25834686725361133,up
base,replay_base_2026-06-30,2026-06-30T00:00:00+00:00,2026-06-30,2026-09-24,low_value,60,16,16,0,valid,-0.0193024660557611,0.25834686725361133,up
base,replay_base_2026-06-30,2026-06-30T00:00:00+00:00,2026-06-30,2026-12-25,low_value,120,16,0,0,unpriced,,0.25834686725361133,up
base,replay_base_2026-06-30,2026-06-30T00:00:00+00:00,2026-06-30,2026-07-29,industry_trend,20,18,18,0,valid,-0.13611308519294457,0.25834686725361133,up
base,replay_base_2026-06-30,2026-06-30T00:00:00+00:00,2026-06-30,2026-09-24,industry_trend,60,18,18,0,valid,-0.062269926021599135,0.25834686725361133,up
base,replay_base_2026-06-30,2026-06-30T00:00:00+00:00,2026-06-30,2026-12-25,industry_trend,120,18,0,0,unpriced,,0.25834686725361133,up
base,replay_base_2026-06-30,2026-06-30T00:00:00+00:00,2026-06-30,2026-07-29,momentum,20,17,17,0,valid,-0.1630153169080639,0.25834686725361133,up
base,replay_base_2026-06-30,2026-06-30T00:00:00+00:00,2026-06-30,2026-09-24,momentum,60,17,17,0,valid,-0.10346119280485074,0.25834686725361133,up
base,replay_base_2026-06-30,2026-06-30T00:00:00+00:00,2026-06-30,2026-12-25,momentum,120,17,0,0,unpriced,,0.25834686725361133,up
base,replay_base_2026-06-30,2026-06-30T00:00:00+00:00,2026-06-30,2026-07-29,research_pool,20,30,30,0,valid,-0.02658874706382607,0.25834686725361133,up
base,replay_base_2026-06-30,2026-06-30T00:00:00+00:00,2026-06-30,2026-09-24,research_pool,60,30,30,0,valid,0.004798418932882139,0.25834686725361133,up
base,replay_base_2026-06-30,2026-06-30T00:00:00+00:00,2026-06-30,2026-12-25,research_pool,120,30,0,0,unpriced,,0.25834686725361133,up
base,replay_base_2026-07-31,2026-07-31T00:00:00+00:00,2026-07-31,2026-08-28,low_value,20,22,22,0,valid,0.038278980306598924,0.009331944301791628,up
base,replay_base_2026-07-31,2026-07-31T00:00:00+00:00,2026-07-31,2026-11-02,low_value,60,22,0,0,unpriced,,0.009331944301791628,up
base,replay_base_2026-07-31,2026-07-31T00:00:00+00:00,2026-07-31,2027-01-25,low_value,120,22,0,0,unpriced,,0.009331944301791628,up
base,replay_base_2026-07-31,2026-07-31T00:00:00+00:00,2026-07-31,2026-08-28,industry_trend,20,20,20,0,valid,0.03398568848019874,0.009331944301791628,up
base,replay_base_2026-07-31,2026-07-31T00:00:00+00:00,2026-07-31,2026-11-02,industry_trend,60,20,0,0,unpriced,,0.009331944301791628,up
base,replay_base_2026-07-31,2026-07-31T00:00:00+00:00,2026-07-31,2027-01-25,industry_trend,120,20,0,0,unpriced,,0.009331944301791628,up
base,replay_base_2026-07-31,2026-07-31T00:00:00+00:00,2026-07-31,2026-08-28,momentum,20,21,21,0,valid,0.029143628396367506,0.009331944301791628,up
base,replay_base_2026-07-31,2026-07-31T00:00:00+00:00,2026-07-31,2026-11-02,momentum,60,21,0,0,unpriced,,0.009331944301791628,up
base,replay_base_2026-07-31,2026-07-31T00:00:00+00:00,2026-07-31,2027-01-25,momentum,120,21,0,0,unpriced,,0.009331944301791628,up
base,replay_base_2026-07-31,2026-07-31T00:00:00+00:00,2026-07-31,2026-08-28,research_pool,20,30,30,0,valid,0.05795856564534466,0.009331944301791628,up
base,replay_base_2026-07-31,2026-07-31T00:00:00+00:00,2026-07-31,2026-11-02,research_pool,60,30,0,0,unpriced,,0.009331944301791628,up
base,replay_base_2026-07-31,2026-07-31T00:00:00+00:00,2026-07-31,2027-01-25,research_pool,120,30,0,0,unpriced,,0.009331944301791628,up
base,replay_base_2026-08-31,2026-08-31T00:00:00+00:00,2026-08-31,2026-09-29,low_value,20,18,18,0,valid,-0.04798880829260968,-0.03215395003376087,down
base,replay_base_2026-08-31,2026-08-31T00:00:00+00:00,2026-08-31,2026-12-03,low_value,60,18,0,0,unpriced,,-0.03215395003376087,down
base,replay_base_2026-08-31,2026-08-31T00:00:00+00:00,2026-08-31,2027-02-25,low_value,120,18,0,0,unpriced,,-0.03215395003376087,down
base,replay_base_2026-08-31,2026-08-31T00:00:00+00:00,2026-08-31,2026-09-29,industry_trend,20,21,21,0,valid,-0.03320091534809206,-0.03215395003376087,down
base,replay_base_2026-08-31,2026-08-31T00:00:00+00:00,2026-08-31,2026-12-03,industry_trend,60,21,0,0,unpriced,,-0.03215395003376087,down
base,replay_base_2026-08-31,2026-08-31T00:00:00+00:00,2026-08-31,2027-02-25,industry_trend,120,21,0,0,unpriced,,-0.03215395003376087,down
base,replay_base_2026-08-31,2026-08-31T00:00:00+00:00,2026-08-31,2026-09-29,momentum,20,20,20,0,valid,-0.03372852013252409,-0.03215395003376087,down
base,replay_base_2026-08-31,2026-08-31T00:00:00+00:00,2026-08-31,2026-12-03,momentum,60,20,0,0,unpriced,,-0.03215395003376087,down
base,replay_base_2026-08-31,2026-08-31T00:00:00+00:00,2026-08-31,2027-02-25,momentum,120,20,0,0,unpriced,,-0.03215395003376087,down
base,replay_base_2026-08-31,2026-08-31T00:00:00+00:00,2026-08-31,2026-09-29,research_pool,20,30,30,0,valid,-0.04611078091785462,-0.03215395003376087,down
base,replay_base_2026-08-31,2026-08-31T00:00:00+00:00,2026-08-31,2026-12-03,research_pool,60,30,0,0,unpriced,,-0.03215395003376087,down
base,replay_base_2026-08-31,2026-08-31T00:00:00+00:00,2026-08-31,2027-02-25,research_pool,120,30,0,0,unpriced,,-0.03215395003376087,down
base,replay_base_2026-09-30,2026-09-30T00:00:00+00:00,2026-09-30,2026-11-07,low_value,20,18,0,0,unpriced,,0.042326774539098944,up
base,replay_base_2026-09-30,2026-09-30T00:00:00+00:00,2026-09-30,2027-01-02,low_value,60,18,0,0,unpriced,,0.042326774539098944,up
base,replay_base_2026-09-30,2026-09-30T00:00:00+00:00,2026-09-30,2027-03-27,low_value,120,18,0,0,unpriced,,0.042326774539098944,up
base,replay_base_2026-09-30,2026-09-30T00:00:00+00:00,2026-09-30,2026-11-07,industry_trend,20,23,0,0,unpriced,,0.042326774539098944,up
base,replay_base_2026-09-30,2026-09-30T00:00:00+00:00,2026-09-30,2027-01-02,industry_trend,60,23,0,0,unpriced,,0.042326774539098944,up
base,replay_base_2026-09-30,2026-09-30T00:00:00+00:00,2026-09-30,2027-03-27,industry_trend,120,23,0,0,unpriced,,0.042326774539098944,up
base,replay_base_2026-09-30,2026-09-30T00:00:00+00:00,2026-09-30,2026-11-07,momentum,20,22,0,0,unpriced,,0.042326774539098944,up
base,replay_base_2026-09-30,2026-09-30T00:00:00+00:00,2026-09-30,2027-01-02,momentum,60,22,0,0,unpriced,,0.042326774539098944,up
base,replay_base_2026-09-30,2026-09-30T00:00:00+00:00,2026-09-30,2027-03-27,momentum,120,22,0,0,unpriced,,0.042326774539098944,up
base,replay_base_2026-09-30,2026-09-30T00:00:00+00:00,2026-09-30,2026-11-07,research_pool,20,30,0,0,unpriced,,0.042326774539098944,up
base,replay_base_2026-09-30,2026-09-30T00:00:00+00:00,2026-09-30,2027-01-02,research_pool,60,30,0,0,unpriced,,0.042326774539098944,up
base,replay_base_2026-09-30,2026-09-30T00:00:00+00:00,2026-09-30,2027-03-27,research_pool,120,30,0,0,unpriced,,0.042326774539098944,up
