scenario,segment,list_type,horizon_days,n_events_total,n_events_valid,n_no_signal_events,n_unpriced_events,avg_return,win_rate,avg_excess_vs_QQQ
base,2023,industry_trend,20,12,12,0,0,0.017446673427390695,0.75,-0.003761358668041318
base,2023,industry_trend,60,12,12,0,0,0.07710893565569478,0.75,-0.010296776097494053
base,2023,industry_trend,120,12,12,0,0,0.18533793380360322,1.0,0.019164941403071453
base,2023,low_value,20,12,11,1,0,0.028296644951478166,0.6363636363636364,0.0015836190750882879
base,2023,low_value,60,12,11,1,0,0.0793372203656098,0.6363636363636364,-0.0029965973082210925
base,2023,low_value,120,12,11,1,0,0.1837706246495146,1.0,0.024455481448360364
base,2023,momentum,20,12,12,0,0,0.013446728870343929,0.5833333333333334,-0.007761303225088082
base,2023,momentum,60,12,12,0,0,0.06928154064855233,0.6666666666666666,-0.018124171104636502
base,2023,momentum,120,12,12,0,0,0.17241371675767744,1.0,0.0062407243571456815
base,2023,research_pool,20,12,12,0,0,0.011491631500497706,0.5,-0.009716400594934305
base,2023,research_pool,60,12,12,0,0,0.07460950552535178,0.5833333333333334,-0.012796206227837052
base,2023,research_pool,120,12,12,0,0,0.17312888979329108,1.0,0.006955897392759309
base,2024,industry_trend,20,12,12,0,0,0.029418367414858662,0.75,0.011290574474862826
base,2024,industry_trend,60,12,12,0,0,0.0619198732541472,0.8333333333333334,0.024259605084565126
base,2024,industry_trend,120,12,12,0,0,0.11962284878735914,0.9166666666666666,0.04550507505588363
base,2024,low_value,20,12,12,0,0,0.02012001040622137,0.6666666666666666,0.001992217466225532
base,2024,low_value,60,12,12,0,0,0.024021978555305384,0.6666666666666666,-0.013638289614276688
base,2024,low_value,120,12,12,0,0,0.07148088815721969,0.75,-0.0026368855742558463
base,2024,momentum,20,12,12,0,0,0.03843233888354649,0.9166666666666666,0.02030454594355065
base,2024,momentum,60,12,12,0,0,0.06857503488283798,0.8333333333333334,0.030914766713255923
base,2024,momentum,120,12,12,0,0,0.11807667038979996,0.8333333333333334,0.04395889665832444
base,2024,research_pool,20,12,12,0,0,0.024908835464574734,0.75,0.006781042524578899
base,2024,research_pool,60,12,12,0,0,0.06184271125701041,0.8333333333333334,0.024182443087428337
base,2024,research_pool,120,12,12,0,0,0.11999389793122385,0.8333333333333334,0.04587612419974831
base,2025,industry_trend,20,12,10,2,0,0.024882667957753003,0.7,0.014953187599053466
base,2025,industry_trend,60,12,10,2,0,0.09091397748506379,0.8,0.06917211979967129
base,2025,industry_trend,120,12,10,2,0,0.23714860000524252,1.0,0.139866223904808
base,2025,low_value,20,12,10,2,0,0.029694415450783367,0.7,0.01976493509208383
base,2025,low_value,60,12,10,2,0,0.0906908793015829,0.9,0.0689490216161904
base,2025,low_value,120,12,10,2,0,0.25027929023752676,1.0,0.1529969141370922
base,2025,momentum,20,12,10,2,0,0.03197866359898808,0.7,0.02204918324028854
base,2025,momentum,60,12,10,2,0,0.10505216529731658,0.8,0.08331030761192407
base,2025,momentum,120,12,10,2,0,0.26993994849747366,1.0,0.1726575723970391
base,2025,research_pool,20,12,12,0,0,0.018373082079054498,0.6666666666666666,0.002860605924369198
base,2025,research_pool,60,12,12,0,0,0.07225472440411694,0.8333333333333334,0.025963145114306373
base,2025,research_pool,120,12,12,0,0,0.1625595542687891,1.0,0.035913202942896454
base,2026YTD,industry_trend,20,9,7,1,1,-0.0018434432912543541,0.5714285714285714,0.0013588893635715757
base,2026YTD,industry_trend,60,9,5,1,3,0.051833309755072964,0.6,0.0005311445427717748
base,2026YTD,industry_trend,120,9,2,1,6,0.2119661072417476,1.0,0.06838873435086193
base,2026YTD,low_value,20,9,7,1,1,-0.007659028243712342,0.5714285714285714,-0.004456695588886412
base,2026YTD,low_value,60,9,5,1,3,0.029033471491927153,0.6,-0.022268693720374027
base,2026YTD,low_value,120,9,2,1,6,0.11424927074721318,1.0,-0.0293281021436725
base,2026YTD,momentum,20,9,7,1,1,-0.00585846886104325,0.5714285714285714,-0.0026561362062173196
base,2026YTD,momentum,60,9,5,1,3,0.025876043840269397,0.4,-0.025426121372031783
base,2026YTD,momentum,120,9,2,1,6,0.19401568650138581,1.0,0.050438313610500135
base,2026YTD,research_pool,20,9,8,0,1,0.0034839037684293315,0.5,-0.010547969574019388
base,2026YTD,research_pool,60,9,6,0,3,0.0822639774358789,1.0,0.004447943101293821
base,2026YTD,research_pool,120,9,3,0,6,0.16007026755927942,1.0,-0.02974195726974831
