style,list_type,horizon,symbol,rank,n_dates,avg_return,total_return_sum,avg_excess_vs_qqq
risk_off,low_value,20,PANW,1,7,0.134269,1.879767,0.095444
risk_off,low_value,20,CAT,2,17,0.038023,1.482881,0.00893
risk_off,low_value,20,ETN,3,24,0.034438,1.480818,0.017093
risk_off,low_value,20,GOOGL,4,15,0.037331,1.007941,0.012926
risk_off,low_value,20,VRT,5,5,0.112682,0.901456,0.076665
risk_off,low_value,20,JCI,6,10,0.047943,0.862966,0.023025
risk_off,low_value,20,PYPL,7,19,0.015594,0.857661,-0.00893
risk_off,low_value,20,ANET,8,5,0.07799,0.779896,0.084017
risk_off,low_value,20,AAPL,9,8,0.045623,0.684343,0.010056
risk_off,low_value,20,FTNT,10,15,0.022772,0.683169,0.0113
risk_off,low_value,20,GOOG,11,8,0.045015,0.675228,0.028757
risk_off,low_value,20,PWR,12,5,0.094439,0.661072,0.041613
risk_off,low_value,20,SMCI,13,1,0.320104,0.640209,0.282206
risk_off,low_value,20,HWM,14,3,0.155919,0.623677,0.141035
risk_off,low_value,20,FCX,15,10,0.030801,0.616029,0.023629
risk_off,low_value,20,LHX,16,14,0.016609,0.597915,-0.009774
risk_off,low_value,20,TER,17,12,0.025372,0.583548,0.003056
risk_off,low_value,20,PH,18,14,0.025282,0.581494,0.002718
risk_off,low_value,20,TSLA,19,13,0.021589,0.539724,-0.001502
risk_off,low_value,20,GD,20,30,0.00912,0.528988,-0.001445
risk_off,low_value,20,MLM,21,6,0.047964,0.527606,0.006614
risk_off,low_value,20,CRM,22,14,0.015541,0.435161,-0.00756
risk_off,low_value,20,ADI,23,6,0.035806,0.42967,0.017803
risk_off,low_value,20,KLAC,24,8,0.030012,0.390156,0.01734
risk_off,low_value,20,UNP,25,30,0.005393,0.29662,-0.00366
risk_off,low_value,20,TXN,26,14,0.011202,0.291254,0.003284
risk_off,low_value,20,GE,27,6,0.025157,0.276727,-0.007068
risk_off,low_value,20,LRCX,28,7,0.022534,0.270412,0.018199
risk_off,low_value,20,AVGO,29,8,0.020732,0.269521,0.027161
risk_off,low_value,20,EQIX,30,3,0.04134,0.206702,0.0293
risk_off,low_value,20,NOW,31,9,0.011029,0.176465,-0.018873
risk_off,low_value,20,MPWR,32,5,0.016904,0.169042,-0.014671
risk_off,low_value,20,SRE,33,2,0.040384,0.161536,0.05062
risk_off,low_value,20,AMZN,34,18,0.004837,0.140271,-0.00935
risk_off,low_value,20,UPS,35,2,0.03094,0.123762,0.048312
risk_off,low_value,20,AMAT,36,4,0.013446,0.094125,-0.0068
risk_off,low_value,20,NSC,37,11,0.004332,0.090962,0.000126
risk_off,low_value,20,PTC,38,1,0.044269,0.088537,0.031575
risk_off,low_value,20,AKAM,39,1,0.078018,0.078018,0.114257
risk_off,low_value,20,EMR,40,1,0.035217,0.070435,0.022524
risk_off,low_value,20,MSFT,41,10,0.00366,0.065882,0.005774
risk_off,low_value,20,SNPS,42,2,0.014651,0.058605,-0.000614
risk_off,low_value,20,ON,43,4,0.007035,0.056277,-0.019127
risk_off,low_value,20,ARM,44,1,0.022613,0.045227,-0.007194
risk_off,low_value,20,CSCO,45,12,0.001065,0.022358,-0.021571
risk_off,low_value,20,RTX,46,18,0.000432,0.01381,-0.003132
risk_off,low_value,20,CHKP,47,5,0.001446,0.007232,-0.005662
risk_off,low_value,20,CMI,48,8,-0.000734,-0.009537,-0.026774
risk_off,low_value,20,DT,49,1,-0.007931,-0.015861,0.028308
risk_off,low_value,20,STLD,50,5,-0.001734,-0.017339,-0.031654
risk_off,low_value,20,EME,51,9,-0.001509,-0.022641,0.005773
risk_off,low_value,20,NOC,52,10,-0.002498,-0.047458,0.007731
risk_off,low_value,20,MU,53,1,-0.024185,-0.04837,-0.0712
risk_off,low_value,20,ABNB,54,6,-0.005222,-0.052216,0.008285
risk_off,low_value,20,TWLO,55,1,-0.026121,-0.052243,0.037657
risk_off,low_value,20,MCHP,56,13,-0.002528,-0.058135,-0.010599
risk_off,low_value,20,HII,57,6,-0.005275,-0.063304,-0.041552
risk_off,low_value,20,TT,58,12,-0.004788,-0.105325,-0.01502
risk_off,low_value,20,LUV,59,1,-0.054297,-0.108593,-0.039782
risk_off,low_value,20,TRGP,60,1,-0.057261,-0.114523,-0.102306
risk_off,low_value,20,ORCL,61,10,-0.007328,-0.131907,-0.012746
risk_off,low_value,20,NXPI,62,9,-0.00821,-0.139563,-0.028191
risk_off,low_value,20,INTC,63,1,-0.083194,-0.166389,-0.091034
risk_off,low_value,20,NVDA,64,4,-0.02888,-0.202163,0.015178
risk_off,low_value,20,SMR,65,1,-0.251847,-0.251847,-0.231617
risk_off,low_value,20,ACN,66,16,-0.008335,-0.258377,-0.032628
risk_off,low_value,20,QCOM,67,12,-0.012119,-0.278733,-0.024623
risk_off,low_value,20,META,68,4,-0.035303,-0.282423,-0.052205
risk_off,low_value,20,CSX,69,14,-0.011542,-0.300083,-0.026824
risk_off,low_value,20,ADBE,70,1,-0.165437,-0.330873,-0.165195
risk_off,low_value,20,NUE,71,8,-0.022638,-0.36221,-0.044945
risk_off,low_value,20,ZM,72,10,-0.022219,-0.422155,-0.032302
risk_off,low_value,20,CEG,73,4,-0.037165,-0.445975,-0.065819
risk_off,low_value,20,BWXT,74,3,-0.058789,-0.47031,-0.010071
risk_off,low_value,20,BAH,75,5,-0.047101,-0.471011,-0.070412
risk_off,low_value,20,LDOS,76,3,-0.089182,-0.535095,-0.073049
risk_off,low_value,20,WDAY,77,3,-0.089567,-0.537404,-0.075362
risk_off,low_value,20,DIS,78,17,-0.018778,-0.638447,-0.029975
risk_off,low_value,20,LMT,79,12,-0.026742,-0.641811,-0.051707
risk_off,low_value,20,AMD,80,6,-0.059041,-0.708496,-0.062955
risk_off,low_value,20,NFLX,81,8,-0.05104,-0.765604,-0.069518
risk_off,low_value,20,UBER,82,7,-0.043159,-0.776869,-0.056918
risk_off,low_value,20,VMC,83,17,-0.023057,-0.783936,-0.034601
risk_off,low_value,20,CRH,84,11,-0.051574,-0.979904,-0.038315
risk_off,low_value,60,CAT,1,16,0.1168,4.204789,0.050302
risk_off,low_value,60,GOOGL,2,14,0.156744,3.918588,0.093722
risk_off,low_value,60,FTNT,3,15,0.114321,3.42962,0.047585
risk_off,low_value,60,ETN,4,23,0.079981,3.279215,0.015199
risk_off,low_value,60,ANET,5,5,0.294603,2.946032,0.21019
risk_off,low_value,60,PH,6,14,0.105888,2.435426,0.053822
risk_off,low_value,60,TER,7,12,0.100791,2.318186,0.046254
risk_off,low_value,60,LHX,8,13,0.068744,2.268537,-0.012187
risk_off,low_value,60,PANW,9,7,0.160135,2.241889,0.147003
risk_off,low_value,60,AVGO,10,7,0.196725,2.163974,0.082117
risk_off,low_value,60,GOOG,11,8,0.119311,1.789672,0.060913
risk_off,low_value,60,TXN,12,13,0.073574,1.765785,0.027085
risk_off,low_value,60,VRT,13,5,0.214153,1.71322,0.17354
risk_off,low_value,60,GD,14,29,0.029933,1.676252,-0.018983
risk_off,low_value,60,TSLA,15,13,0.065988,1.649702,-0.001606
risk_off,low_value,60,UNP,16,28,0.02957,1.567187,-0.023899
risk_off,low_value,60,AAPL,17,7,0.116988,1.52084,0.018316
risk_off,low_value,60,PWR,18,5,0.20599,1.441927,0.102583
risk_off,low_value,60,TT,19,12,0.063296,1.392503,-0.016623
risk_off,low_value,60,MLM,20,6,0.124884,1.37372,0.006504
risk_off,low_value,60,LMT,21,10,0.066614,1.332287,0.010654
risk_off,low_value,60,JCI,22,10,0.073206,1.317713,0.015054
risk_off,low_value,60,CRM,23,13,0.046136,1.19953,-0.007455
risk_off,low_value,60,CSCO,24,12,0.055563,1.166831,-0.048417
risk_off,low_value,60,LRCX,25,7,0.094286,1.131429,0.045996
risk_off,low_value,60,KLAC,26,7,0.093818,1.125817,0.018246
risk_off,low_value,60,AMAT,27,4,0.155955,1.091683,0.062395
risk_off,low_value,60,AMZN,28,17,0.040336,1.089059,-0.005679
risk_off,low_value,60,TWLO,29,1,0.540922,1.081845,0.324838
risk_off,low_value,60,GE,30,4,0.142817,0.999717,0.145035
risk_off,low_value,60,MSFT,31,10,0.053707,0.966719,0.010102
risk_off,low_value,60,MPWR,32,5,0.084242,0.842425,0.007602
risk_off,low_value,60,ADI,33,4,0.099238,0.793902,0.044001
risk_off,low_value,60,EQIX,34,3,0.136675,0.683373,0.102723
risk_off,low_value,60,EME,35,8,0.046574,0.605457,0.05739
risk_off,low_value,60,CMI,36,7,0.054671,0.601376,-0.008878
risk_off,low_value,60,HWM,37,3,0.143445,0.573778,0.137552
risk_off,low_value,60,CSX,38,14,0.01956,0.508548,-0.047691
risk_off,low_value,60,NOW,39,9,0.031518,0.504291,-0.069346
risk_off,low_value,60,NOC,40,8,0.032767,0.491499,0.015957
risk_off,low_value,60,NVDA,41,3,0.091383,0.456915,0.087352
risk_off,low_value,60,RTX,42,16,0.015694,0.455119,-0.024545
risk_off,low_value,60,ARM,43,1,0.225434,0.450867,0.124178
risk_off,low_value,60,ORCL,44,9,0.027458,0.43933,-0.019398
risk_off,low_value,60,NUE,45,8,0.023859,0.38175,-0.03977
risk_off,low_value,60,DT,46,1,0.173602,0.347205,0.164891
risk_off,low_value,60,PYPL,47,18,0.006322,0.328763,-0.050423
risk_off,low_value,60,SRE,48,2,0.078707,0.314828,0.100044
risk_off,low_value,60,NXPI,49,9,0.018411,0.312993,-0.070059
risk_off,low_value,60,SNPS,50,2,0.06027,0.241081,-0.046469
risk_off,low_value,60,ABNB,51,6,0.022372,0.223719,-0.064436
risk_off,low_value,60,STLD,52,5,0.014982,0.149823,-0.030737
risk_off,low_value,60,AKAM,53,1,0.128585,0.128585,0.119873
risk_off,low_value,60,CHKP,54,3,0.031141,0.093424,0.049742
risk_off,low_value,60,INTC,55,1,0.017352,0.034705,-0.123334
risk_off,low_value,60,WDAY,56,3,-0.012298,-0.073786,0.006303
risk_off,low_value,60,TRGP,57,1,-0.049317,-0.098635,-0.177656
risk_off,low_value,60,NSC,58,11,-0.004997,-0.104942,-0.038525
risk_off,low_value,60,UPS,59,2,-0.03257,-0.130279,-0.105077
risk_off,low_value,60,MU,60,1,-0.078647,-0.157294,-0.153099
risk_off,low_value,60,EMR,61,1,-0.127276,-0.254552,-0.036164
risk_off,low_value,60,UBER,62,7,-0.014856,-0.267409,-0.022964
risk_off,low_value,60,HII,63,6,-0.025189,-0.302264,-0.045006
risk_off,low_value,60,SMR,64,1,-0.321339,-0.321339,-0.381214
risk_off,low_value,60,LUV,65,1,-0.161117,-0.322234,-0.246257
risk_off,low_value,60,ON,66,4,-0.040793,-0.326342,-0.136563
risk_off,low_value,60,PTC,67,1,-0.164882,-0.329764,-0.07377
risk_off,low_value,60,META,68,4,-0.042657,-0.341253,-0.046872
risk_off,low_value,60,ZM,69,8,-0.025095,-0.376426,-0.031436
risk_off,low_value,60,QCOM,70,12,-0.018927,-0.435328,-0.063602
risk_off,low_value,60,VMC,71,16,-0.016488,-0.527621,-0.06021
risk_off,low_value,60,MCHP,72,13,-0.025665,-0.590304,-0.088472
risk_off,low_value,60,ADBE,73,1,-0.314348,-0.628695,-0.211799
risk_off,low_value,60,FCX,74,9,-0.038795,-0.698303,-0.097962
risk_off,low_value,60,BWXT,75,3,-0.089125,-0.713001,-0.039659
risk_off,low_value,60,CEG,76,2,-0.128031,-0.768187,-0.239259
risk_off,low_value,60,LDOS,77,3,-0.13094,-0.785641,-0.122355
risk_off,low_value,60,BAH,78,5,-0.122553,-1.225525,-0.172235
risk_off,low_value,60,CRH,79,10,-0.077821,-1.322959,-0.101832
risk_off,low_value,60,ACN,80,16,-0.043886,-1.360466,-0.093274
risk_off,low_value,60,NFLX,81,7,-0.13326,-1.732379,-0.182472
risk_off,low_value,60,AMD,82,6,-0.151656,-1.819874,-0.176453
risk_off,low_value,60,DIS,83,16,-0.06086,-1.947534,-0.088522
risk_off,low_value,120,TSLA,1,12,0.323485,7.440155,0.177338
risk_off,low_value,120,FTNT,2,15,0.234898,7.046944,0.103626
risk_off,low_value,120,TER,3,12,0.288191,6.628393,0.165805
risk_off,low_value,120,GOOGL,4,14,0.263933,6.598327,0.181161
risk_off,low_value,120,CAT,5,16,0.165624,5.962456,0.04738
risk_off,low_value,120,ETN,6,21,0.139976,5.319082,0.02875
risk_off,low_value,120,TXN,7,13,0.2113,5.071192,0.083799
risk_off,low_value,120,GD,8,26,0.100182,5.009098,-0.022377
risk_off,low_value,120,ORCL,9,8,0.328189,4.594643,0.208813
risk_off,low_value,120,LRCX,10,7,0.340533,4.086392,0.205409
risk_off,low_value,120,ANET,11,5,0.390843,3.908431,0.225047
risk_off,low_value,120,PH,12,12,0.20522,3.899173,0.101186
risk_off,low_value,120,VRT,13,5,0.46204,3.696321,0.365505
risk_off,low_value,120,AMAT,14,4,0.474855,3.323983,0.308912
risk_off,low_value,120,KLAC,15,7,0.27589,3.310677,0.124041
risk_off,low_value,120,AVGO,16,6,0.349515,3.145632,0.160002
risk_off,low_value,120,EME,17,6,0.301814,3.018142,0.17315
risk_off,low_value,120,MSFT,18,10,0.166799,3.002377,0.060602
risk_off,low_value,120,LHX,19,13,0.086748,2.862698,-0.025592
risk_off,low_value,120,JCI,20,10,0.150122,2.702199,0.025085
risk_off,low_value,120,AAPL,21,7,0.205242,2.668145,0.045193
risk_off,low_value,120,MLM,22,6,0.230297,2.533262,0.041064
risk_off,low_value,120,TT,23,10,0.132756,2.52237,0.015222
risk_off,low_value,120,CMI,24,7,0.219564,2.415205,0.122054
risk_off,low_value,120,GOOG,25,8,0.156912,2.353684,0.100102
risk_off,low_value,120,UNP,26,25,0.042544,2.042099,-0.072268
risk_off,low_value,120,PWR,27,5,0.270406,1.892841,0.142078
risk_off,low_value,120,LMT,28,10,0.081746,1.63492,-0.033303
risk_off,low_value,120,TWLO,29,1,0.786302,1.572605,0.602243
risk_off,low_value,120,NXPI,30,9,0.091574,1.55676,-0.052025
risk_off,low_value,120,PANW,31,6,0.129355,1.552266,0.025016
risk_off,low_value,120,CSCO,32,12,0.07217,1.515577,-0.052527
risk_off,low_value,120,AMZN,33,16,0.057106,1.427641,-0.033206
risk_off,low_value,120,VMC,34,14,0.049504,1.386107,-0.081329
risk_off,low_value,120,CSX,35,14,0.053302,1.385847,-0.082709
risk_off,low_value,120,MPWR,36,5,0.136118,1.36118,0.045549
risk_off,low_value,120,HII,37,6,0.110757,1.329079,-0.004414
risk_off,low_value,120,BWXT,38,2,0.265496,1.32748,0.144217
risk_off,low_value,120,ADI,39,4,0.162132,1.297057,0.056322
risk_off,low_value,120,UBER,40,6,0.086443,1.296648,0.052199
risk_off,low_value,120,NOC,41,7,0.096303,1.251938,0.010031
risk_off,low_value,120,HWM,42,2,0.370833,1.1125,0.251321
risk_off,low_value,120,NSC,43,11,0.051455,1.080565,-0.076098
risk_off,low_value,120,SNPS,44,2,0.241023,0.96409,-0.020496
risk_off,low_value,120,ABNB,45,6,0.089888,0.898879,-0.046649
risk_off,low_value,120,NVDA,46,1,0.413565,0.827131,0.314742
risk_off,low_value,120,EQIX,47,3,0.165375,0.826875,0.023437
risk_off,low_value,120,GE,48,2,0.269514,0.808541,0.230965
risk_off,low_value,120,NUE,49,8,0.027998,0.447965,-0.092913
risk_off,low_value,120,DT,50,1,0.196462,0.392924,0.122898
risk_off,low_value,120,CHKP,51,2,0.166037,0.332075,0.094781
risk_off,low_value,120,TRGP,52,1,0.134067,0.268135,-0.105136
risk_off,low_value,120,ZM,53,7,0.020519,0.266747,-0.089219
risk_off,low_value,120,SRE,54,2,0.06117,0.244678,-0.066551
risk_off,low_value,120,RTX,55,14,0.009535,0.238381,-0.100319
risk_off,low_value,120,FCX,56,8,0.013978,0.223651,-0.054258
risk_off,low_value,120,STLD,57,5,0.020754,0.207536,-0.068442
risk_off,low_value,120,UPS,58,2,0.036625,0.146502,-0.15684
risk_off,low_value,120,EMR,59,1,0.057261,0.114522,-0.002065
risk_off,low_value,120,INTC,60,1,0.034667,0.069334,-0.085235
risk_off,low_value,120,AKAM,61,1,0.04301,0.04301,-0.030554
risk_off,low_value,120,LUV,62,1,-0.000745,-0.00149,-0.28458
risk_off,low_value,120,PTC,63,1,-0.085659,-0.171318,-0.144985
risk_off,low_value,120,NOW,64,9,-0.01127,-0.180316,-0.144904
risk_off,low_value,120,ARM,65,1,-0.145744,-0.291488,-0.253873
risk_off,low_value,120,WDAY,66,2,-0.09362,-0.37448,-0.164876
risk_off,low_value,120,CRH,67,8,-0.030442,-0.395747,-0.140353
risk_off,low_value,120,META,68,2,-0.108329,-0.433317,-0.242938
risk_off,low_value,120,MU,69,1,-0.21785,-0.435699,-0.188112
risk_off,low_value,120,CRM,70,12,-0.018685,-0.448433,-0.110596
risk_off,low_value,120,CEG,71,1,-0.172435,-0.517306,-0.356495
risk_off,low_value,120,SMR,72,1,-0.535872,-0.535872,-0.638967
risk_off,low_value,120,QCOM,73,12,-0.025551,-0.587672,-0.128231
risk_off,low_value,120,LDOS,74,3,-0.108528,-0.651166,-0.182055
risk_off,low_value,120,NFLX,75,6,-0.070312,-0.773432,-0.166263
risk_off,low_value,120,ON,76,4,-0.103319,-0.826554,-0.27281
risk_off,low_value,120,ADBE,77,1,-0.450233,-0.900465,-0.60258
risk_off,low_value,120,PYPL,78,16,-0.022266,-1.024236,-0.129141
risk_off,low_value,120,AMD,79,6,-0.148857,-1.786283,-0.190862
risk_off,low_value,120,DIS,80,14,-0.071405,-1.999337,-0.190292
risk_off,low_value,120,BAH,81,5,-0.202993,-2.029933,-0.295783
risk_off,low_value,120,MCHP,82,13,-0.09261,-2.130038,-0.21186
risk_off,low_value,120,ACN,83,16,-0.121548,-3.768,-0.231594
risk_off,momentum,20,VRT,1,18,0.1193,4.294807,0.095136
risk_off,momentum,20,MU,2,12,0.177497,4.259925,0.167874
risk_off,momentum,20,NVDA,3,22,0.091144,4.010336,0.073087
risk_off,momentum,20,LRCX,4,24,0.057699,2.769531,0.049716
risk_off,momentum,20,KLAC,5,24,0.049852,2.392893,0.035168
risk_off,momentum,20,AVGO,6,22,0.05055,2.224219,0.027019
risk_off,momentum,20,GEV,7,15,0.039505,1.777744,0.025154
risk_off,momentum,20,CAT,8,26,0.020451,1.595162,0.015682
risk_off,momentum,20,META,9,14,0.054938,1.538257,0.047598
risk_off,momentum,20,TSLA,10,16,0.046603,1.491292,0.021832
risk_off,momentum,20,ANET,11,27,0.025768,1.391494,0.002822
risk_off,momentum,20,AMD,12,5,0.129493,1.294927,0.108181
risk_off,momentum,20,GOOG,13,12,0.049648,1.191541,0.03335
risk_off,momentum,20,GOOGL,14,23,0.024087,1.107986,0.010582
risk_off,momentum,20,PWR,15,29,0.018082,1.04878,0.001276
risk_off,momentum,20,MSFT,16,19,0.022592,0.858511,8.3e-05
risk_off,momentum,20,ETN,17,28,0.015014,0.840794,-0.005987
risk_off,momentum,20,PH,18,13,0.028259,0.734725,0.014236
risk_off,momentum,20,LMT,19,9,0.04009,0.721614,0.024221
risk_off,momentum,20,EME,20,11,0.03258,0.716762,0.005612
risk_off,momentum,20,VMC,21,6,0.059553,0.714634,0.013906
risk_off,momentum,20,ALAB,22,1,0.309464,0.618928,0.30358
risk_off,momentum,20,CSCO,23,29,0.010378,0.601939,-0.006138
risk_off,momentum,20,AAPL,24,2,0.11294,0.451759,0.052601
risk_off,momentum,20,UBER,25,9,0.016481,0.444997,0.013557
risk_off,momentum,20,FCX,26,17,0.01263,0.429431,0.005604
risk_off,momentum,20,NOW,27,3,0.067416,0.404494,0.029961
risk_off,momentum,20,NFLX,28,21,0.009587,0.402655,-0.010717
risk_off,momentum,20,WDAY,29,2,0.095514,0.382055,0.056435
risk_off,momentum,20,KMI,30,5,0.035169,0.351688,0.027557
risk_off,momentum,20,CEG,31,4,0.02923,0.350762,0.041633
risk_off,momentum,20,NEE,32,3,0.055325,0.331953,0.006194
risk_off,momentum,20,NOC,33,4,0.039493,0.315947,0.016808
risk_off,momentum,20,ZM,34,3,0.051429,0.308574,0.005132
risk_off,momentum,20,MLM,35,1,0.151591,0.303181,0.108262
risk_off,momentum,20,GD,36,6,0.024556,0.294671,-0.011756
risk_off,momentum,20,ORCL,37,17,0.008436,0.286823,-0.00812
risk_off,momentum,20,RTX,38,14,0.008801,0.246418,0.008096
risk_off,momentum,20,NEM,39,1,0.120986,0.241972,0.057238
risk_off,momentum,20,MCHP,40,3,0.040321,0.241923,0.01482
risk_off,momentum,20,CRM,41,17,0.006963,0.236752,0.003026
risk_off,momentum,20,NSC,42,3,0.033543,0.201255,0.009493
risk_off,momentum,20,IBM,43,10,0.009901,0.198026,0.000515
risk_off,momentum,20,CMI,44,2,0.049336,0.197343,0.013108
risk_off,momentum,20,BWXT,45,4,0.016368,0.196414,0.006083
risk_off,momentum,20,ASML,46,1,0.086421,0.172842,0.029732
risk_off,momentum,20,CRWD,47,2,0.036409,0.145637,0.02444
risk_off,momentum,20,ZS,48,1,0.070631,0.141262,0.030372
risk_off,momentum,20,CSX,49,17,0.003601,0.12244,-0.019245
risk_off,momentum,20,AMT,50,5,0.011428,0.114282,0.029503
risk_off,momentum,20,PANW,51,4,0.009812,0.078494,-0.018995
risk_off,momentum,20,CCI,52,6,0.006421,0.077052,-0.014073
risk_off,momentum,20,SRE,53,4,0.007738,0.061904,-0.03039
risk_off,momentum,20,MRVL,54,3,0.009645,0.057869,-0.019194
risk_off,momentum,20,WM,55,1,0.020415,0.04083,0.012576
risk_off,momentum,20,PLTR,56,1,0.020146,0.040293,-0.020113
risk_off,momentum,20,D,57,3,0.006411,0.038466,-0.007219
risk_off,momentum,20,BA,58,4,0.004629,0.03703,0.002672
risk_off,momentum,20,ETR,59,1,0.014755,0.02951,-0.032259
risk_off,momentum,20,TT,60,1,0.012437,0.024873,-0.063889
risk_off,momentum,20,SO,61,2,0.00383,0.015321,-0.039463
risk_off,momentum,20,UNP,62,22,0.00032,0.014074,-0.02162
risk_off,momentum,20,GE,63,11,0.000328,0.007213,0.007628
risk_off,momentum,20,CRH,64,15,0.00023,0.006895,-0.022467
risk_off,momentum,20,ACN,65,4,-0.00053,-0.00424,-0.014327
risk_off,momentum,20,AEP,66,3,-0.002237,-0.013422,-0.008997
risk_off,momentum,20,AKAM,67,1,-0.013873,-0.013873,-0.022581
risk_off,momentum,20,ATI,68,7,-0.004191,-0.058672,0.01138
risk_off,momentum,20,SHW,69,1,-0.03743,-0.074861,-0.116178
risk_off,momentum,20,AMAT,70,11,-0.003711,-0.081631,-0.00656
risk_off,momentum,20,NUE,71,9,-0.005461,-0.098306,-0.031826
risk_off,momentum,20,UPS,72,2,-0.034686,-0.138745,-0.022954
risk_off,momentum,20,TXN,73,4,-0.019093,-0.152748,-0.064507
risk_off,momentum,20,INTC,74,1,-0.083194,-0.166389,-0.091034
risk_off,momentum,20,WMB,75,2,-0.043941,-0.175764,-0.045951
risk_off,momentum,20,SNOW,76,3,-0.031173,-0.187038,-0.043862
risk_off,momentum,20,SBAC,77,5,-0.019859,-0.198588,-0.022719
risk_off,momentum,20,EMR,78,5,-0.021579,-0.215785,-0.011304
risk_off,momentum,20,AMZN,79,25,-0.004318,-0.215876,-0.013974
risk_off,momentum,20,TSM,80,1,-0.107962,-0.215924,-0.044184
risk_off,momentum,20,QCOM,81,5,-0.023828,-0.238277,-0.021212
risk_off,momentum,20,EQIX,82,4,-0.030854,-0.246831,-0.02479
risk_off,momentum,20,HWM,83,14,-0.009832,-0.27529,-0.006036
risk_off,momentum,20,BAH,84,1,-0.189852,-0.379704,-0.236866
risk_off,momentum,20,OKE,85,4,-0.048294,-0.386354,-0.05217
risk_off,momentum,20,PYPL,86,8,-0.017118,-0.410831,-0.027848
risk_off,momentum,20,SMCI,87,1,-0.211481,-0.422962,-0.167838
risk_off,momentum,20,STLD,88,5,-0.054508,-0.545081,-0.070849
risk_off,momentum,20,ON,89,3,-0.09577,-0.574622,-0.094857
risk_off,momentum,20,JCI,90,8,-0.037872,-0.605952,-0.029972
risk_off,momentum,20,TER,91,1,-0.310897,-0.621794,-0.215199
risk_off,momentum,20,ABNB,92,2,-0.164854,-0.659415,-0.123358
risk_off,momentum,20,DE,93,12,-0.027079,-0.974858,-0.016721
risk_off,momentum,60,NVDA,1,20,0.278998,11.159906,0.211069
risk_off,momentum,60,VRT,2,18,0.258035,9.289278,0.181242
risk_off,momentum,60,MU,3,11,0.405978,8.93151,0.387914
risk_off,momentum,60,GEV,4,15,0.16723,7.525354,0.132485
risk_off,momentum,60,AVGO,5,21,0.156934,6.59121,0.087854
risk_off,momentum,60,LRCX,6,23,0.14285,6.571118,0.106537
risk_off,momentum,60,CAT,7,26,0.07441,5.804003,0.019634
risk_off,momentum,60,KLAC,8,24,0.109735,5.267281,0.063086
risk_off,momentum,60,GOOGL,9,22,0.09493,4.176923,0.045602
risk_off,momentum,60,PWR,10,29,0.069298,4.019257,0.01331
risk_off,momentum,60,NFLX,11,20,0.099364,3.974562,0.036019
risk_off,momentum,60,META,12,14,0.13185,3.691805,0.078948
risk_off,momentum,60,ETN,13,27,0.068269,3.686518,-0.004962
risk_off,momentum,60,ANET,14,25,0.067511,3.37553,0.014285
risk_off,momentum,60,CSCO,15,28,0.053479,2.994803,-0.00113
risk_off,momentum,60,TSLA,16,15,0.08791,2.637286,0.033258
risk_off,momentum,60,GOOG,17,12,0.104509,2.508228,0.074416
risk_off,momentum,60,ORCL,18,17,0.068102,2.31546,0.009676
risk_off,momentum,60,PH,19,13,0.070543,1.834109,0.027799
risk_off,momentum,60,AMZN,20,24,0.038016,1.824786,-0.004681
risk_off,momentum,60,HWM,21,13,0.067625,1.758246,0.047096
risk_off,momentum,60,EME,22,11,0.079387,1.746522,0.019386
risk_off,momentum,60,AMD,23,5,0.170454,1.704537,0.142977
risk_off,momentum,60,UNP,24,20,0.041841,1.673652,-0.01682
risk_off,momentum,60,MSFT,25,18,0.045057,1.622064,-0.036446
risk_off,momentum,60,RTX,26,13,0.048161,1.252182,0.023538
risk_off,momentum,60,ATI,27,6,0.100001,1.200011,0.070163
risk_off,momentum,60,NOW,28,3,0.192767,1.1566,0.103694
risk_off,momentum,60,CSX,29,15,0.03854,1.156197,-0.021376
risk_off,momentum,60,UBER,30,8,0.045535,1.092842,0.016919
risk_off,momentum,60,BWXT,31,4,0.088863,1.066352,0.037836
risk_off,momentum,60,GD,32,6,0.085328,1.02393,0.007063
risk_off,momentum,60,AMAT,33,11,0.04379,0.963381,-0.014656
risk_off,momentum,60,FCX,34,15,0.032014,0.960419,7.5e-05
risk_off,momentum,60,KMI,35,5,0.090178,0.901776,0.095572
risk_off,momentum,60,SNOW,36,3,0.149085,0.894512,0.125096
risk_off,momentum,60,ZM,37,3,0.145088,0.870531,0.072643
risk_off,momentum,60,CMI,38,2,0.207637,0.83055,0.17509
risk_off,momentum,60,AMT,39,5,0.076213,0.762126,0.061771
risk_off,momentum,60,AAPL,40,2,0.189399,0.757596,0.128848
risk_off,momentum,60,IBM,41,10,0.034781,0.695628,0.01405
risk_off,momentum,60,LMT,42,8,0.041021,0.656329,-0.016613
risk_off,momentum,60,CRH,43,15,0.018047,0.541416,-0.00381
risk_off,momentum,60,PANW,44,4,0.065134,0.521069,0.004487
risk_off,momentum,60,NEE,45,3,0.086626,0.519756,-0.040274
risk_off,momentum,60,CRWD,46,2,0.121281,0.485124,0.076678
risk_off,momentum,60,VMC,47,6,0.038214,0.45857,-0.021079
risk_off,momentum,60,CEG,48,3,0.04917,0.442534,-0.033097
risk_off,momentum,60,ACN,49,3,0.073303,0.439819,0.008792
risk_off,momentum,60,SBAC,50,4,0.048939,0.391511,0.030951
risk_off,momentum,60,JCI,51,8,0.023942,0.383077,-0.008678
risk_off,momentum,60,SHW,52,1,0.180657,0.361314,0.0115
risk_off,momentum,60,OKE,53,3,0.05032,0.301919,0.008929
risk_off,momentum,60,NEM,54,1,0.147711,0.295423,0.072366
risk_off,momentum,60,TSM,55,1,0.126306,0.252612,-0.089779
risk_off,momentum,60,ASML,56,1,0.100511,0.201022,0.058807
risk_off,momentum,60,MLM,57,1,0.099775,0.19955,0.05564
risk_off,momentum,60,AEP,58,3,0.032135,0.192812,-0.037689
risk_off,momentum,60,EQIX,59,4,0.020738,0.165904,-0.051726
risk_off,momentum,60,D,60,3,0.026398,0.158391,0.002902
risk_off,momentum,60,WMB,61,1,0.07864,0.15728,0.069928
risk_off,momentum,60,AKAM,62,1,0.11683,0.11683,0.127081
risk_off,momentum,60,SRE,63,4,0.014261,0.114091,-0.152592
risk_off,momentum,60,ETR,64,1,0.052801,0.105602,-0.021651
risk_off,momentum,60,TT,65,1,0.03716,0.07432,-0.054723
risk_off,momentum,60,NSC,66,3,0.008437,0.050622,-0.015172
risk_off,momentum,60,WM,67,1,0.024435,0.04887,-0.116251
risk_off,momentum,60,TXN,68,3,0.007188,0.04313,-0.040009
risk_off,momentum,60,EMR,69,5,0.004036,0.040361,-0.055254
risk_off,momentum,60,INTC,70,1,0.017352,0.034705,-0.123334
risk_off,momentum,60,UPS,71,2,0.004045,0.016181,-0.060178
risk_off,momentum,60,SO,72,2,-0.002215,-0.008862,-0.157137
risk_off,momentum,60,CCI,73,6,-0.009844,-0.118126,-0.113537
risk_off,momentum,60,GE,74,11,-0.006292,-0.138421,-0.047543
risk_off,momentum,60,TER,75,1,-0.163327,-0.326655,-0.17664
risk_off,momentum,60,CRM,76,15,-0.011721,-0.351632,-0.041255
risk_off,momentum,60,ABNB,77,2,-0.089044,-0.356177,-0.128725
risk_off,momentum,60,SMCI,78,1,-0.188697,-0.377394,-0.124863
risk_off,momentum,60,MRVL,79,3,-0.065088,-0.390529,-0.066074
risk_off,momentum,60,MCHP,80,3,-0.073571,-0.441426,-0.113823
risk_off,momentum,60,NOC,81,4,-0.058991,-0.471932,-0.195437
risk_off,momentum,60,ALAB,82,1,-0.287285,-0.574571,-0.278513
risk_off,momentum,60,BAH,83,1,-0.295597,-0.591195,-0.37005
risk_off,momentum,60,PYPL,84,7,-0.029608,-0.62176,-0.058632
risk_off,momentum,60,NUE,85,8,-0.040345,-0.645512,-0.067559
risk_off,momentum,60,ON,86,3,-0.129429,-0.776573,-0.152824
risk_off,momentum,60,BA,87,4,-0.107029,-0.856234,-0.119545
risk_off,momentum,60,DE,88,11,-0.0304,-1.0032,-0.068859
risk_off,momentum,60,STLD,89,4,-0.141611,-1.132891,-0.173805
risk_off,momentum,60,QCOM,90,5,-0.172827,-1.728265,-0.155164
risk_off,momentum,120,MU,1,8,1.618025,25.888395,1.505994
risk_off,momentum,120,NVDA,2,20,0.539853,21.59412,0.41277
risk_off,momentum,120,GEV,3,13,0.507656,19.798592,0.416804
risk_off,momentum,120,LRCX,4,20,0.463444,18.537764,0.341644
risk_off,momentum,120,AVGO,5,21,0.360596,15.14503,0.224103
risk_off,momentum,120,CAT,6,23,0.191835,13.236589,0.080262
risk_off,momentum,120,VRT,7,17,0.378525,12.869837,0.278283
risk_off,momentum,120,KLAC,8,21,0.304604,12.793351,0.187924
risk_off,momentum,120,PWR,9,27,0.182523,9.856231,0.078414
risk_off,momentum,120,ANET,10,24,0.167872,8.057854,0.061689
risk_off,momentum,120,GOOGL,11,20,0.19226,7.690408,0.078529
risk_off,momentum,120,CSCO,12,26,0.145557,7.568942,0.02548
risk_off,momentum,120,NFLX,13,20,0.179312,7.172476,0.070694
risk_off,momentum,120,HWM,14,12,0.291296,6.991096,0.197978
risk_off,momentum,120,ETN,15,25,0.133978,6.698883,0.021345
risk_off,momentum,120,META,16,14,0.229458,6.424822,0.088498
risk_off,momentum,120,AMAT,17,10,0.279374,5.587481,0.163791
risk_off,momentum,120,TSLA,18,15,0.162904,4.887114,0.050011
risk_off,momentum,120,UBER,19,8,0.197523,4.740546,0.077614
risk_off,momentum,120,AMZN,20,22,0.100705,4.430999,-0.015066
risk_off,momentum,120,GOOG,21,11,0.191656,4.216423,0.097422
risk_off,momentum,120,ATI,22,4,0.445608,3.564866,0.311826
risk_off,momentum,120,PH,23,12,0.144686,3.472463,0.004457
risk_off,momentum,120,ORCL,24,16,0.102509,3.280278,0.005522
risk_off,momentum,120,MSFT,25,18,0.07869,2.832841,-0.060308
risk_off,momentum,120,FCX,26,14,0.100657,2.818403,-0.017167
risk_off,momentum,120,JCI,27,8,0.160021,2.560333,0.02496
risk_off,momentum,120,AMD,28,3,0.40682,2.440918,0.321517
risk_off,momentum,120,RTX,29,11,0.109174,2.401834,-0.003564
risk_off,momentum,120,CEG,30,3,0.260754,2.346782,0.128871
risk_off,momentum,120,GE,31,9,0.126145,2.270619,0.030372
risk_off,momentum,120,EME,32,10,0.112056,2.241119,0.037153
risk_off,momentum,120,UNP,33,19,0.058002,2.204066,-0.070523
risk_off,momentum,120,NOW,34,3,0.290921,1.745526,0.15622
risk_off,momentum,120,IBM,35,9,0.094681,1.704267,0.017065
risk_off,momentum,120,GD,36,6,0.141651,1.699808,0.009843
risk_off,momentum,120,CMI,37,2,0.388558,1.554231,0.271298
risk_off,momentum,120,NEE,38,3,0.223149,1.338892,0.069349
risk_off,momentum,120,KMI,39,5,0.133641,1.336414,0.076402
risk_off,momentum,120,CSX,40,14,0.047466,1.329057,-0.080855
risk_off,momentum,120,NEM,41,1,0.649839,1.299677,0.581441
risk_off,momentum,120,PYPL,42,7,0.046891,0.984704,-0.042773
risk_off,momentum,120,BWXT,43,4,0.0812,0.9744,0.001382
risk_off,momentum,120,PANW,44,4,0.119276,0.954205,0.045763
risk_off,momentum,120,ASML,45,1,0.446368,0.892737,0.471704
risk_off,momentum,120,CRH,46,14,0.030164,0.844578,-0.057131
risk_off,momentum,120,TXN,47,2,0.1978,0.791199,0.112053
risk_off,momentum,120,EMR,48,5,0.069898,0.698975,-0.067533
risk_off,momentum,120,SMCI,49,1,0.349315,0.69863,0.249268
risk_off,momentum,120,AAPL,50,2,0.171031,0.684126,0.085145
risk_off,momentum,120,ACN,51,3,0.112448,0.674689,0.007711
risk_off,momentum,120,AKAM,52,1,0.647488,0.647488,0.481366
risk_off,momentum,120,DE,53,10,0.01957,0.587101,-0.086236
risk_off,momentum,120,EQIX,54,4,0.072674,0.581392,-0.094728
risk_off,momentum,120,NSC,55,3,0.096351,0.578104,-0.029418
risk_off,momentum,120,CRWD,56,1,0.275179,0.550359,0.035976
risk_off,momentum,120,TT,57,1,0.260809,0.521617,0.092389
risk_off,momentum,120,OKE,58,3,0.082962,0.497774,-0.058588
risk_off,momentum,120,AEP,59,3,0.082215,0.493289,-0.042909
risk_off,momentum,120,D,60,2,0.116166,0.464663,-0.050681
risk_off,momentum,120,WMB,61,1,0.218191,0.436382,0.144627
risk_off,momentum,120,ABNB,62,2,0.084189,0.336755,-0.086639
risk_off,momentum,120,ZM,63,3,0.054692,0.328153,0.014537
risk_off,momentum,120,LMT,64,8,0.018456,0.295296,-0.133732
risk_off,momentum,120,MLM,65,1,0.14403,0.28806,0.023284
risk_off,momentum,120,TSM,66,1,0.136287,0.272575,-0.047772
risk_off,momentum,120,ETR,67,1,0.10392,0.20784,0.133657
risk_off,momentum,120,VMC,68,6,0.017308,0.207702,-0.058451
risk_off,momentum,120,INTC,69,1,0.034667,0.069334,-0.085235
risk_off,momentum,120,QCOM,70,3,0.010427,0.062561,-0.151056
risk_off,momentum,120,SNOW,71,2,0.003515,0.014062,-0.08873
risk_off,momentum,120,SHW,72,1,0.003827,0.007654,-0.110811
risk_off,momentum,120,WM,73,1,-0.042649,-0.085298,-0.162551
risk_off,momentum,120,SBAC,74,3,-0.020862,-0.125173,-0.120309
risk_off,momentum,120,ALAB,75,1,-0.06532,-0.130639,-0.08224
risk_off,momentum,120,UPS,76,2,-0.040847,-0.163387,-0.122163
risk_off,momentum,120,MRVL,77,3,-0.032089,-0.192532,-0.113661
risk_off,momentum,120,SRE,78,4,-0.024107,-0.192853,-0.195593
risk_off,momentum,120,NUE,79,6,-0.016229,-0.194745,-0.179671
risk_off,momentum,120,SO,80,2,-0.050643,-0.202572,-0.167913
risk_off,momentum,120,AMT,81,4,-0.04328,-0.346242,-0.143709
risk_off,momentum,120,CRM,82,15,-0.012216,-0.366487,-0.106197
risk_off,momentum,120,STLD,83,3,-0.070655,-0.42393,-0.273804
risk_off,momentum,120,NOC,84,4,-0.054772,-0.438174,-0.253197
risk_off,momentum,120,BA,85,4,-0.055747,-0.445977,-0.208442
risk_off,momentum,120,MCHP,86,3,-0.108988,-0.65393,-0.22166
risk_off,momentum,120,BAH,87,1,-0.350638,-0.701275,-0.3209
risk_off,momentum,120,CCI,88,6,-0.099597,-1.195162,-0.263481
risk_off,momentum,120,ON,89,3,-0.252055,-1.512332,-0.382454
risk_on,low_value,20,CAT,1,13,0.036553,1.389002,0.01974
risk_on,low_value,20,BWXT,2,4,0.118334,1.301671,0.068645
risk_on,low_value,20,ANET,3,15,0.039707,1.111789,0.005102
risk_on,low_value,20,PWR,4,20,0.023852,0.954062,0.014306
risk_on,low_value,20,GOOG,5,11,0.040805,0.856895,0.024926
risk_on,low_value,20,GEV,6,2,0.141067,0.846404,0.151303
risk_on,low_value,20,EME,7,10,0.042555,0.808537,0.015629
risk_on,low_value,20,NVDA,8,6,0.065538,0.786453,0.025553
risk_on,low_value,20,LRCX,9,3,0.129186,0.775115,0.095682
risk_on,low_value,20,PH,10,22,0.01677,0.737886,0.011555
risk_on,low_value,20,GOOGL,11,12,0.031475,0.723919,0.022274
risk_on,low_value,20,RTX,12,14,0.025033,0.70093,0.015072
risk_on,low_value,20,TSLA,13,2,0.163519,0.654076,0.150565
risk_on,low_value,20,MLM,14,2,0.147217,0.588866,0.102704
risk_on,low_value,20,NOW,15,8,0.038934,0.584013,0.012324
risk_on,low_value,20,MSFT,16,10,0.0292,0.584001,-0.010543
risk_on,low_value,20,CSCO,17,7,0.03934,0.55076,0.018938
risk_on,low_value,20,AVGO,18,2,0.128134,0.512536,0.078967
risk_on,low_value,20,ORCL,19,9,0.029747,0.475954,0.024235
risk_on,low_value,20,HII,20,1,0.235113,0.470227,0.235355
risk_on,low_value,20,AMD,21,1,0.22673,0.453459,0.17344
risk_on,low_value,20,ON,22,6,0.03658,0.438957,0.038742
risk_on,low_value,20,TER,23,3,0.070827,0.424964,0.041785
risk_on,low_value,20,SNPS,24,3,0.066204,0.397223,0.020936
risk_on,low_value,20,AMAT,25,9,0.025951,0.389261,0.010631
risk_on,low_value,20,VST,26,1,0.19212,0.384239,0.129247
risk_on,low_value,20,DASH,27,1,0.176625,0.353249,0.113751
risk_on,low_value,20,ABNB,28,4,0.043454,0.347633,-0.005947
risk_on,low_value,20,GD,29,12,0.014401,0.34563,-0.022126
risk_on,low_value,20,HWM,30,9,0.020941,0.335056,0.027669
risk_on,low_value,20,CRM,31,5,0.033176,0.331757,-0.005115
risk_on,low_value,20,LHX,32,8,0.013586,0.326073,-0.007341
risk_on,low_value,20,KLAC,33,7,0.022188,0.310628,0.014177
risk_on,low_value,20,NFLX,34,4,0.037341,0.298729,0.013383
risk_on,low_value,20,CRH,35,10,0.014033,0.28066,-0.004419
risk_on,low_value,20,MPWR,36,4,0.046368,0.27821,0.014942
risk_on,low_value,20,PLTR,37,1,0.12045,0.2409,0.124552
risk_on,low_value,20,UBER,38,1,0.075907,0.227722,0.012159
risk_on,low_value,20,AAPL,39,5,0.020299,0.202995,0.00116
risk_on,low_value,20,FCX,40,3,0.03249,0.194942,-0.012538
risk_on,low_value,20,TRGP,41,1,0.086278,0.172557,0.04838
risk_on,low_value,20,VRT,42,3,0.033507,0.167535,0.030692
risk_on,low_value,20,NSC,43,3,0.027217,0.163303,-0.006871
risk_on,low_value,20,TT,44,12,0.006454,0.148443,-0.023376
risk_on,low_value,20,DIS,45,2,0.031931,0.127724,0.014138
risk_on,low_value,20,CDNS,46,1,0.046915,0.09383,0.061429
risk_on,low_value,20,NXPI,47,2,0.022383,0.089533,-0.023271
risk_on,low_value,20,AMZN,48,15,0.001968,0.059048,-0.014611
risk_on,low_value,20,ADI,49,5,0.00515,0.051498,-0.017015
risk_on,low_value,20,EQIX,50,9,0.002053,0.036946,-0.010445
risk_on,low_value,20,MCHP,51,3,0.005917,0.0355,-0.033663
risk_on,low_value,20,NUE,52,7,0.002388,0.031049,-0.015046
risk_on,low_value,20,LDOS,53,3,0.004926,0.029554,-0.054196
risk_on,low_value,20,CHKP,54,5,0.001336,0.006681,-0.014769
risk_on,low_value,20,NVT,55,1,-0.000945,-0.00189,0.062833
risk_on,low_value,20,QCOM,56,3,-0.004725,-0.028352,-0.001785
risk_on,low_value,20,CSX,57,7,-0.002557,-0.035803,-0.048055
risk_on,low_value,20,PANW,58,3,-0.006763,-0.040577,-0.019731
risk_on,low_value,20,CMI,59,5,-0.004843,-0.048432,-0.008606
risk_on,low_value,20,QLYS,60,1,-0.049771,-0.049771,0.045927
risk_on,low_value,20,ATI,61,2,-0.022884,-0.068653,-0.070682
risk_on,low_value,20,NOC,62,2,-0.017498,-0.069994,-0.05361
risk_on,low_value,20,META,63,4,-0.011337,-0.090699,-0.023729
risk_on,low_value,20,TWLO,64,2,-0.024502,-0.098006,-0.028734
risk_on,low_value,20,SRE,65,1,-0.056666,-0.113331,-0.065373
risk_on,low_value,20,GE,66,4,-0.01421,-0.11368,0.009725
risk_on,low_value,20,STLD,67,2,-0.029397,-0.117587,-0.0527
risk_on,low_value,20,PYPL,68,6,-0.007297,-0.131349,-0.029971
risk_on,low_value,20,LMT,69,7,-0.011839,-0.142069,-0.030004
risk_on,low_value,20,TXN,70,5,-0.016501,-0.165007,-0.050889
risk_on,low_value,20,PTC,71,1,-0.083579,-0.167159,-0.069065
risk_on,low_value,20,UNP,72,11,-0.009453,-0.207964,-0.016208
risk_on,low_value,20,BAH,73,2,-0.068428,-0.273712,-0.114783
risk_on,low_value,20,VMC,74,9,-0.017029,-0.306521,-0.020685
risk_on,low_value,20,ACN,75,8,-0.020065,-0.321033,-0.02811
risk_on,low_value,20,UPS,76,1,-0.173973,-0.347945,-0.110195
risk_on,low_value,20,ETN,77,19,-0.009949,-0.368097,-0.017573
risk_on,low_value,20,ZM,78,5,-0.068317,-0.683171,-0.073788
risk_on,low_value,20,JCI,79,11,-0.032014,-0.704314,-0.032011
risk_on,low_value,60,ON,1,6,0.264027,3.168322,0.180635
risk_on,low_value,60,PWR,2,20,0.0675,2.700017,0.020114
risk_on,low_value,60,ORCL,3,9,0.161074,2.57718,0.09098
risk_on,low_value,60,CAT,4,13,0.060822,2.311245,0.017387
risk_on,low_value,60,LRCX,5,3,0.372732,2.236394,0.273679
risk_on,low_value,60,BWXT,6,4,0.194177,2.135948,0.104317
risk_on,low_value,60,GEV,7,2,0.34971,2.098263,0.371047
risk_on,low_value,60,GOOG,8,11,0.092859,1.950039,0.068012
risk_on,low_value,60,NVDA,9,6,0.158713,1.90455,0.120388
risk_on,low_value,60,GOOGL,10,12,0.082186,1.89028,0.057769
risk_on,low_value,60,ANET,11,13,0.074899,1.797572,0.027986
risk_on,low_value,60,RTX,12,13,0.066041,1.717055,0.030285
risk_on,low_value,60,AMAT,13,9,0.113458,1.701871,0.071313
risk_on,low_value,60,PH,14,22,0.034547,1.520075,-0.014272
risk_on,low_value,60,EME,15,10,0.070048,1.330921,0.02008
risk_on,low_value,60,NFLX,16,4,0.165765,1.326123,0.11665
risk_on,low_value,60,GD,17,11,0.056657,1.246446,-0.019052
risk_on,low_value,60,NOW,18,8,0.081819,1.227278,0.02907
risk_on,low_value,60,PLTR,19,1,0.609067,1.218135,0.568528
risk_on,low_value,60,HWM,20,8,0.076755,1.074576,0.067494
risk_on,low_value,60,AVGO,21,2,0.267685,1.070741,0.14358
risk_on,low_value,60,MSFT,22,9,0.053236,0.958256,-0.038381
risk_on,low_value,60,AMD,23,1,0.46989,0.939779,0.350018
risk_on,low_value,60,NVT,24,1,0.448541,0.897082,0.232456
risk_on,low_value,60,TER,25,3,0.146762,0.880574,0.06016
risk_on,low_value,60,TT,26,12,0.037036,0.851823,-0.004737
risk_on,low_value,60,CRM,27,4,0.106273,0.850183,0.036515
risk_on,low_value,60,CSCO,28,6,0.068611,0.823331,0.042068
risk_on,low_value,60,TSLA,29,2,0.200908,0.803634,0.183248
risk_on,low_value,60,KLAC,30,7,0.05295,0.741295,0.033073
risk_on,low_value,60,ABNB,31,4,0.089079,0.712636,0.047923
risk_on,low_value,60,AAPL,32,5,0.061484,0.614837,0.025245
risk_on,low_value,60,MLM,33,2,0.147955,0.591821,0.112623
risk_on,low_value,60,ETN,34,19,0.015041,0.556507,-0.032946
risk_on,low_value,60,SNPS,35,3,0.087564,0.525386,-0.055052
risk_on,low_value,60,CMI,36,5,0.050408,0.504076,0.026199
risk_on,low_value,60,ADI,37,5,0.050047,0.500465,-0.033805
risk_on,low_value,60,AMZN,38,15,0.015315,0.459446,-0.009947
risk_on,low_value,60,LHX,39,8,0.017685,0.424437,-0.077892
risk_on,low_value,60,VST,40,1,0.199514,0.399028,0.095965
risk_on,low_value,60,DASH,41,1,0.186788,0.373577,0.08324
risk_on,low_value,60,QLYS,42,1,0.285914,0.285914,0.272601
risk_on,low_value,60,STLD,43,1,0.142553,0.285106,0.152804
risk_on,low_value,60,CDNS,44,1,0.137749,0.275499,0.05261
risk_on,low_value,60,CRH,45,10,0.013516,0.270322,-0.00497
risk_on,low_value,60,PANW,46,3,0.044071,0.264429,-0.006163
risk_on,low_value,60,NSC,47,3,0.034287,0.205721,-0.021163
risk_on,low_value,60,META,48,4,0.024245,0.193962,-0.048818
risk_on,low_value,60,LDOS,49,3,0.029047,0.17428,-0.025222
risk_on,low_value,60,HII,50,1,0.083853,0.167707,0.186402
risk_on,low_value,60,QCOM,51,3,0.025814,0.154883,-0.008822
risk_on,low_value,60,VRT,52,3,0.025272,0.126362,0.014191
risk_on,low_value,60,NOC,53,2,0.028594,0.114374,-0.037618
risk_on,low_value,60,MPWR,54,4,0.011025,0.06615,-0.08442
risk_on,low_value,60,GE,55,4,0.005453,0.043625,0.006647
risk_on,low_value,60,CHKP,56,5,0.007458,0.037291,-0.053048
risk_on,low_value,60,SRE,57,1,0.010576,0.021152,0.020827
risk_on,low_value,60,CSX,58,7,-0.001754,-0.024555,-0.039185
risk_on,low_value,60,ATI,59,1,-0.047895,-0.047895,-0.151444
risk_on,low_value,60,PTC,60,1,-0.086661,-0.173323,-0.171801
risk_on,low_value,60,PYPL,61,6,-0.010083,-0.181502,-0.048743
risk_on,low_value,60,UNP,62,9,-0.012081,-0.217457,-0.058104
risk_on,low_value,60,UPS,63,1,-0.111153,-0.222306,-0.327238
risk_on,low_value,60,TXN,64,5,-0.026043,-0.260434,-0.109242
risk_on,low_value,60,NXPI,65,2,-0.069146,-0.276584,-0.069239
risk_on,low_value,60,UBER,66,1,-0.096323,-0.28897,-0.171669
risk_on,low_value,60,EQIX,67,9,-0.016458,-0.296243,-0.061048
risk_on,low_value,60,FCX,68,1,-0.148233,-0.296466,-0.193989
risk_on,low_value,60,ZM,69,5,-0.033627,-0.336267,-0.016092
risk_on,low_value,60,DIS,70,2,-0.086696,-0.346782,-0.146381
risk_on,low_value,60,VMC,71,9,-0.02105,-0.378892,-0.092447
risk_on,low_value,60,TWLO,72,2,-0.109034,-0.436137,-0.052635
risk_on,low_value,60,NUE,73,6,-0.042139,-0.505673,-0.053366
risk_on,low_value,60,BAH,74,2,-0.130514,-0.522057,-0.181006
risk_on,low_value,60,LMT,75,6,-0.058449,-0.584486,-0.142779
risk_on,low_value,60,MCHP,76,3,-0.100698,-0.604188,-0.174958
risk_on,low_value,60,JCI,77,11,-0.0371,-0.816193,-0.082562
risk_on,low_value,60,ACN,78,8,-0.071426,-1.142822,-0.098972
risk_on,low_value,120,PWR,1,20,0.200494,8.019778,0.091319
risk_on,low_value,120,PH,2,21,0.137849,5.789672,0.014187
risk_on,low_value,120,CAT,3,13,0.134925,5.127157,0.041443
risk_on,low_value,120,LRCX,4,3,0.804112,4.824674,0.706329
risk_on,low_value,120,KLAC,5,7,0.337541,4.725577,0.199208
risk_on,low_value,120,HWM,6,7,0.352281,4.227374,0.247938
risk_on,low_value,120,RTX,7,13,0.152524,3.96562,0.050806
risk_on,low_value,120,AMAT,8,9,0.26427,3.964052,0.16304
risk_on,low_value,120,TT,9,11,0.187287,3.933027,0.045105
risk_on,low_value,120,PLTR,10,1,1.921301,3.842603,1.795348
risk_on,low_value,120,NVDA,11,4,0.387179,3.097428,0.310086
risk_on,low_value,120,NFLX,12,4,0.385822,3.086576,0.328571
risk_on,low_value,120,ANET,13,12,0.139582,3.070798,0.036645
risk_on,low_value,120,GEV,14,2,0.502248,3.013491,0.374527
risk_on,low_value,120,NOW,15,8,0.197887,2.9683,0.058329
risk_on,low_value,120,ETN,16,17,0.086881,2.867061,-0.022389
risk_on,low_value,120,GOOGL,17,12,0.123245,2.834635,0.039094
risk_on,low_value,120,GOOG,18,11,0.131066,2.752384,0.052722
risk_on,low_value,120,BWXT,19,4,0.241224,2.653464,0.164865
risk_on,low_value,120,EME,20,9,0.138407,2.352927,0.080158
risk_on,low_value,120,CMI,21,4,0.254845,2.038758,0.198486
risk_on,low_value,120,AVGO,22,2,0.480568,1.92227,0.277181
risk_on,low_value,120,ADI,23,5,0.187054,1.870539,0.011562
risk_on,low_value,120,AMZN,24,13,0.070959,1.844946,-0.015689
risk_on,low_value,120,ORCL,25,9,0.110443,1.767095,0.01045
risk_on,low_value,120,GE,26,3,0.275903,1.655419,0.209473
risk_on,low_value,120,CSCO,27,5,0.164804,1.648038,0.093368
risk_on,low_value,120,TWLO,28,2,0.404067,1.616269,0.244833
risk_on,low_value,120,ON,29,6,0.127565,1.530784,-0.022109
risk_on,low_value,120,GD,30,11,0.06911,1.520419,-0.034657
risk_on,low_value,120,TER,31,3,0.210898,1.265386,0.071965
risk_on,low_value,120,VRT,32,3,0.250454,1.252272,0.211729
risk_on,low_value,120,SNPS,33,3,0.19912,1.194719,-0.045158
risk_on,low_value,120,NUE,34,6,0.099074,1.188883,-0.03566
risk_on,low_value,120,JCI,35,9,0.055837,1.005074,-0.057049
risk_on,low_value,120,LHX,36,8,0.036174,0.868174,-0.073575
risk_on,low_value,120,MSFT,37,9,0.04793,0.862743,-0.073149
risk_on,low_value,120,AAPL,38,4,0.106689,0.853513,-0.020847
risk_on,low_value,120,STLD,39,1,0.426337,0.852674,0.260215
risk_on,low_value,120,AMD,40,1,0.335755,0.671511,0.168185
risk_on,low_value,120,NVT,41,1,0.318747,0.637493,0.134687
risk_on,low_value,120,CDNS,42,1,0.30395,0.607899,0.020115
risk_on,low_value,120,CHKP,43,5,0.103536,0.517681,-0.008409
risk_on,low_value,120,NSC,44,3,0.084763,0.508577,-0.029453
risk_on,low_value,120,MLM,45,2,0.103808,0.415233,-0.008358
risk_on,low_value,120,PANW,46,3,0.056789,0.340733,0.014912
risk_on,low_value,120,TSLA,47,1,0.132038,0.264075,0.161775
risk_on,low_value,120,EQIX,48,9,0.014289,0.257202,-0.107654
risk_on,low_value,120,ATI,49,1,0.221539,0.221539,0.065547
risk_on,low_value,120,NOC,50,2,0.054033,0.216134,-0.093153
risk_on,low_value,120,MPWR,51,4,0.034896,0.209379,-0.126589
risk_on,low_value,120,VST,52,1,0.100768,0.201536,-0.055224
risk_on,low_value,120,META,53,4,0.017308,0.138464,-0.057407
risk_on,low_value,120,PTC,54,1,0.068147,0.136295,-0.215688
risk_on,low_value,120,TXN,55,5,0.001302,0.013018,-0.111593
risk_on,low_value,120,CRH,56,10,4.4e-05,0.00088,-0.066551
risk_on,low_value,120,UNP,57,7,-0.00098,-0.013724,-0.128601
risk_on,low_value,120,SRE,58,1,-0.014659,-0.029319,-0.180781
risk_on,low_value,120,VMC,59,9,-0.001668,-0.030032,-0.126418
risk_on,low_value,120,DASH,60,1,-0.035213,-0.070427,-0.191205
risk_on,low_value,120,ZM,61,3,-0.017719,-0.106312,-0.11711
risk_on,low_value,120,CSX,62,6,-0.015709,-0.188512,-0.104391
risk_on,low_value,120,LDOS,63,3,-0.033839,-0.203033,-0.082651
risk_on,low_value,120,UPS,64,1,-0.106432,-0.212863,-0.290491
risk_on,low_value,120,NXPI,65,2,-0.060211,-0.240844,-0.155104
risk_on,low_value,120,ABNB,66,3,-0.05318,-0.319078,-0.174141
risk_on,low_value,120,FCX,67,1,-0.17658,-0.353161,-0.279956
risk_on,low_value,120,HII,68,1,-0.18132,-0.36264,-0.333667
risk_on,low_value,120,CRM,69,4,-0.056892,-0.455135,-0.136879
risk_on,low_value,120,BAH,70,2,-0.12659,-0.506361,-0.163515
risk_on,low_value,120,DIS,71,2,-0.142412,-0.569648,-0.241988
risk_on,low_value,120,LMT,72,6,-0.069015,-0.69015,-0.174748
risk_on,low_value,120,MCHP,73,3,-0.116132,-0.696793,-0.301342
risk_on,low_value,120,UBER,74,1,-0.236254,-0.708762,-0.304652
risk_on,low_value,120,QCOM,75,3,-0.125995,-0.755967,-0.159522
risk_on,low_value,120,PYPL,76,6,-0.053069,-0.955237,-0.110883
risk_on,low_value,120,ACN,77,8,-0.078167,-1.250676,-0.172562
risk_on,momentum,20,NVDA,1,23,0.099629,4.582927,0.074625
risk_on,momentum,20,MU,2,12,0.177497,4.259925,0.167874
risk_on,momentum,20,VRT,3,19,0.091145,3.463526,0.067316
risk_on,momentum,20,AVGO,4,22,0.05055,2.224219,0.027019
risk_on,momentum,20,KLAC,5,22,0.047425,2.086709,0.035178
risk_on,momentum,20,META,6,14,0.067917,1.901679,0.051835
risk_on,momentum,20,LRCX,7,19,0.049982,1.89932,0.050056
risk_on,momentum,20,GEV,8,16,0.038067,1.827209,0.024868
risk_on,momentum,20,AMD,9,5,0.129493,1.294927,0.108181
risk_on,momentum,20,GOOG,10,11,0.058679,1.290941,0.035362
risk_on,momentum,20,GOOGL,11,22,0.029166,1.283285,0.014387
risk_on,momentum,20,TSLA,12,17,0.036407,1.237848,0.012702
risk_on,momentum,20,ANET,13,22,0.027066,1.190909,0.000683
risk_on,momentum,20,ALAB,14,3,0.171909,1.031454,0.150045
risk_on,momentum,20,PWR,15,24,0.020867,1.001637,-0.000139
risk_on,momentum,20,CAT,16,25,0.013294,0.997048,0.00749
risk_on,momentum,20,ETN,17,23,0.018653,0.858017,-0.004163
risk_on,momentum,20,MSFT,18,14,0.029737,0.832628,0.006445
risk_on,momentum,20,NEM,19,4,0.097449,0.779595,0.072165
risk_on,momentum,20,LMT,20,9,0.042993,0.773881,0.030464
risk_on,momentum,20,CSCO,21,23,0.016405,0.754644,0.008802
risk_on,momentum,20,AAPL,22,4,0.093913,0.751303,0.024975
risk_on,momentum,20,VMC,23,5,0.0626,0.626002,0.020573
risk_on,momentum,20,PH,24,15,0.017125,0.513739,0.00373
risk_on,momentum,20,CSX,25,15,0.016752,0.502563,-0.006064
risk_on,momentum,20,EME,26,10,0.024243,0.484858,-0.00072
risk_on,momentum,20,UNP,27,19,0.011752,0.446565,-0.008267
risk_on,momentum,20,UBER,28,9,0.016481,0.444997,0.013557
risk_on,momentum,20,FCX,29,17,0.01263,0.429431,0.005604
risk_on,momentum,20,VST,30,1,0.19212,0.384239,0.129247
risk_on,momentum,20,WDAY,31,2,0.095514,0.382055,0.056435
risk_on,momentum,20,NOC,32,4,0.046221,0.369768,0.027345
risk_on,momentum,20,NOW,33,2,0.091961,0.367843,0.057443
risk_on,momentum,20,KMI,34,6,0.02933,0.35196,0.013608
risk_on,momentum,20,CEG,35,4,0.02923,0.350762,0.041633
risk_on,momentum,20,ZS,36,2,0.084859,0.339434,0.043064
risk_on,momentum,20,MLM,37,2,0.079051,0.316203,0.033879
risk_on,momentum,20,ZM,38,3,0.051429,0.308574,0.005132
risk_on,momentum,20,LEU,39,1,0.285796,0.285796,0.256872
risk_on,momentum,20,SNDK,40,1,0.130377,0.260754,0.090117
risk_on,momentum,20,HWM,41,15,0.007979,0.239364,0.005973
risk_on,momentum,20,EXPE,42,1,0.110789,0.221578,0.0575
risk_on,momentum,20,ACN,43,6,0.018234,0.218803,-0.000696
risk_on,momentum,20,NSC,44,3,0.033543,0.201255,0.009493
risk_on,momentum,20,CMI,45,2,0.049336,0.197343,0.013108
risk_on,momentum,20,TEAM,46,1,0.098369,0.196737,0.053362
risk_on,momentum,20,BKR,47,1,0.089664,0.179327,0.125902
risk_on,momentum,20,SHW,48,3,0.029402,0.176414,-0.029612
risk_on,momentum,20,NVT,49,1,0.084162,0.168323,0.037147
risk_on,momentum,20,MRVL,50,3,0.026177,0.157064,-0.003101
risk_on,momentum,20,NXPI,51,1,0.075078,0.150156,-0.001247
risk_on,momentum,20,ETR,52,2,0.036984,0.147937,0.00713
risk_on,momentum,20,RTX,53,12,0.006046,0.145114,0.011442
risk_on,momentum,20,CRM,54,15,0.004623,0.138679,0.000251
risk_on,momentum,20,CRWD,55,3,0.018299,0.109795,-0.004123
risk_on,momentum,20,MPC,56,2,0.023018,0.092072,0.064513
risk_on,momentum,20,AMT,57,7,0.005977,0.083672,0.012353
risk_on,momentum,20,CRH,58,13,0.003159,0.082136,-0.021907
risk_on,momentum,20,DDOG,59,1,0.032335,0.06467,-0.020954
risk_on,momentum,20,MCHP,60,1,0.032144,0.064288,-0.002237
risk_on,momentum,20,AVAV,61,1,0.031001,0.062002,0.002078
risk_on,momentum,20,SRE,62,4,0.007738,0.061904,-0.03039
risk_on,momentum,20,GD,63,4,0.007454,0.059629,-0.049399
risk_on,momentum,20,BA,64,8,0.003268,0.052292,-0.008978
risk_on,momentum,20,PEG,65,1,0.025446,0.050892,-0.079828
risk_on,momentum,20,RS,66,1,0.021997,0.043994,-0.023048
risk_on,momentum,20,NEE,67,2,0.010946,0.043783,-0.024589
risk_on,momentum,20,WM,68,1,0.020415,0.04083,0.012576
risk_on,momentum,20,D,69,3,0.006411,0.038466,-0.007219
risk_on,momentum,20,ORCL,70,16,0.000944,0.030208,-0.014414
risk_on,momentum,20,PANW,71,2,0.007152,0.028608,-0.012891
risk_on,momentum,20,TT,72,1,0.012437,0.024873,-0.063889
risk_on,momentum,20,CCI,73,4,0.002478,0.019825,-0.035494
risk_on,momentum,20,SO,74,2,0.00383,0.015321,-0.039463
risk_on,momentum,20,BWXT,75,3,0.000737,0.006636,-0.019718
risk_on,momentum,20,AMZN,76,27,0.000122,0.006608,-0.009344
risk_on,momentum,20,SMCI,77,4,0.000372,0.00298,-0.012476
risk_on,momentum,20,GE,78,12,-0.000205,-0.00492,0.003798
risk_on,momentum,20,SNOW,79,4,-0.002589,-0.020713,-0.027824
risk_on,momentum,20,QCOM,80,6,-0.002388,-0.028659,-0.006918
risk_on,momentum,20,ASML,81,4,-0.003756,-0.030049,-0.00037
risk_on,momentum,20,AEP,82,2,-0.008373,-0.033492,0.01965
risk_on,momentum,20,TSM,83,3,-0.007779,-0.046674,0.005985
risk_on,momentum,20,AMAT,84,11,-0.002186,-0.048085,-0.003197
risk_on,momentum,20,XEL,85,1,-0.03286,-0.06572,0.052993
risk_on,momentum,20,PYPL,86,9,-0.002659,-0.071792,-0.017421
risk_on,momentum,20,NUE,87,9,-0.005461,-0.098306,-0.031826
risk_on,momentum,20,IBM,88,9,-0.005478,-0.098595,-0.014497
risk_on,momentum,20,NFLX,89,21,-0.003028,-0.127165,-0.019997
risk_on,momentum,20,TXN,90,4,-0.019093,-0.152748,-0.064507
risk_on,momentum,20,UPS,91,3,-0.026421,-0.158524,-0.013761
risk_on,momentum,20,PLTR,92,3,-0.028717,-0.172305,-0.029551
risk_on,momentum,20,WMB,93,2,-0.043941,-0.175764,-0.045951
risk_on,momentum,20,ATI,94,6,-0.017575,-0.210899,0.01107
risk_on,momentum,20,BKNG,95,1,-0.110507,-0.221013,-0.07116
risk_on,momentum,20,EQIX,96,4,-0.030651,-0.245207,-0.042314
risk_on,momentum,20,VLO,97,1,-0.131821,-0.263641,-0.092474
risk_on,momentum,20,EMR,98,4,-0.037974,-0.303792,-0.023465
risk_on,momentum,20,SHOP,99,1,-0.192753,-0.385506,-0.178239
risk_on,momentum,20,OKE,100,4,-0.048294,-0.386354,-0.05217
risk_on,momentum,20,SBAC,101,4,-0.054693,-0.437543,-0.067328
risk_on,momentum,20,JCI,102,5,-0.047823,-0.478229,-0.041036
risk_on,momentum,20,ON,103,2,-0.128177,-0.512708,-0.128858
risk_on,momentum,20,STLD,104,5,-0.054508,-0.545081,-0.070849
risk_on,momentum,20,INTC,105,2,-0.144627,-0.578507,-0.151488
risk_on,momentum,20,TER,106,1,-0.310897,-0.621794,-0.215199
risk_on,momentum,20,ABNB,107,3,-0.127316,-0.763893,-0.099571
risk_on,momentum,20,RKLB,108,2,-0.163482,-0.980889,-0.15587
risk_on,momentum,20,DE,109,15,-0.025368,-1.141555,-0.012273
risk_on,momentum,60,NVDA,1,21,0.299709,12.587771,0.217904
risk_on,momentum,60,GEV,2,16,0.196931,9.452677,0.161824
risk_on,momentum,60,MU,3,11,0.405978,8.93151,0.387914
risk_on,momentum,60,VRT,4,19,0.1836,6.976807,0.113822
risk_on,momentum,60,AVGO,5,21,0.156934,6.59121,0.087854
risk_on,momentum,60,CAT,6,25,0.079748,5.981134,0.021216
risk_on,momentum,60,PWR,7,24,0.097461,4.67814,0.031325
risk_on,momentum,60,KLAC,8,22,0.106299,4.677134,0.061324
risk_on,momentum,60,LRCX,9,19,0.11507,4.372653,0.085031
risk_on,momentum,60,META,10,14,0.15088,4.224637,0.081335
risk_on,momentum,60,GOOGL,11,21,0.095331,4.003904,0.047709
risk_on,momentum,60,AMZN,12,26,0.059893,3.114446,0.006185
risk_on,momentum,60,NFLX,13,20,0.074999,2.999948,0.020624
risk_on,momentum,60,HWM,14,14,0.092046,2.577292,0.056364
risk_on,momentum,60,GOOG,15,11,0.114461,2.518131,0.08344
risk_on,momentum,60,TSLA,16,16,0.075595,2.419048,0.021969
risk_on,momentum,60,CSCO,17,22,0.051613,2.270954,0.002655
risk_on,momentum,60,ETN,18,22,0.047999,2.111938,-0.003957
risk_on,momentum,60,NEM,19,4,0.238974,1.911795,0.228056
risk_on,momentum,60,ORCL,20,16,0.056177,1.797679,0.004155
risk_on,momentum,60,PH,21,15,0.059518,1.78555,0.017478
risk_on,momentum,60,EME,22,10,0.089221,1.784412,0.030665
risk_on,momentum,60,AMAT,23,11,0.079788,1.755328,0.029649
risk_on,momentum,60,AMD,24,5,0.170454,1.704537,0.142977
risk_on,momentum,60,AAPL,25,4,0.201161,1.60929,0.105626
risk_on,momentum,60,ANET,26,20,0.036961,1.478457,-0.009109
risk_on,momentum,60,CSX,27,14,0.05035,1.4098,-0.014472
risk_on,momentum,60,MSFT,28,13,0.05055,1.314293,-0.025773
risk_on,momentum,60,ATI,29,5,0.12958,1.295802,0.114485
risk_on,momentum,60,SMCI,30,4,0.153538,1.228302,0.116818
risk_on,momentum,60,UBER,31,8,0.045535,1.092842,0.016919
risk_on,momentum,60,NOW,32,2,0.265146,1.060585,0.153604
risk_on,momentum,60,SHW,33,3,0.166092,0.996551,0.038589
risk_on,momentum,60,FCX,34,15,0.032014,0.960419,7.5e-05
risk_on,momentum,60,UNP,35,17,0.026722,0.908548,-0.019557
risk_on,momentum,60,TSM,36,3,0.150268,0.90161,0.039524
risk_on,momentum,60,BWXT,37,3,0.09775,0.879751,0.049672
risk_on,momentum,60,ZM,38,3,0.145088,0.870531,0.072643
risk_on,momentum,60,RTX,39,11,0.037928,0.834416,0.018616
risk_on,momentum,60,CMI,40,2,0.207637,0.83055,0.17509
risk_on,momentum,60,KMI,41,5,0.080646,0.806464,0.075808
risk_on,momentum,60,SNOW,42,4,0.09704,0.776316,0.053161
risk_on,momentum,60,AMT,43,6,0.05382,0.645839,0.018338
risk_on,momentum,60,LEU,44,1,0.587213,0.587213,0.506084
risk_on,momentum,60,LMT,45,9,0.030633,0.551397,-0.036228
risk_on,momentum,60,JCI,46,5,0.052695,0.52695,-0.031757
risk_on,momentum,60,CRWD,47,3,0.087794,0.526763,0.043347
risk_on,momentum,60,CRH,48,13,0.020229,0.52596,-0.006454
risk_on,momentum,60,VMC,49,5,0.047929,0.479294,-0.008154
risk_on,momentum,60,IBM,50,9,0.02567,0.462053,-0.007489
risk_on,momentum,60,GD,51,4,0.05759,0.460723,0.001306
risk_on,momentum,60,CEG,52,3,0.04917,0.442534,-0.033097
risk_on,momentum,60,VST,53,1,0.199514,0.399028,0.095965
risk_on,momentum,60,ETR,54,2,0.084658,0.338633,0.092988
risk_on,momentum,60,AVAV,55,1,0.159628,0.319255,0.078498
risk_on,momentum,60,BKNG,56,1,0.158983,0.317966,0.015786
risk_on,momentum,60,NEE,57,2,0.076207,0.304829,-0.068201
risk_on,momentum,60,OKE,58,3,0.05032,0.301919,0.008929
risk_on,momentum,60,PANW,59,2,0.073649,0.294596,0.023351
risk_on,momentum,60,EQIX,60,4,0.033555,0.268436,-0.046027
risk_on,momentum,60,MPC,61,2,0.064232,0.256927,0.024551
risk_on,momentum,60,PLTR,62,2,0.056238,0.224953,0.092542
risk_on,momentum,60,DDOG,63,1,0.108888,0.217776,-0.010984
risk_on,momentum,60,MRVL,64,3,0.03162,0.18972,0.01466
risk_on,momentum,60,ZS,65,1,0.083784,0.167569,0.03965
risk_on,momentum,60,D,66,3,0.026398,0.158391,0.002902
risk_on,momentum,60,WMB,67,1,0.07864,0.15728,0.069928
risk_on,momentum,60,SRE,68,4,0.014261,0.114091,-0.152592
risk_on,momentum,60,TT,69,1,0.03716,0.07432,-0.054723
risk_on,momentum,60,BKR,70,1,0.028645,0.057289,0.019933
risk_on,momentum,60,NSC,71,3,0.008437,0.050622,-0.015172
risk_on,momentum,60,WM,72,1,0.024435,0.04887,-0.116251
risk_on,momentum,60,ASML,73,4,0.00604,0.048321,-0.029315
risk_on,momentum,60,TXN,74,3,0.007188,0.04313,-0.040009
risk_on,momentum,60,GE,75,12,0.001595,0.038283,-0.03588
risk_on,momentum,60,MLM,76,2,0.0077,0.0308,-0.051593
risk_on,momentum,60,NXPI,77,1,-0.003039,-0.006079,-0.094923
risk_on,momentum,60,SO,78,2,-0.002215,-0.008862,-0.157137
risk_on,momentum,60,EXPE,79,1,-0.009786,-0.019573,-0.129658
risk_on,momentum,60,AEP,80,2,-0.009216,-0.036864,-0.06801
risk_on,momentum,60,EMR,81,4,-0.006071,-0.048569,-0.070623
risk_on,momentum,60,INTC,82,2,-0.014257,-0.057027,-0.080214
risk_on,momentum,60,UPS,83,3,-0.01011,-0.060663,-0.081305
risk_on,momentum,60,XEL,84,1,-0.031746,-0.063493,-0.048079
risk_on,momentum,60,SHOP,85,1,-0.039047,-0.078094,-0.124186
risk_on,momentum,60,SBAC,86,3,-0.016353,-0.09812,-0.037434
risk_on,momentum,60,ACN,87,5,-0.011471,-0.114712,-0.037261
risk_on,momentum,60,PEG,88,1,-0.060055,-0.120109,-0.274427
risk_on,momentum,60,RS,89,1,-0.060913,-0.121826,-0.189251
risk_on,momentum,60,VLO,90,1,-0.063885,-0.12777,-0.207081
risk_on,momentum,60,NVT,91,1,-0.086414,-0.172829,-0.160867
risk_on,momentum,60,PYPL,92,8,-0.007295,-0.175068,-0.041997
risk_on,momentum,60,NOC,93,4,-0.034758,-0.27806,-0.164433
risk_on,momentum,60,TER,94,1,-0.163327,-0.326655,-0.17664
risk_on,momentum,60,MCHP,95,1,-0.164948,-0.329896,-0.119378
risk_on,momentum,60,TEAM,96,1,-0.178107,-0.356214,-0.271588
risk_on,momentum,60,CCI,97,4,-0.05659,-0.452722,-0.196608
risk_on,momentum,60,CRM,98,13,-0.018738,-0.487197,-0.050536
risk_on,momentum,60,ABNB,99,3,-0.092136,-0.552814,-0.084407
risk_on,momentum,60,ON,100,2,-0.149535,-0.598139,-0.164358
risk_on,momentum,60,DE,101,14,-0.014505,-0.609194,-0.061196
risk_on,momentum,60,NUE,102,8,-0.040345,-0.645512,-0.067559
risk_on,momentum,60,ALAB,103,3,-0.16338,-0.980277,-0.154902
risk_on,momentum,60,STLD,104,4,-0.141611,-1.132891,-0.173805
risk_on,momentum,60,BA,105,8,-0.104035,-1.664557,-0.120925
risk_on,momentum,60,QCOM,106,5,-0.172827,-1.728265,-0.155164
risk_on,momentum,60,RKLB,107,2,-0.385071,-2.310425,-0.361119
risk_on,momentum,120,MU,1,8,1.618025,25.888395,1.505994
risk_on,momentum,120,GEV,2,14,0.573052,24.068166,0.479692
risk_on,momentum,120,NVDA,3,21,0.550843,23.135411,0.419583
risk_on,momentum,120,AVGO,4,21,0.360596,15.14503,0.224103
risk_on,momentum,120,LRCX,5,16,0.468656,14.99698,0.358685
risk_on,momentum,120,CAT,6,23,0.191835,13.236589,0.080262
risk_on,momentum,120,KLAC,7,19,0.326491,12.406667,0.211347
risk_on,momentum,120,VRT,8,18,0.322396,11.606261,0.230218
risk_on,momentum,120,PWR,9,23,0.194426,8.943576,0.084629
risk_on,momentum,120,HWM,10,13,0.322153,8.375991,0.227539
risk_on,momentum,120,GOOGL,11,19,0.19004,7.22152,0.085262
risk_on,momentum,120,CSCO,12,20,0.167365,6.694594,0.04248
risk_on,momentum,120,META,13,14,0.23707,6.637956,0.095067
risk_on,momentum,120,NFLX,14,20,0.159995,6.399783,0.048802
risk_on,momentum,120,AMAT,15,10,0.313003,6.260052,0.191312
risk_on,momentum,120,AMZN,16,24,0.119609,5.741217,0.002008
risk_on,momentum,120,ANET,17,19,0.140238,5.329053,0.036337
risk_on,momentum,120,TSLA,18,16,0.159604,5.107315,0.047885
risk_on,momentum,120,UBER,19,8,0.197523,4.740546,0.077614
risk_on,momentum,120,GOOG,20,10,0.20609,4.121794,0.116945
risk_on,momentum,120,SMCI,21,4,0.485101,3.880806,0.346576
risk_on,momentum,120,PH,22,14,0.122363,3.426175,0.000322
risk_on,momentum,120,ORCL,23,15,0.107017,3.210506,0.013284
risk_on,momentum,120,ATI,24,3,0.520298,3.121787,0.393918
risk_on,momentum,120,ETN,25,20,0.075142,3.005676,-0.019502
risk_on,momentum,120,NEM,26,4,0.358984,2.871872,0.236005
risk_on,momentum,120,FCX,27,14,0.100657,2.818403,-0.017167
risk_on,momentum,120,EME,28,9,0.136105,2.449892,0.049576
risk_on,momentum,120,AMD,29,3,0.40682,2.440918,0.321517
risk_on,momentum,120,CEG,30,3,0.260754,2.346782,0.128871
risk_on,momentum,120,GE,31,10,0.110957,2.219134,0.004537
risk_on,momentum,120,RTX,32,9,0.093342,1.68015,-0.021268
risk_on,momentum,120,CSX,33,13,0.06203,1.61279,-0.074861
risk_on,momentum,120,CMI,34,2,0.388558,1.554231,0.271298
risk_on,momentum,120,AAPL,35,4,0.191046,1.528368,0.077338
risk_on,momentum,120,MSFT,36,13,0.058496,1.520906,-0.084325
risk_on,momentum,120,PLTR,37,2,0.366297,1.465188,0.307813
risk_on,momentum,120,BWXT,38,3,0.155878,1.402904,0.083819
risk_on,momentum,120,UNP,39,15,0.0467,1.400998,-0.07722
risk_on,momentum,120,CRWD,40,2,0.346801,1.387206,0.166827
risk_on,momentum,120,ASML,41,3,0.229162,1.374972,0.168713
risk_on,momentum,120,CRH,42,12,0.055,1.319996,-0.03159
risk_on,momentum,120,TSM,43,3,0.215346,1.292077,0.13471
risk_on,momentum,120,NOW,44,2,0.316446,1.265785,0.174767
risk_on,momentum,120,JCI,45,5,0.123724,1.237239,-0.009917
risk_on,momentum,120,DE,46,13,0.030165,1.176416,-0.087266
risk_on,momentum,120,IBM,47,8,0.06751,1.080167,-0.012393
risk_on,momentum,120,MPC,48,2,0.245551,0.982205,0.074723
risk_on,momentum,120,KMI,49,5,0.095134,0.951336,0.031988
risk_on,momentum,120,ZS,50,1,0.458784,0.917569,0.338039
risk_on,momentum,120,PANW,51,2,0.213253,0.853011,0.092261
risk_on,momentum,120,NEE,52,2,0.208345,0.833382,0.061855
risk_on,momentum,120,GD,53,4,0.101309,0.810473,-0.008967
risk_on,momentum,120,TXN,54,2,0.1978,0.791199,0.112053
risk_on,momentum,120,EMR,55,4,0.09798,0.783837,-0.050282
risk_on,momentum,120,SHOP,56,1,0.312917,0.625835,0.029082
risk_on,momentum,120,NSC,57,3,0.096351,0.578104,-0.029418
risk_on,momentum,120,TT,58,1,0.260809,0.521617,0.092389
risk_on,momentum,120,OKE,59,3,0.082962,0.497774,-0.058588
risk_on,momentum,120,EQIX,60,4,0.060819,0.486553,-0.105267
risk_on,momentum,120,PYPL,61,8,0.020011,0.48027,-0.054727
risk_on,momentum,120,SNOW,62,3,0.077533,0.465199,-0.035961
risk_on,momentum,120,D,63,2,0.116166,0.464663,-0.050681
risk_on,momentum,120,WMB,64,1,0.218191,0.436382,0.144627
risk_on,momentum,120,ABNB,65,3,0.069322,0.415931,-0.095346
risk_on,momentum,120,VLO,66,1,0.192699,0.385398,-0.04891
risk_on,momentum,120,BKNG,67,1,0.177524,0.355048,-0.064086
risk_on,momentum,120,ETR,68,2,0.086315,0.345258,0.07152
risk_on,momentum,120,ZM,69,3,0.054692,0.328153,0.014537
risk_on,momentum,120,LEU,70,1,0.316546,0.316546,0.211497
risk_on,momentum,120,BKR,71,1,0.132802,0.265605,0.059238
risk_on,momentum,120,RS,72,1,0.105467,0.210934,-0.133736
risk_on,momentum,120,VST,73,1,0.100768,0.201536,-0.055224
risk_on,momentum,120,PEG,74,1,0.08949,0.17898,-0.120305
risk_on,momentum,120,AEP,75,2,0.044555,0.178219,-0.058922
risk_on,momentum,120,SHW,76,3,0.024659,0.147955,-0.124475
risk_on,momentum,120,ACN,77,5,0.014345,0.143449,-0.08108
risk_on,momentum,120,DDOG,78,1,0.038729,0.077458,-0.128842
risk_on,momentum,120,RKLB,79,1,0.023053,0.069158,0.006132
risk_on,momentum,120,VMC,80,5,0.006522,0.065221,-0.07071
risk_on,momentum,120,QCOM,81,3,0.010427,0.062561,-0.151056
risk_on,momentum,120,LMT,82,9,0.002139,0.038498,-0.146462
risk_on,momentum,120,XEL,83,1,0.015863,0.031725,-0.082961
risk_on,momentum,120,NOC,84,4,0.001536,0.012284,-0.164122
risk_on,momentum,120,MLM,85,2,-0.006836,-0.027344,-0.05234
risk_on,momentum,120,MCHP,86,1,-0.027237,-0.054474,-0.113647
risk_on,momentum,120,WM,87,1,-0.042649,-0.085298,-0.162551
risk_on,momentum,120,UPS,88,3,-0.027833,-0.167,-0.176656
risk_on,momentum,120,NXPI,89,1,-0.095858,-0.191717,-0.264277
risk_on,momentum,120,SBAC,90,2,-0.047951,-0.191804,-0.16034
risk_on,momentum,120,SRE,91,4,-0.024107,-0.192853,-0.195593
risk_on,momentum,120,NUE,92,6,-0.016229,-0.194745,-0.179671
risk_on,momentum,120,SO,93,2,-0.050643,-0.202572,-0.167913
risk_on,momentum,120,AVAV,94,1,-0.114038,-0.228077,-0.219087
risk_on,momentum,120,INTC,95,2,-0.070804,-0.283214,-0.139215
risk_on,momentum,120,EXPE,96,1,-0.192758,-0.385517,-0.360329
risk_on,momentum,120,STLD,97,3,-0.070655,-0.42393,-0.273804
risk_on,momentum,120,NVT,98,1,-0.245471,-0.490941,-0.215733
risk_on,momentum,120,TEAM,99,1,-0.297482,-0.594965,-0.462677
risk_on,momentum,120,MRVL,100,3,-0.113976,-0.683854,-0.151107
risk_on,momentum,120,CRM,101,13,-0.027255,-0.708635,-0.115291
risk_on,momentum,120,AMT,102,5,-0.071229,-0.712288,-0.175553
risk_on,momentum,120,ALAB,103,3,-0.133853,-0.803119,-0.149356
risk_on,momentum,120,BA,104,8,-0.051559,-0.824945,-0.184194
risk_on,momentum,120,ON,105,2,-0.242956,-0.971825,-0.375577
risk_on,momentum,120,CCI,106,4,-0.175077,-1.400615,-0.370353
