style,list_type,horizon_days,year,regime,n_events,n_valid,n_no_signal,n_unpriced,avg_return,median_return,win_rate,sum_n_priced,sum_n_selected
risk_off,industry_trend,20,2023,down,2,2,0,0,0.016333638622976248,0.016333638622976248,0.5,41,41
risk_off,industry_trend,20,2023,up,10,10,0,0,0.01701826050966595,0.02361912720458095,0.7,206,206
risk_off,industry_trend,20,2024,down,2,2,0,0,0.031302113365306805,0.031302113365306805,1.0,37,37
risk_off,industry_trend,20,2024,up,10,10,0,0,0.027795774669714703,0.02830893824437885,0.7,205,205
risk_off,industry_trend,20,2025,down,3,1,2,0,-0.0616167684747228,-0.0616167684747228,0.0,20,20
risk_off,industry_trend,20,2025,up,9,9,0,0,0.035868889572018586,0.0558918101950214,0.7777777777777778,187,187
risk_off,industry_trend,20,2026,down,4,3,1,0,-0.007793057971445666,-0.033200915348092,0.3333333333333333,58,58
risk_off,industry_trend,20,2026,up,5,4,0,1,0.002829018729111902,0.0333174255156284,0.75,81,104
risk_off,industry_trend,60,2023,down,2,2,0,0,0.1569852108758265,0.1569852108758265,1.0,41,41
risk_off,industry_trend,60,2023,up,10,10,0,0,0.057689788506758724,0.06003300012520365,0.7,206,206
risk_off,industry_trend,60,2024,down,2,2,0,0,0.08016955057765515,0.08016955057765515,1.0,37,37
risk_off,industry_trend,60,2024,up,10,10,0,0,0.05633442199770115,0.07656801682970735,0.8,205,205
risk_off,industry_trend,60,2025,down,3,1,2,0,0.0520710369447417,0.0520710369447417,1.0,20,20
risk_off,industry_trend,60,2025,up,9,9,0,0,0.09457643763208394,0.1235028361728449,0.7777777777777778,187,187
risk_off,industry_trend,60,2026,down,4,2,1,1,0.16711876751427696,0.16711876751427696,1.0,37,58
risk_off,industry_trend,60,2026,up,5,3,0,2,-0.02697270533192257,-0.0119714801810377,0.0,61,104
risk_off,industry_trend,120,2023,down,2,2,0,0,0.27356651692591283,0.27356651692591283,1.0,41,41
risk_off,industry_trend,120,2023,up,10,10,0,0,0.16004225255017182,0.164752342992327,1.0,206,206
risk_off,industry_trend,120,2024,down,2,2,0,0,0.12036585352963335,0.12036585352963335,1.0,37,37
risk_off,industry_trend,120,2024,up,10,10,0,0,0.11135709151669923,0.11283393473819855,0.9,205,205
risk_off,industry_trend,120,2025,down,3,1,2,0,0.1462546064793171,0.1462546064793171,1.0,20,20
risk_off,industry_trend,120,2025,up,9,9,0,0,0.24937014970515226,0.2448497804592135,1.0,187,187
risk_off,industry_trend,120,2026,down,4,2,1,1,0.23060636145205216,0.23060636145205216,1.0,37,58
risk_off,industry_trend,120,2026,up,5,0,0,5,,,,0,104
risk_off,low_value,20,2023,down,2,2,0,0,0.014559714111211451,0.014559714111211451,0.5,33,33
risk_off,low_value,20,2023,up,10,10,0,0,0.008853081297509387,-0.0044901587349672496,0.4,166,166
risk_off,low_value,20,2024,down,2,2,0,0,-0.0024075596575455003,-0.0024075596575455003,0.5,33,33
risk_off,low_value,20,2024,up,10,10,0,0,0.01723155814557886,0.0235272414979278,0.7,172,172
risk_off,low_value,20,2025,down,3,1,2,0,-0.0705231815087683,-0.0705231815087683,0.0,19,19
risk_off,low_value,20,2025,up,9,9,0,0,0.018194375757131332,0.0211172558360997,0.7777777777777778,157,157
risk_off,low_value,20,2026,down,4,3,1,0,-0.03984886947266263,-0.0479888082926096,0.0,54,54
risk_off,low_value,20,2026,up,5,4,0,1,0.006585144807852125,0.009757201200278651,0.5,69,87
risk_off,low_value,60,2023,down,2,2,0,0,0.1567818749976232,0.1567818749976232,1.0,33,33
risk_off,low_value,60,2023,up,10,10,0,0,0.024608218148429832,0.01841466719529465,0.6,166,166
risk_off,low_value,60,2024,down,2,2,0,0,0.01347377558821495,0.01347377558821495,0.5,33,33
risk_off,low_value,60,2024,up,10,10,0,0,0.03187763758066929,0.05895069903908045,0.6,172,172
risk_off,low_value,60,2025,down,3,1,2,0,0.0314958334766258,0.0314958334766258,1.0,19,19
risk_off,low_value,60,2025,up,9,9,0,0,0.033032961346182874,0.0096306930269307,0.5555555555555556,157,157
risk_off,low_value,60,2026,down,4,2,1,1,0.08021746555894504,0.08021746555894504,0.5,36,54
risk_off,low_value,60,2026,up,5,3,0,2,0.03822799755588923,0.0343790953693817,0.6666666666666666,47,87
risk_off,low_value,120,2023,down,2,2,0,0,0.24514462967729234,0.24514462967729234,1.0,33,33
risk_off,low_value,120,2023,up,10,10,0,0,0.09084326349954427,0.0931910646220831,0.9,166,166
risk_off,low_value,120,2024,down,2,2,0,0,0.0193226427677168,0.0193226427677168,0.5,33,33
risk_off,low_value,120,2024,up,10,10,0,0,0.07204221500016936,0.07634588683432636,0.8,172,172
risk_off,low_value,120,2025,down,3,1,2,0,0.1842810579462913,0.1842810579462913,1.0,19,19
risk_off,low_value,120,2025,up,9,9,0,0,0.12450970995739191,0.1626779575684342,0.7777777777777778,157,157
risk_off,low_value,120,2026,down,4,2,1,1,0.11083571056105435,0.11083571056105435,1.0,36,54
risk_off,low_value,120,2026,up,5,0,0,5,,,,0,87
risk_off,momentum,20,2023,down,2,2,0,0,0.0191755899669618,0.0191755899669618,0.5,39,39
risk_off,momentum,20,2023,up,10,10,0,0,0.014174969481467231,0.01110417202977525,0.6,201,201
risk_off,momentum,20,2024,down,2,2,0,0,0.042924633504315995,0.042924633504315995,1.0,37,37
risk_off,momentum,20,2024,up,10,10,0,0,0.03597247883635894,0.0313477358204553,0.9,197,197
risk_off,momentum,20,2025,down,3,1,2,0,-0.0505564451655717,-0.0505564451655717,0.0,19,19
risk_off,momentum,20,2025,up,9,9,0,0,0.04131989865254113,0.0505520969046381,0.7777777777777778,181,181
risk_off,momentum,20,2026,down,4,3,1,0,-0.014288347586518065,-0.033728520132524,0.3333333333333333,59,59
risk_off,momentum,20,2026,up,5,4,0,1,-0.002481261112243522,0.028929514177738702,0.75,79,101
risk_off,momentum,60,2023,down,2,2,0,0,0.15022606734483915,0.15022606734483915,1.0,39,39
risk_off,momentum,60,2023,up,10,10,0,0,0.0604706860390284,0.059640655980526154,0.6,201,201
risk_off,momentum,60,2024,down,2,2,0,0,0.08113370608428094,0.08113370608428094,1.0,37,37
risk_off,momentum,60,2024,up,10,10,0,0,0.06406606449733171,0.09667387524174201,0.8,197,197
risk_off,momentum,60,2025,down,3,1,2,0,0.0634074128034379,0.0634074128034379,1.0,19,19
risk_off,momentum,60,2025,up,9,9,0,0,0.10847740501638244,0.1416561303137059,0.7777777777777778,181,181
risk_off,momentum,60,2026,down,4,2,1,1,0.13342411122336625,0.13342411122336625,1.0,39,59
risk_off,momentum,60,2026,up,5,3,0,2,-0.042321731179143264,-0.0151507788294442,0.0,58,101
risk_off,momentum,120,2023,down,2,2,0,0,0.263246965534937,0.263246965534937,1.0,39,39
risk_off,momentum,120,2023,up,10,10,0,0,0.16229295094913662,0.1764684503084944,1.0,201,201
risk_off,momentum,120,2024,down,2,2,0,0,0.10922642211927555,0.10922642211927555,1.0,37,37
risk_off,momentum,120,2024,up,10,10,0,0,0.10852587233366287,0.1157708087588846,0.9,197,197
risk_off,momentum,120,2025,down,3,1,2,0,0.1553641808182981,0.1553641808182981,1.0,19,19
risk_off,momentum,120,2025,up,9,9,0,0,0.2948329915281054,0.3060239265227329,1.0,181,181
risk_off,momentum,120,2026,down,4,2,1,1,0.1857043017490712,0.1857043017490712,1.0,39,59
risk_off,momentum,120,2026,up,5,0,0,5,,,,0,101
risk_off,research_pool,20,2023,down,2,2,0,0,0.00664654330895615,0.00664654330895615,0.5,60,60
risk_off,research_pool,20,2023,up,10,10,0,0,0.012003237481785998,0.005199491618329301,0.5,300,300
risk_off,research_pool,20,2024,down,2,2,0,0,0.02675564877472075,0.02675564877472075,1.0,60,60
risk_off,research_pool,20,2024,up,10,10,0,0,0.026354819974929295,0.03003590533906675,0.7,300,300
risk_off,research_pool,20,2025,down,3,3,0,0,0.001484259650858637,0.0009994851613854,0.6666666666666666,90,90
risk_off,research_pool,20,2025,up,9,9,0,0,0.02501036623313911,0.0377728752453001,0.7777777777777778,270,270
risk_off,research_pool,20,2026,down,4,4,0,0,0.00024198594240464923,-0.014019160995740802,0.5,120,120
risk_off,research_pool,20,2026,up,5,4,0,1,0.007481818943227125,0.0010390011502874,0.5,120,150
risk_off,research_pool,60,2023,down,2,2,0,0,0.1772575778189729,0.1772575778189729,1.0,60,60
risk_off,research_pool,60,2023,up,10,10,0,0,0.0524491030126986,0.008047606304430799,0.5,300,300
risk_off,research_pool,60,2024,down,2,2,0,0,0.0686839389922113,0.0686839389922113,1.0,60,60
risk_off,research_pool,60,2024,up,10,10,0,0,0.06305170174828231,0.08518477266634665,0.8,300,300
risk_off,research_pool,60,2025,down,3,3,0,0,0.14048941694136313,0.1804297762456018,1.0,90,90
risk_off,research_pool,60,2025,up,9,9,0,0,0.054853255535556616,0.0563523148482539,0.7777777777777778,270,270
risk_off,research_pool,60,2026,down,4,3,0,1,0.12917483474382652,0.1516852507613899,1.0,90,120
risk_off,research_pool,60,2026,up,5,3,0,2,0.03283961195466554,0.0201187746838669,1.0,90,150
risk_off,research_pool,120,2023,down,2,2,0,0,0.31390795556374973,0.31390795556374973,1.0,60,60
risk_off,research_pool,120,2023,up,10,10,0,0,0.14137741393358189,0.11415043972369976,1.0,300,300
risk_off,research_pool,120,2024,down,2,2,0,0,0.12637303038184702,0.12637303038184702,1.0,60,60
risk_off,research_pool,120,2024,up,10,10,0,0,0.11739862864761888,0.1281699870042741,0.9,300,300
risk_off,research_pool,120,2025,down,3,3,0,0,0.24716911595561886,0.2611916132010355,1.0,90,90
risk_off,research_pool,120,2025,up,9,9,0,0,0.147226599336078,0.1176315778451008,1.0,270,270
risk_off,research_pool,120,2026,down,4,3,0,1,0.1652382463981432,0.1337284792961819,1.0,90,120
risk_off,research_pool,120,2026,up,5,0,0,5,,,,0,150
risk_on,industry_trend,20,2023,down,2,2,0,0,0.016333638622976248,0.016333638622976248,0.5,41,41
risk_on,industry_trend,20,2023,up,10,10,0,0,0.017669280388273558,0.02113328340627295,0.8,202,202
risk_on,industry_trend,20,2024,down,2,2,0,0,0.03484266003371845,0.03484266003371845,1.0,37,37
risk_on,industry_trend,20,2024,up,10,10,0,0,0.02833350889108669,0.029271642201636097,0.7,205,205
risk_on,industry_trend,20,2025,down,3,1,2,0,-0.0616167684747228,-0.0616167684747228,0.0,20,20
risk_on,industry_trend,20,2025,up,9,9,0,0,0.0344937164502503,0.046835003381977,0.7777777777777778,185,185
risk_on,industry_trend,20,2026,down,4,3,1,0,-0.010952987601697967,-0.033300238716587,0.3333333333333333,59,59
risk_on,industry_trend,20,2026,up,5,4,0,1,0.0049887149415783726,0.02804214014878215,0.75,82,105
risk_on,industry_trend,60,2023,down,2,2,0,0,0.15698521087582656,0.15698521087582656,1.0,41,41
risk_on,industry_trend,60,2023,up,10,10,0,0,0.06113368061166839,0.0601930820059077,0.7,202,202
risk_on,industry_trend,60,2024,down,2,2,0,0,0.08234521540496315,0.08234521540496315,1.0,37,37
risk_on,industry_trend,60,2024,up,10,10,0,0,0.057834804823983954,0.0721878529079007,0.8,205,205
risk_on,industry_trend,60,2025,down,3,1,2,0,0.0520710369447417,0.0520710369447417,1.0,20,20
risk_on,industry_trend,60,2025,up,9,9,0,0,0.0952298597673218,0.1218824369931569,0.7777777777777778,185,185
risk_on,industry_trend,60,2026,down,4,2,1,1,0.1513118045266313,0.1513118045266313,1.0,39,59
risk_on,industry_trend,60,2026,up,5,3,0,2,-0.0144856867592993,-0.0066767097931309,0.3333333333333333,62,105
risk_on,industry_trend,120,2023,down,2,2,0,0,0.27356651692591283,0.27356651692591283,1.0,41,41
risk_on,industry_trend,120,2023,up,10,10,0,0,0.16769221717914123,0.1610795101267115,1.0,202,202
risk_on,industry_trend,120,2024,down,2,2,0,0,0.13428039585069215,0.13428039585069215,1.0,37,37
risk_on,industry_trend,120,2024,up,10,10,0,0,0.11669133937469249,0.11918700746571939,0.9,205,205
risk_on,industry_trend,120,2025,down,3,1,2,0,0.1462546064793171,0.1462546064793171,1.0,20,20
risk_on,industry_trend,120,2025,up,9,9,0,0,0.2472479326192342,0.2448497804592135,1.0,185,185
risk_on,industry_trend,120,2026,down,4,2,1,1,0.21196610724174755,0.21196610724174755,1.0,39,59
risk_on,industry_trend,120,2026,up,5,0,0,5,,,,0,105
risk_on,low_value,20,2023,down,2,1,1,0,0.0967165849826201,0.0967165849826201,1.0,5,5
risk_on,low_value,20,2023,up,10,10,0,0,0.021454650948363956,0.029494688770366602,0.6,140,140
risk_on,low_value,20,2024,down,2,2,0,0,0.03935428677179035,0.03935428677179035,1.0,25,25
risk_on,low_value,20,2024,up,10,10,0,0,0.01627315513310757,0.02492421601800415,0.6,161,161
risk_on,low_value,20,2025,down,3,1,2,0,-0.0674268355845015,-0.0674268355845015,0.0,4,4
risk_on,low_value,20,2025,up,9,9,0,0,0.04048566556581502,0.0434302887034236,0.7777777777777778,156,156
risk_on,low_value,20,2026,down,4,3,1,0,-0.012629932147930067,-0.0217347189526388,0.3333333333333333,42,42
risk_on,low_value,20,2026,up,5,4,0,1,-0.003930850315549021,0.04008900573889495,0.75,65,79
risk_on,low_value,60,2023,down,2,1,1,0,0.2581785000005278,0.2581785000005278,1.0,5,5
risk_on,low_value,60,2023,up,10,10,0,0,0.061453092402118006,0.03822047491074415,0.6,140,140
risk_on,low_value,60,2024,down,2,2,0,0,0.05380776928780285,0.05380776928780285,1.0,25,25
risk_on,low_value,60,2024,up,10,10,0,0,0.018064820408805887,0.0468764046398133,0.6,161,161
risk_on,low_value,60,2025,down,3,1,2,0,0.0389031062171707,0.0389031062171707,1.0,4,4
risk_on,low_value,60,2025,up,9,9,0,0,0.09644507631096202,0.1152897915121143,0.8888888888888888,156,156
risk_on,low_value,60,2026,down,4,2,1,1,0.1091846405961602,0.1091846405961602,1.0,32,42
risk_on,low_value,60,2026,up,5,3,0,2,-0.024400641244228232,-0.0241570277591219,0.3333333333333333,53,79
risk_on,low_value,120,2023,down,2,1,1,0,0.3872159657674253,0.3872159657674253,1.0,5,5
risk_on,low_value,120,2023,up,10,10,0,0,0.16342609053772345,0.1436978983392407,1.0,140,140
risk_on,low_value,120,2024,down,2,2,0,0,0.0590500826520627,0.0590500826520627,0.5,25,25
risk_on,low_value,120,2024,up,10,10,0,0,0.07396704925825105,0.06802987532128625,0.8,161,161
risk_on,low_value,120,2025,down,3,1,2,0,0.0373602686483545,0.0373602686483545,1.0,4,4
risk_on,low_value,120,2025,up,9,9,0,0,0.27393695930299033,0.2419663117119338,1.0,156,156
risk_on,low_value,120,2026,down,4,2,1,1,0.1142492707472131,0.1142492707472131,1.0,32,42
risk_on,low_value,120,2026,up,5,0,0,5,,,,0,79
risk_on,momentum,20,2023,down,2,2,0,0,0.01721596878037705,0.01721596878037705,0.5,39,39
risk_on,momentum,20,2023,up,10,10,0,0,0.012692880888337288,0.013150972809213051,0.6,198,198
risk_on,momentum,20,2024,down,2,2,0,0,0.04694749646518365,0.04694749646518365,1.0,37,37
risk_on,momentum,20,2024,up,10,10,0,0,0.036729307367219015,0.02603081591753185,0.9,197,197
risk_on,momentum,20,2025,down,3,1,2,0,-0.0575413708701694,-0.0575413708701694,0.0,19,19
risk_on,momentum,20,2025,up,9,9,0,0,0.04192533409556112,0.0681083726803438,0.7777777777777778,182,182
risk_on,momentum,20,2026,down,4,3,1,0,-0.0079970957395853,-0.0253703422122173,0.3333333333333333,59,59
risk_on,momentum,20,2026,up,5,4,0,1,-0.0042544987021367,0.01834533238780055,0.75,80,104
risk_on,momentum,60,2023,down,2,2,0,0,0.14069072377732225,0.14069072377732225,1.0,39,39
risk_on,momentum,60,2023,up,10,10,0,0,0.05499970402279834,0.0744238804223551,0.6,198,198
risk_on,momentum,60,2024,down,2,2,0,0,0.08977878507554105,0.08977878507554105,1.0,37,37
risk_on,momentum,60,2024,up,10,10,0,0,0.06433428484429735,0.08199609428556359,0.8,197,197
risk_on,momentum,60,2025,down,3,1,2,0,0.0581902823405971,0.0581902823405971,1.0,19,19
risk_on,momentum,60,2025,up,9,9,0,0,0.11025904118139648,0.1510027695882961,0.7777777777777778,182,182
risk_on,momentum,60,2026,down,4,2,1,1,0.13636372223696108,0.13636372223696108,1.0,38,59
risk_on,momentum,60,2026,up,5,3,0,2,-0.047782408424191736,-0.0371099306054543,0.0,59,104
risk_on,momentum,120,2023,down,2,2,0,0,0.25465519402823955,0.25465519402823955,1.0,39,39
risk_on,momentum,120,2023,up,10,10,0,0,0.155965421303565,0.168154454504499,1.0,198,198
risk_on,momentum,120,2024,down,2,2,0,0,0.1283323251870223,0.1283323251870223,0.5,37,37
risk_on,momentum,120,2024,up,10,10,0,0,0.11602553943035547,0.12608907928525295,0.9,197,197
risk_on,momentum,120,2025,down,3,1,2,0,0.1513835153571347,0.1513835153571347,1.0,19,19
risk_on,momentum,120,2025,up,9,9,0,0,0.28311288551306685,0.2932774073382418,1.0,182,182
risk_on,momentum,120,2026,down,4,2,1,1,0.1940156865013858,0.1940156865013858,1.0,38,59
risk_on,momentum,120,2026,up,5,0,0,5,,,,0,104
risk_on,research_pool,20,2023,down,2,2,0,0,0.010419537535535955,0.010419537535535955,0.5,60,60
risk_on,research_pool,20,2023,up,10,10,0,0,0.011706050293490068,0.005199491618329301,0.5,300,300
risk_on,research_pool,20,2024,down,2,2,0,0,0.020721830284443903,0.020721830284443903,1.0,60,60
risk_on,research_pool,20,2024,up,10,10,0,0,0.025746236500600872,0.0298780207411559,0.7,300,300
risk_on,research_pool,20,2025,down,3,3,0,0,-0.0004050986333593021,-0.0014655043655149,0.3333333333333333,90,90
risk_on,research_pool,20,2025,up,9,9,0,0,0.024632475649859077,0.0377728752453001,0.7777777777777778,270,270
risk_on,research_pool,20,2026,down,4,4,0,0,0.00044162389984630027,-0.005874597477246951,0.5,120,120
risk_on,research_pool,20,2026,up,5,4,0,1,0.006526183637012375,0.0049560570912279,0.5,120,150
risk_on,research_pool,60,2023,down,2,2,0,0,0.1947374101710409,0.1947374101710409,1.0,60,60
risk_on,research_pool,60,2023,up,10,10,0,0,0.05058392459621395,0.008047606304430799,0.5,300,300
risk_on,research_pool,60,2024,down,2,2,0,0,0.05812551198871965,0.05812551198871965,1.0,60,60
risk_on,research_pool,60,2024,up,10,10,0,0,0.0625861511106685,0.08518477266634665,0.8,300,300
risk_on,research_pool,60,2025,down,3,3,0,0,0.13402233041059106,0.1726776238502129,1.0,90,90
risk_on,research_pool,60,2025,up,9,9,0,0,0.0516655224019589,0.0658962318347983,0.7777777777777778,270,270
risk_on,research_pool,60,2026,down,4,3,0,1,0.12531684558118705,0.1366102444360266,1.0,90,120
risk_on,research_pool,60,2026,up,5,3,0,2,0.03921110929057063,0.0168409926988488,1.0,90,150
risk_on,research_pool,120,2023,down,2,2,0,0,0.3324664240986628,0.3324664240986628,1.0,60,60
risk_on,research_pool,120,2023,up,10,10,0,0,0.14126138293221668,0.11415043972369976,1.0,300,300
risk_on,research_pool,120,2024,down,2,2,0,0,0.1197215424960601,0.1197215424960601,0.5,60,60
risk_on,research_pool,120,2024,up,10,10,0,0,0.12004836901825655,0.13478583109858383,0.9,300,300
risk_on,research_pool,120,2025,down,3,3,0,0,0.23345543905139862,0.250123539517518,1.0,90,90
risk_on,research_pool,120,2025,up,9,9,0,0,0.13892759267458588,0.1122600921713977,1.0,270,270
risk_on,research_pool,120,2026,down,4,3,0,1,0.16007026755927942,0.1344101675101518,1.0,90,120
risk_on,research_pool,120,2026,up,5,0,0,5,,,,0,150
