style,list_type,channel,n_dates,total_selected,avg_selected_per_date
risk_off,industry_trend,ai_enabler,45,420,9.333333333333334
risk_off,industry_trend,ai_peripheral,45,420,9.333333333333334
risk_off,industry_trend,core_ai,45,420,9.333333333333334
risk_off,low_value,ai_enabler,45,420,9.333333333333334
risk_off,low_value,ai_peripheral,45,384,8.533333333333333
risk_off,low_value,core_ai,45,320,7.111111111111111
risk_off,momentum,ai_enabler,45,420,9.333333333333334
risk_off,momentum,ai_peripheral,45,420,9.333333333333334
risk_off,momentum,core_ai,45,420,9.333333333333334
risk_off,research_pool,ai_enabler,45,450,10.0
risk_off,research_pool,ai_peripheral,45,450,10.0
risk_off,research_pool,core_ai,45,450,10.0
risk_on,industry_trend,ai_enabler,45,420,9.333333333333334
risk_on,industry_trend,ai_peripheral,45,420,9.333333333333334
risk_on,industry_trend,core_ai,45,420,9.333333333333334
risk_on,low_value,ai_enabler,45,383,8.511111111111111
risk_on,low_value,ai_peripheral,45,296,6.5777777777777775
risk_on,low_value,core_ai,45,307,6.822222222222222
risk_on,momentum,ai_enabler,45,420,9.333333333333334
risk_on,momentum,ai_peripheral,45,420,9.333333333333334
risk_on,momentum,core_ai,45,420,9.333333333333334
risk_on,research_pool,ai_enabler,45,450,10.0
risk_on,research_pool,ai_peripheral,45,450,10.0
risk_on,research_pool,core_ai,45,450,10.0
