scope,scope_value,list_type,channel,horizon_days,n_deciles,decile_spearman_return,decile_spearman_excess,top_minus_bottom_return,top_minus_bottom_excess,top3_minus_bottom3_excess,adjacent_up_ratio
all,ALL,low_value,core_ai,20,10,-0.28484848484848485,-0.28484848484848485,-0.02217348983433128,-0.022173489834331272,-0.0033315820041753706,0.4444444444444444
all,ALL,low_value,core_ai,60,10,-0.16363636363636364,-0.16363636363636364,-0.05905365526801467,-0.0590536552680147,-0.013121799641615306,0.4444444444444444
all,ALL,low_value,core_ai,120,10,-0.7454545454545455,-0.7454545454545455,-0.06848634337365538,-0.06848634337365536,-0.03434024317635092,0.5555555555555556
all,ALL,low_value,ai_enabler,20,10,0.47878787878787876,0.47878787878787876,0.0002584571843671276,0.0002584571843671198,0.005175113907451079,0.3333333333333333
all,ALL,low_value,ai_enabler,60,10,0.4666666666666667,0.4666666666666667,0.00417902777447221,0.004179027774472217,0.010462429458880415,0.5555555555555556
all,ALL,low_value,ai_enabler,120,10,0.8424242424242424,0.8424242424242424,0.03890012299973691,0.03890012299973689,0.02803546121258889,0.6666666666666666
all,ALL,low_value,ai_peripheral,20,10,0.696969696969697,0.696969696969697,0.006680083227654755,0.006680083227654758,0.0062113668611292906,0.4444444444444444
all,ALL,low_value,ai_peripheral,60,10,0.28484848484848485,0.28484848484848485,0.006621078178862136,0.006621078178862132,0.006311680601569732,0.5555555555555556
all,ALL,low_value,ai_peripheral,120,10,0.503030303030303,0.503030303030303,0.02924481164434274,0.02924481164434272,0.015692278133999142,0.6666666666666666
all,ALL,momentum,core_ai,20,10,0.3212121212121212,0.3212121212121212,0.01164936024008368,0.011649360240083671,0.0051752923783510985,0.5555555555555556
all,ALL,momentum,core_ai,60,10,0.15151515151515152,0.15151515151515152,0.013622572283570278,0.013622572283570299,0.00499733676744674,0.4444444444444444
all,ALL,momentum,core_ai,120,10,0.006060606060606061,0.006060606060606061,0.04615019992460631,0.04615019992460624,0.018032236832389366,0.5555555555555556
all,ALL,momentum,ai_enabler,20,10,0.9757575757575757,0.9757575757575757,0.01943153547038886,0.019431535470388867,0.012675288775816836,0.7777777777777778
all,ALL,momentum,ai_enabler,60,10,0.8424242424242424,0.8424242424242424,0.030785928426504447,0.030785928426504426,0.020130545234150338,0.7777777777777778
all,ALL,momentum,ai_enabler,120,10,0.8545454545454545,0.8545454545454545,0.1051495540541939,0.10514955405419392,0.06347400756374234,0.6666666666666666
all,ALL,momentum,ai_peripheral,20,10,0.8181818181818182,0.8181818181818182,0.01745307366845697,0.017453073668456977,0.009142633869657088,0.5555555555555556
all,ALL,momentum,ai_peripheral,60,10,0.45454545454545453,0.45454545454545453,0.014624703329833295,0.014624703329833295,0.008686382429768387,0.4444444444444444
all,ALL,momentum,ai_peripheral,120,10,0.793939393939394,0.793939393939394,0.0555552353685393,0.055555235368539305,0.04000629150566486,0.6666666666666666
all,ALL,low_value,ALL,20,10,-0.006060606060606061,-0.006060606060606061,-0.004359206266942196,-0.004359206266942197,0.003013259425356982,0.5555555555555556
all,ALL,low_value,ALL,60,10,0.04242424242424243,0.04242424242424243,-0.014237004846688224,-0.014237004846688205,0.0022489758582329815,0.5555555555555556
all,ALL,low_value,ALL,120,10,0.17575757575757575,0.17575757575757575,0.002263066585763779,0.0022630665857637823,0.0042663229310852605,0.6666666666666666
all,ALL,momentum,ALL,20,10,0.8909090909090909,0.8909090909090909,0.016177989792976497,0.016177989792976504,0.008997738341275008,0.6666666666666666
all,ALL,momentum,ALL,60,10,0.4666666666666667,0.4666666666666667,0.019677734679969333,0.01967773467996934,0.011271421477121821,0.5555555555555556
all,ALL,momentum,ALL,120,10,0.7454545454545455,0.7454545454545455,0.0689516631157798,0.06895166311577983,0.04050417863393218,0.7777777777777778
year,2023,low_value,core_ai,20,10,-0.15151515151515152,-0.15151515151515152,-0.023532125980289004,-0.023532125980289004,0.0027656123749374437,0.3333333333333333
year,2023,low_value,core_ai,60,10,0.07878787878787878,0.07878787878787878,-0.03228958352933228,-0.03228958352933227,0.016416932701558393,0.4444444444444444
year,2023,low_value,core_ai,120,10,0.3333333333333333,0.3333333333333333,0.06305033589288922,0.06305033589288925,0.03485719548582368,0.5555555555555556
year,2023,low_value,ai_enabler,20,10,0.6484848484848484,0.6484848484848484,0.009134639976259133,0.009134639976259124,0.012752798001460815,0.5555555555555556
year,2023,low_value,ai_enabler,60,10,0.503030303030303,0.503030303030303,0.0183134562113829,0.018313456211382882,0.025266410103133775,0.5555555555555556
year,2023,low_value,ai_enabler,120,10,0.7090909090909091,0.7090909090909091,0.061282422128833794,0.06128242212883377,0.054013041300700795,0.5555555555555556
year,2023,low_value,ai_peripheral,20,10,0.23636363636363636,0.23636363636363636,0.0011127248767582982,0.0011127248767583073,0.009058151247013802,0.6666666666666666
year,2023,low_value,ai_peripheral,60,10,-0.07878787878787878,-0.07878787878787878,-0.002005745525016922,-0.0020057455250169012,0.01027189767371417,0.5555555555555556
year,2023,low_value,ai_peripheral,120,10,0.47878787878787876,0.47878787878787876,0.033981705612079784,0.03398170561207982,0.03653766021983379,0.5555555555555556
year,2023,momentum,core_ai,20,10,0.06666666666666667,0.06666666666666667,0.012669277200425742,0.012669277200425736,-0.0032353318966983607,0.5555555555555556
year,2023,momentum,core_ai,60,10,-0.006060606060606061,-0.006060606060606061,0.017817423028041512,0.01781742302804151,-0.002261834200939228,0.5555555555555556
year,2023,momentum,core_ai,120,10,0.11515151515151516,0.11515151515151516,0.05382580274016488,0.05382580274016487,0.020227698420891567,0.5555555555555556
year,2023,momentum,ai_enabler,20,10,0.6242424242424243,0.6242424242424243,0.01847701603103561,0.01847701603103561,0.013294755006634181,0.6666666666666666
year,2023,momentum,ai_enabler,60,10,0.5636363636363636,0.5636363636363636,0.02946432011279483,0.029464320112794824,0.02763178840217528,0.6666666666666666
year,2023,momentum,ai_enabler,120,10,0.8424242424242424,0.8424242424242424,0.13724921369239812,0.13724921369239818,0.0767981345071082,0.7777777777777778
year,2023,momentum,ai_peripheral,20,10,0.6606060606060606,0.6606060606060606,0.022465822679445205,0.022465822679445212,0.008182354181328299,0.6666666666666666
year,2023,momentum,ai_peripheral,60,10,0.12727272727272726,0.12727272727272726,-0.006009992287445077,-0.00600999228744508,0.0014418054797232863,0.3333333333333333
year,2023,momentum,ai_peripheral,120,10,0.8545454545454545,0.8545454545454545,0.03426440504874323,0.0342644050487432,0.025927240623173142,0.6666666666666666
year,2023,low_value,ALL,20,10,0.18787878787878787,0.18787878787878787,-0.0018958140487374507,-0.0018958140487374524,0.008975122519472868,0.4444444444444444
year,2023,low_value,ALL,60,10,0.23636363636363636,0.23636363636363636,-0.0008097711495263296,-0.0008097711495263296,0.019029874725923032,0.5555555555555556
year,2023,low_value,ALL,120,10,0.5636363636363636,0.5636363636363636,0.05259450307221554,0.05259450307221557,0.04136980281057285,0.7777777777777778
year,2023,momentum,ALL,20,10,0.5393939393939394,0.5393939393939394,0.017870705303635517,0.01787070530363552,0.006080592430421373,0.7777777777777778
year,2023,momentum,ALL,60,10,0.3575757575757576,0.3575757575757576,0.013757250284463743,0.013757250284463764,0.008937253226986457,0.5555555555555556
year,2023,momentum,ALL,120,10,0.5878787878787879,0.5878787878787879,0.07511314049376874,0.07511314049376874,0.040984357850390965,0.7777777777777778
year,2024,low_value,core_ai,20,10,-0.22424242424242424,-0.22424242424242424,-0.047937332968186884,-0.04793733296818689,-0.014939853450717406,0.6666666666666666
year,2024,low_value,core_ai,60,10,-0.006060606060606061,-0.006060606060606061,-0.07125374036771419,-0.07125374036771417,-0.016726871814774998,0.6666666666666666
year,2024,low_value,core_ai,120,10,0.09090909090909091,0.09090909090909091,-0.07003087701469976,-0.07003087701469977,-0.010133981453033923,0.4444444444444444
year,2024,low_value,ai_enabler,20,10,-0.04242424242424243,-0.04242424242424243,-0.015882700336657174,-0.01588270033665718,-0.007345143044184857,0.4444444444444444
year,2024,low_value,ai_enabler,60,10,-0.11515151515151516,-0.11515151515151516,-0.013003408314535468,-0.013003408314535485,-0.011448458052633437,0.4444444444444444
year,2024,low_value,ai_enabler,120,10,0.12727272727272726,0.12727272727272726,0.03382229994925162,0.03382229994925162,3.655072885641597e-05,0.4444444444444444
year,2024,low_value,ai_peripheral,20,10,0.23636363636363636,0.23636363636363636,0.013057055343980373,0.013057055343980372,0.0027647536694660226,0.5555555555555556
year,2024,low_value,ai_peripheral,60,10,0.28484848484848485,0.28484848484848485,0.0352450804412386,0.035245080441238606,0.008612210828173095,0.6666666666666666
year,2024,low_value,ai_peripheral,120,10,0.2,0.2,0.07747415298490407,0.07747415298490405,0.01952310611584725,0.6666666666666666
year,2024,momentum,core_ai,20,10,-0.16363636363636364,-0.16363636363636364,-0.01582055116714453,-0.015820551167144533,-0.005241801188639154,0.5555555555555556
year,2024,momentum,core_ai,60,10,-0.22424242424242424,-0.22424242424242424,-0.03325975441111012,-0.0332597544111101,-0.026872131932040893,0.5555555555555556
year,2024,momentum,core_ai,120,10,-0.5636363636363636,-0.5636363636363636,-0.06373577504643546,-0.0637357750464355,-0.07500428345550732,0.4444444444444444
year,2024,momentum,ai_enabler,20,10,0.28484848484848485,0.28484848484848485,0.0059527769209410525,0.005952776920941058,0.0028818964602476964,0.6666666666666666
year,2024,momentum,ai_enabler,60,10,0.07878787878787878,0.07878787878787878,0.013969191949175452,0.013969191949175445,0.006556252820921401,0.5555555555555556
year,2024,momentum,ai_enabler,120,10,0.23636363636363636,0.23636363636363636,0.01578326429825326,0.015783264298253278,0.007959172657208363,0.6666666666666666
year,2024,momentum,ai_peripheral,20,10,0.8424242424242424,0.8424242424242424,0.025475198188577835,0.02547519818857784,0.016059721307141284,0.6666666666666666
year,2024,momentum,ai_peripheral,60,10,0.5515151515151515,0.5515151515151515,0.03679019814410837,0.03679019814410838,0.023578885028173596,0.4444444444444444
year,2024,momentum,ai_peripheral,120,10,0.9030303030303031,0.9030303030303031,0.05902882228893791,0.05902882228893788,0.04363650049900184,0.5555555555555556
year,2024,low_value,ALL,20,10,-0.17575757575757575,-0.17575757575757575,-0.01692099265362123,-0.016920992653621236,-0.006506747608478747,0.4444444444444444
year,2024,low_value,ALL,60,10,-0.16363636363636364,-0.16363636363636364,-0.01633735608033702,-0.016337356080337016,-0.006521039679745114,0.5555555555555556
year,2024,low_value,ALL,120,10,0.05454545454545454,0.05454545454545454,0.013755191973151976,0.013755191973151962,0.00314189179722325,0.5555555555555556
year,2024,momentum,ALL,20,10,0.3212121212121212,0.3212121212121212,0.0052024746474581204,0.005202474647458122,0.004566605526249946,0.4444444444444444
year,2024,momentum,ALL,60,10,0.06666666666666667,0.06666666666666667,0.005833211894057881,0.005833211894057907,0.0010876686390180364,0.5555555555555556
year,2024,momentum,ALL,120,10,-0.2606060606060606,-0.2606060606060606,0.003692103846918579,0.0036921038469185617,-0.007802870099765701,0.5555555555555556
year,2025,low_value,core_ai,20,10,-0.3090909090909091,-0.3090909090909091,-0.00039819252484887477,-0.00039819252484887824,-0.0054132487610492825,0.4444444444444444
year,2025,low_value,core_ai,60,10,-0.3696969696969697,-0.3696969696969697,-0.03793472336479195,-0.03793472336479195,-0.02439196275839066,0.4444444444444444
year,2025,low_value,core_ai,120,10,-0.4666666666666667,-0.4666666666666667,-0.09546219984850704,-0.09546219984850707,-0.09649988593708643,0.3333333333333333
year,2025,low_value,ai_enabler,20,10,0.5393939393939394,0.5393939393939394,0.007207588336215798,0.007207588336215798,0.008840792648001495,0.5555555555555556
year,2025,low_value,ai_enabler,60,10,0.4909090909090909,0.4909090909090909,0.03612921778897422,0.03612921778897424,0.028177088294495965,0.4444444444444444
year,2025,low_value,ai_enabler,120,10,0.3212121212121212,0.3212121212121212,0.0782754706155567,0.07827547061555672,0.048233106559035954,0.3333333333333333
year,2025,low_value,ai_peripheral,20,10,0.22424242424242424,0.22424242424242424,-0.005704764482602704,-0.005704764482602702,0.0018137898086777152,0.4444444444444444
year,2025,low_value,ai_peripheral,60,10,-0.16363636363636364,-0.16363636363636364,-0.03392949208997646,-0.03392949208997649,-0.008611741432093216,0.4444444444444444
year,2025,low_value,ai_peripheral,120,10,-0.2606060606060606,-0.2606060606060606,-0.03835563150816694,-0.03835563150816691,-0.013955497371375088,0.3333333333333333
year,2025,momentum,core_ai,20,10,0.7818181818181819,0.7818181818181819,0.02666202249765349,0.026662022497653478,0.0289699050677257,0.5555555555555556
year,2025,momentum,core_ai,60,10,0.4666666666666667,0.4666666666666667,0.08334688513287747,0.08334688513287745,0.06542424085448958,0.4444444444444444
year,2025,momentum,core_ai,120,10,0.3090909090909091,0.3090909090909091,0.15426400657699582,0.15426400657699585,0.12785662261902422,0.4444444444444444
year,2025,momentum,ai_enabler,20,10,0.8303030303030303,0.8303030303030303,0.036651750923007195,0.03665175092300719,0.02250741599371252,0.7777777777777778
year,2025,momentum,ai_enabler,60,10,0.8787878787878788,0.8787878787878788,0.07295454832981936,0.07295454832981936,0.046115246672952186,0.8888888888888888
year,2025,momentum,ai_enabler,120,10,0.9272727272727272,0.9272727272727272,0.17661190638225077,0.17661190638225077,0.12927015884135906,0.8888888888888888
year,2025,momentum,ai_peripheral,20,10,0.1393939393939394,0.1393939393939394,0.011903039123513483,0.01190303912351348,0.0033052378594443117,0.4444444444444444
year,2025,momentum,ai_peripheral,60,10,0.22424242424242424,0.22424242424242424,0.008047248951183097,0.008047248951183104,0.007623051092748235,0.5555555555555556
year,2025,momentum,ai_peripheral,120,10,0.5151515151515151,0.5151515151515151,0.07116922390936814,0.07116922390936811,0.05063285691229413,0.6666666666666666
year,2025,low_value,ALL,20,10,0.23636363636363636,0.23636363636363636,0.0003682104429214078,0.00036821044292140604,0.0017471112318766413,0.5555555555555556
year,2025,low_value,ALL,60,10,0.11515151515151516,0.11515151515151516,-0.011911665888598067,-0.011911665888598072,-0.0016088719653293043,0.4444444444444444
year,2025,low_value,ALL,120,10,-0.11515151515151516,-0.11515151515151516,-0.018514120247039106,-0.01851412024703908,-0.02074075891647518,0.3333333333333333
year,2025,momentum,ALL,20,10,0.8666666666666667,0.8666666666666667,0.025072270848058048,0.025072270848058055,0.018260852973627513,0.5555555555555556
year,2025,momentum,ALL,60,10,0.6727272727272727,0.6727272727272727,0.054782894137959975,0.054782894137959975,0.039720846206730005,0.5555555555555556
year,2025,momentum,ALL,120,10,0.8303030303030303,0.8303030303030303,0.1340150456228716,0.1340150456228716,0.10258654612422582,0.6666666666666666
year,2026,low_value,core_ai,20,10,0.3090909090909091,0.3090909090909091,-0.007173560409899721,-0.007173560409899721,0.010831843872412542,0.5555555555555556
year,2026,low_value,core_ai,60,10,-0.3333333333333333,-0.3333333333333333,-0.12553945831254623,-0.12553945831254615,-0.04100676487882869,0.3333333333333333
year,2026,low_value,core_ai,120,10,-0.5878787878787879,-0.5878787878787879,-0.5820232554858534,-0.5820232554858534,-0.21476679302344842,0.3333333333333333
year,2026,low_value,ai_enabler,20,10,0.28484848484848485,0.28484848484848485,0.002785369360238669,0.0027853693602386638,0.008411412034023976,0.5555555555555556
year,2026,low_value,ai_enabler,60,10,-0.07878787878787878,-0.07878787878787878,-0.05240613388949896,-0.052406133889498926,-0.007910311730925497,0.5555555555555556
year,2026,low_value,ai_enabler,120,10,-0.41818181818181815,-0.41818181818181815,-0.2618034715510319,-0.2618034715510319,-0.060824783145922795,0.5555555555555556
year,2026,low_value,ai_peripheral,20,10,0.6121212121212121,0.6121212121212121,0.02298481350157255,0.022984813501572544,0.01352189774596654,0.5555555555555556
year,2026,low_value,ai_peripheral,60,10,0.5878787878787879,0.5878787878787879,0.03972899017614556,0.039728990176145555,0.021132731151900862,0.5555555555555556
year,2026,low_value,ai_peripheral,120,10,0.23636363636363636,0.23636363636363636,0.049449615557100576,0.049449615557100535,0.01587389525477348,0.5555555555555556
year,2026,momentum,core_ai,20,10,0.17575757575757575,0.17575757575757575,0.03554554749536023,0.0355455474953602,0.0034590762655983148,0.4444444444444444
year,2026,momentum,core_ai,60,10,-0.06666666666666667,-0.06666666666666667,-0.02337611113454191,-0.023376111134541893,-0.021947736203742272,0.3333333333333333
year,2026,momentum,core_ai,120,10,0.3212121212121212,0.3212121212121212,0.11884339959555723,0.11884339959555713,0.013956660095581844,0.4444444444444444
year,2026,momentum,ai_enabler,20,10,0.6484848484848484,0.6484848484848484,0.0195739899474502,0.0195739899474502,0.014356123181254642,0.5555555555555556
year,2026,momentum,ai_enabler,60,10,-0.40606060606060607,-0.40606060606060607,-0.010019283881632885,-0.010019283881632889,-0.01726353945496378,0.4444444444444444
year,2026,momentum,ai_enabler,120,10,0.09090909090909091,0.09090909090909091,0.09143757312032827,0.09143757312032827,-0.012362501045332597,0.4444444444444444
year,2026,momentum,ai_peripheral,20,10,0.10303030303030303,0.10303030303030303,0.0030361969650463533,0.003036196965046361,0.007270100599980348,0.4444444444444444
year,2026,momentum,ai_peripheral,60,10,-0.22424242424242424,-0.22424242424242424,0.02410569401434157,0.024105694014341573,-0.007541976452255628,0.6666666666666666
year,2026,momentum,ai_peripheral,120,10,0.3333333333333333,0.3333333333333333,0.08438875306078027,0.08438875306078025,0.04956651580744677,0.6666666666666666
year,2026,low_value,ALL,20,10,0.5515151515151515,0.5515151515151515,0.006198874150637164,0.006198874150637167,0.01092171788413435,0.5555555555555556
year,2026,low_value,ALL,60,10,-0.06666666666666667,-0.06666666666666667,-0.04607220067529985,-0.04607220067529985,-0.009261448485951106,0.4444444444444444
year,2026,low_value,ALL,120,10,-0.6,-0.6,-0.26479237049326154,-0.26479237049326165,-0.0865725603048659,0.3333333333333333
year,2026,momentum,ALL,20,10,0.3212121212121212,0.3212121212121212,0.01938524480261892,0.019385244802618922,0.008361766682277767,0.6666666666666666
year,2026,momentum,ALL,60,10,-0.2606060606060606,-0.2606060606060606,-0.003096567000611068,-0.00309656700061107,-0.015584417370320566,0.3333333333333333
year,2026,momentum,ALL,120,10,0.3939393939393939,0.3939393939393939,0.09822324192555527,0.09822324192555523,0.01705355828589867,0.5555555555555556
regime,down,low_value,core_ai,20,10,0.16363636363636364,0.16363636363636364,-0.005145537607493953,-0.0051455376074939566,0.004342494975812336,0.3333333333333333
regime,down,low_value,core_ai,60,10,-0.5636363636363636,-0.5636363636363636,-0.155950750728724,-0.155950750728724,-0.05981062419321287,0.3333333333333333
regime,down,low_value,core_ai,120,10,-0.7818181818181819,-0.7818181818181819,-0.16204686361663867,-0.16204686361663861,-0.10402331813863187,0.3333333333333333
regime,down,low_value,ai_enabler,20,10,0.28484848484848485,0.28484848484848485,0.0033848869932697305,0.0033848869932697305,0.006211620121616655,0.4444444444444444
regime,down,low_value,ai_enabler,60,10,-0.22424242424242424,-0.22424242424242424,-0.043747023960609616,-0.04374702396060959,-0.014500925324980405,0.5555555555555556
regime,down,low_value,ai_enabler,120,10,-0.04242424242424243,-0.04242424242424243,-0.03114033798230488,-0.031140337982304922,0.007724391616417298,0.5555555555555556
regime,down,low_value,ai_peripheral,20,10,0.7575757575757576,0.7575757575757576,0.01237398182846761,0.012373981828467611,0.007655922884220441,0.5555555555555556
regime,down,low_value,ai_peripheral,60,10,0.3212121212121212,0.3212121212121212,0.009618873789815005,0.009618873789814991,0.004957851386777221,0.5555555555555556
regime,down,low_value,ai_peripheral,120,10,0.8545454545454545,0.8545454545454545,0.04167615091007777,0.04167615091007778,0.03331964381063907,0.6666666666666666
regime,down,momentum,core_ai,20,10,0.5272727272727272,0.5272727272727272,0.018732407429057758,0.018732407429057765,0.010599847155249037,0.6666666666666666
regime,down,momentum,core_ai,60,10,-0.06666666666666667,-0.06666666666666667,-0.03780790735491252,-0.03780790735491248,-0.0123211572925708,0.4444444444444444
regime,down,momentum,core_ai,120,10,-0.45454545454545453,-0.45454545454545453,-0.01650812372949262,-0.016508123729492688,-0.04124840889678352,0.4444444444444444
regime,down,momentum,ai_enabler,20,10,0.9030303030303031,0.9030303030303031,0.02913342231123666,0.029133422311236674,0.021498161133866173,0.6666666666666666
regime,down,momentum,ai_enabler,60,10,-0.04242424242424243,-0.04242424242424243,-0.010996656081956574,-0.010996656081956588,-0.00240511598265963,0.3333333333333333
regime,down,momentum,ai_enabler,120,10,0.40606060606060607,0.40606060606060607,0.05804366093091981,0.05804366093091984,0.0221844849300079,0.5555555555555556
regime,down,momentum,ai_peripheral,20,10,0.8424242424242424,0.8424242424242424,0.028434311710435516,0.028434311710435527,0.027053683498940453,0.5555555555555556
regime,down,momentum,ai_peripheral,60,10,0.40606060606060607,0.40606060606060607,0.013846703021570463,0.01384670302157047,0.031341391029840626,0.5555555555555556
regime,down,momentum,ai_peripheral,120,10,0.6606060606060606,0.6606060606060606,0.032100903873977626,0.03210090387397764,0.05104063767383521,0.6666666666666666
regime,down,low_value,ALL,20,10,0.6,0.6,0.0035377770714144566,0.0035377770714144635,0.006070012660549809,0.4444444444444444
regime,down,low_value,ALL,60,10,-0.5515151515151515,-0.5515151515151515,-0.06335963363317287,-0.06335963363317286,-0.023117899377138675,0.4444444444444444
regime,down,low_value,ALL,120,10,-0.40606060606060607,-0.40606060606060607,-0.05050368356295526,-0.05050368356295526,-0.020993094237191843,0.5555555555555556
regime,down,momentum,ALL,20,10,0.8909090909090909,0.8909090909090909,0.02543338048357665,0.025433380483576653,0.019717230596018556,0.7777777777777778
regime,down,momentum,ALL,60,10,0.09090909090909091,0.09090909090909091,-0.011652620138432851,-0.01165262013843287,0.005538372584870069,0.4444444444444444
regime,down,momentum,ALL,120,10,0.2727272727272727,0.2727272727272727,0.024545480358468236,0.024545480358468257,0.010658904569019861,0.5555555555555556
regime,up,low_value,core_ai,20,10,-0.3090909090909091,-0.3090909090909091,-0.02656780008641833,-0.026567800086418323,-0.005311988966752844,0.4444444444444444
regime,up,low_value,core_ai,60,10,-0.18787878787878787,-0.18787878787878787,-0.03644433299384917,-0.03644433299384917,-0.0022277405795758662,0.5555555555555556
regime,up,low_value,core_ai,120,10,-0.41818181818181815,-0.41818181818181815,-0.04422991219954858,-0.04422991219954859,-0.016274260778722526,0.3333333333333333
regime,up,low_value,ai_enabler,20,10,0.3575757575757576,0.3575757575757576,-0.000499465193548659,-0.0004994651935486647,0.0049238396737139685,0.4444444444444444
regime,up,low_value,ai_enabler,60,10,0.8303030303030303,0.8303030303030303,0.014662851591521364,0.01466285159152136,0.015923163317849966,0.6666666666666666
regime,up,low_value,ai_enabler,120,10,0.8545454545454545,0.8545454545454545,0.055806441167815954,0.05580644116781594,0.03293813318407859,0.8888888888888888
regime,up,low_value,ai_peripheral,20,10,0.5272727272727272,0.5272727272727272,0.005299744172912244,0.005299744172912245,0.005861171461592043,0.6666666666666666
regime,up,low_value,ai_peripheral,60,10,0.3333333333333333,0.3333333333333333,0.005965310388966187,0.005965310388966189,0.006607830742305585,0.5555555555555556
regime,up,low_value,ai_peripheral,120,10,0.3575757575757576,0.3575757575757576,0.026244143545717018,0.026244143545717018,0.011437396763775691,0.4444444444444444
regime,up,momentum,core_ai,20,10,0.17575757575757575,0.17575757575757575,0.009932257891241483,0.009932257891241471,0.003860248796072813,0.5555555555555556
regime,up,momentum,core_ai,60,10,0.09090909090909091,0.09090909090909091,0.024872989704488417,0.024872989704488414,0.008785757343075577,0.3333333333333333
regime,up,momentum,core_ai,120,10,0.15151515151515152,0.15151515151515152,0.06127462287559571,0.06127462287559568,0.03234135821529315,0.4444444444444444
regime,up,momentum,ai_enabler,20,10,0.806060606060606,0.806060606060606,0.01707956290291061,0.017079562902910607,0.010536410628410934,0.7777777777777778
regime,up,momentum,ai_enabler,60,10,0.9030303030303031,0.9030303030303031,0.039925868787730266,0.039925868787730266,0.025060221125327513,0.8888888888888888
regime,up,momentum,ai_enabler,120,10,0.9030303030303031,0.9030303030303031,0.116519942049467,0.11651994204946697,0.07344044406154031,0.7777777777777778
regime,up,momentum,ai_peripheral,20,10,0.4666666666666667,0.4666666666666667,0.014790955355250053,0.014790955355250055,0.004800561232255062,0.5555555555555556
regime,up,momentum,ai_peripheral,60,10,0.1393939393939394,0.1393939393939394,0.014794890897265791,0.014794890897265787,0.0037305992985025875,0.6666666666666666
regime,up,momentum,ai_peripheral,120,10,0.7454545454545455,0.7454545454545455,0.061216625729295565,0.06121662572929555,0.0373428286374858,0.7777777777777778
regime,up,low_value,ALL,20,10,-0.01818181818181818,-0.01818181818181818,-0.0062736264701801735,-0.0062736264701801735,0.0022722283380375093,0.5555555555555556
regime,up,low_value,ALL,60,10,0.17575757575757575,0.17575757575757575,-0.003491429799644695,-0.0034914297996446915,0.007797979815970532,0.5555555555555556
regime,up,low_value,ALL,120,10,0.3575757575757576,0.3575757575757576,0.014999868345799416,0.01499986834579941,0.01036342362687627,0.6666666666666666
regime,up,momentum,ALL,20,10,0.6121212121212121,0.6121212121212121,0.013934258716467376,0.013934258716467376,0.0063990735522462695,0.4444444444444444
regime,up,momentum,ALL,60,10,0.5151515151515151,0.5151515151515151,0.02653124979649482,0.026531249796494828,0.012525525922301894,0.3333333333333333
regime,up,momentum,ALL,120,10,0.7333333333333333,0.7333333333333333,0.07967039688478605,0.07967039688478607,0.04770821030477309,0.6666666666666666
