scope,scope_value,list_type,channel,horizon_days,n_dates,mean_ic,median_ic,positive_ic_ratio,t_stat,t_stat_nw
all,ALL,low_value,core_ai,20,39,0.006725287621129769,0.012903225806451613,0.5128205128205128,0.2525809095262528,0.2620816120124757
all,ALL,low_value,core_ai,60,37,0.0014023523123266302,0.010905642484589853,0.5675675675675675,0.06261362256584915,0.04852776643192237
all,ALL,low_value,core_ai,120,34,0.020787875104443323,0.010874641798768792,0.5294117647058824,0.8856493463437778,0.6414014758629343
all,ALL,low_value,ai_enabler,20,41,0.027486556423872134,0.034481216457960644,0.6097560975609756,1.750444368106296,1.9544323995991548
all,ALL,low_value,ai_enabler,60,39,0.04734015858917612,0.04041256708407871,0.717948717948718,3.7444053723449198,2.9002402202641204
all,ALL,low_value,ai_enabler,120,36,0.0738664115913451,0.059861999221747966,0.8611111111111112,6.11741226113482,4.2888913322310085
all,ALL,low_value,ai_peripheral,20,41,0.026836748307428566,0.008253631940528187,0.5121951219512195,1.328314687842583,1.4909586813403104
all,ALL,low_value,ai_peripheral,60,39,0.03225869959825701,0.03052781220383466,0.5897435897435898,2.0166502484868976,1.8224405986004562
all,ALL,low_value,ai_peripheral,120,36,0.057419333446888085,0.04571691567837431,0.6944444444444444,3.8303148467114787,3.0711032812816876
all,ALL,momentum,core_ai,20,41,0.03822916494729716,0.05728114051963306,0.6585365853658537,1.9273784726009906,1.8410880872557875
all,ALL,momentum,core_ai,60,39,0.044317133235351594,0.05347985347985348,0.6666666666666666,1.9292443569074142,1.4078597909995194
all,ALL,momentum,core_ai,120,36,0.066320062466575,0.05824011559829592,0.6111111111111112,2.8563433094035853,1.7980204005883438
all,ALL,momentum,ai_enabler,20,41,0.06166292537430421,0.042464553590880194,0.6829268292682927,3.81302826595279,3.60047026542762
all,ALL,momentum,ai_enabler,60,39,0.06709341097903844,0.06116108016142251,0.7692307692307693,4.211712950599951,3.221362412351969
all,ALL,momentum,ai_enabler,120,36,0.11863925292816162,0.12448850188316242,0.8611111111111112,7.224364873406563,4.73924859239985
all,ALL,momentum,ai_peripheral,20,41,0.06049657420333723,0.08514748793911306,0.7073170731707317,2.3418041047845604,2.844077010725583
all,ALL,momentum,ai_peripheral,60,39,0.04026404635451022,0.03442010235179116,0.5897435897435898,2.0996195043935897,2.1186172646824977
all,ALL,momentum,ai_peripheral,120,36,0.10154329742304878,0.10350835222886651,0.8888888888888888,6.8722354071407,6.814046578689449
all,ALL,low_value,ALL,20,41,0.02100140894972255,0.02564232622686928,0.5853658536585366,1.2682559728982576,1.4390402134978575
all,ALL,low_value,ALL,60,39,0.0296015050464752,0.02843520744095479,0.6410256410256411,2.367031937045929,2.102044442231642
all,ALL,low_value,ALL,120,36,0.05239995545091543,0.03899925442920918,0.7777777777777778,4.411162739222965,3.18656363783319
all,ALL,momentum,ALL,20,41,0.05346288817497954,0.05816861146225097,0.6829268292682927,3.1648203039706297,3.271857077302659
all,ALL,momentum,ALL,60,39,0.050558196856300086,0.058867559890952055,0.7435897435897436,3.218296734675957,2.56236402389742
all,ALL,momentum,ALL,120,36,0.09550087093926181,0.09493471258409628,0.8888888888888888,7.140057719820975,4.826127428768343
year,2023,low_value,core_ai,20,10,0.05224621668161965,0.042608695652173914,0.7,0.94471036410232,0.9170434848991996
year,2023,low_value,core_ai,60,10,0.014720014158038808,0.10392729864575909,0.6,0.23724474207428203,0.1829084680491572
year,2023,low_value,core_ai,120,10,0.08852341084423404,0.11841704493444731,0.7,1.6654721504944954,1.2331501817147217
year,2023,low_value,ai_enabler,20,12,0.057063142936042,0.04227833814475203,0.8333333333333334,2.285162783506839,2.3649922907063887
year,2023,low_value,ai_enabler,60,12,0.05890577845014496,0.046797121282627155,0.75,3.1701427949586263,2.7108792295052098
year,2023,low_value,ai_enabler,120,12,0.11009709747640879,0.10895605509875442,1.0,5.266737039608889,4.374722481284095
year,2023,low_value,ai_peripheral,20,12,0.03374095149023765,-0.007548556128820098,0.4166666666666667,0.6626098862126333,0.6588332231274625
year,2023,low_value,ai_peripheral,60,12,0.03290379365212858,0.017394875830095434,0.5833333333333334,0.8628593609899532,0.7642027607131383
year,2023,low_value,ai_peripheral,120,12,0.1086067076328731,0.11745693113728468,0.9166666666666666,5.211134464126687,7.109025529813461
year,2023,momentum,core_ai,20,12,0.007174716148994045,0.04434127208289239,0.5833333333333334,0.17314120581347506,0.19575479136113835
year,2023,momentum,core_ai,60,12,0.02040726530312526,0.047703956840667555,0.5833333333333334,0.49298459796566096,0.3607485759546002
year,2023,momentum,core_ai,120,12,0.10095900051881179,0.06102773463190742,0.5833333333333334,2.5682465102715617,1.6081908947690642
year,2023,momentum,ai_enabler,20,12,0.06591554379161021,0.030033803853416696,0.75,2.4613854204588175,2.7508023517912967
year,2023,momentum,ai_enabler,60,12,0.07660295086535025,0.08645082615721705,0.8333333333333334,3.471275888339108,4.55332746368278
year,2023,momentum,ai_enabler,120,12,0.16058487352851084,0.17368830857769996,1.0,7.564654057443183,5.649692654023577
year,2023,momentum,ai_peripheral,20,12,0.06985670007176355,0.08918391346108195,0.75,1.8739192592441276,3.2625057180424695
year,2023,momentum,ai_peripheral,60,12,0.013645599871327041,0.026312362910254083,0.5,0.3512846263190051,0.432452044080096
year,2023,momentum,ai_peripheral,120,12,0.07460150886967788,0.08769395467619404,0.8333333333333334,3.283307673864387,6.194922101308013
year,2023,low_value,ALL,20,12,0.04738174693166768,0.049779788380026654,0.6666666666666666,1.347819517054231,1.32467325654414
year,2023,low_value,ALL,60,12,0.04322357201053589,0.03259927247584145,0.6666666666666666,1.58096813277559,1.5015583554996765
year,2023,low_value,ALL,120,12,0.1037722328756978,0.10998090917957565,0.9166666666666666,4.902403995530948,4.104891579676284
year,2023,momentum,ALL,20,12,0.04764898667078926,0.04568716513962924,0.75,1.6654021688579232,2.532121926184373
year,2023,momentum,ALL,60,12,0.03688527201326752,0.06128211320602982,0.75,1.391555896682508,1.4482509343913659
year,2023,momentum,ALL,120,12,0.1120484609723335,0.10671068878470777,0.9166666666666666,5.152630452195738,3.6407609972082478
year,2024,low_value,core_ai,20,12,-0.012861477087769859,-0.03684903250832706,0.4166666666666667,-0.21544415981246606,-0.269266700506265
year,2024,low_value,core_ai,60,12,-8.56807364407348e-05,0.010642076431550115,0.5833333333333334,-0.002092553803801206,-0.0017261537902732876
year,2024,low_value,core_ai,120,12,0.021504337287329717,0.05111227479648532,0.6666666666666666,0.6387001641710645,0.5160581681483464
year,2024,low_value,ai_enabler,20,12,-0.011689361596301297,-0.04583203558522993,0.3333333333333333,-0.335656351887377,-0.6775285614927512
year,2024,low_value,ai_enabler,60,12,0.009143903627225036,0.0012506294125432223,0.6666666666666666,0.3943706288047525,0.4053596199716075
year,2024,low_value,ai_enabler,120,12,0.03126798468371339,0.021360439660854234,0.6666666666666666,2.076373782066026,2.337763087381457
year,2024,low_value,ai_peripheral,20,12,0.00848866188532555,0.02881095353921441,0.5833333333333334,0.3001913067537107,0.4744856394932302
year,2024,low_value,ai_peripheral,60,12,0.02980426856527993,0.06197207866764414,0.6666666666666666,1.1779811686448605,1.6559297910436521
year,2024,low_value,ai_peripheral,120,12,0.04216498258838237,0.03623532868921885,0.6666666666666666,1.6838364879593692,1.4542260520841979
year,2024,momentum,core_ai,20,12,0.02649479542199658,-0.0027127254356256393,0.5,0.6932870146766116,0.7476971956561504
year,2024,momentum,core_ai,60,12,0.020490978065238547,0.023838382214869603,0.6666666666666666,0.5715425903457487,0.5375930179487527
year,2024,momentum,core_ai,120,12,-0.014482819082975442,0.003728818624115544,0.5,-0.47111027353677404,-0.6389462221906091
year,2024,momentum,ai_enabler,20,12,0.04351490546168902,0.08012096335304161,0.5833333333333334,1.3150212664401675,1.2522409501879803
year,2024,momentum,ai_enabler,60,12,0.03052597928626329,0.04369489560003534,0.75,1.0343718463975344,0.8373043104754968
year,2024,momentum,ai_enabler,120,12,0.051123638125990224,0.0733733662720891,0.75,1.9811002184839257,1.786762600655494
year,2024,momentum,ai_peripheral,20,12,0.09866531641829739,0.12851066051478094,0.6666666666666666,1.8488618790542013,2.488285646736793
year,2024,momentum,ai_peripheral,60,12,0.06236445899677013,0.05216526657131025,0.6666666666666666,2.0941171478682254,2.2188531681355492
year,2024,momentum,ai_peripheral,120,12,0.10859921008421629,0.12261265097600589,0.8333333333333334,3.410127615399075,4.38901295273913
year,2024,low_value,ALL,20,12,-0.005354058932915201,-0.03389682267487565,0.4166666666666667,-0.15590765312276061,-0.2580619727519656
year,2024,low_value,ALL,60,12,0.012954163818688073,0.0036119172580048138,0.5,0.5923086713565184,0.6180823883723056
year,2024,low_value,ALL,120,12,0.03164576818647516,0.022493290128420933,0.75,2.3462554762738206,3.0428913457923157
year,2024,momentum,ALL,20,12,0.05622500576732767,0.08190630781543196,0.5833333333333334,1.6631566038507497,1.7534136185769924
year,2024,momentum,ALL,60,12,0.03779380544942399,0.03865123755189673,0.75,1.4331336187454793,1.287617550153843
year,2024,momentum,ALL,120,12,0.04841334304241035,0.07382607316879078,0.8333333333333334,2.697762139708352,2.9163159658769033
year,2025,low_value,core_ai,20,10,-0.016427543676425155,-0.02801948264863866,0.4,-0.3472684605824094,-0.37048099055109346
year,2025,low_value,core_ai,60,10,-0.014438470978788781,0.0009317460414914316,0.5,-0.4984459412393114,-0.4485890098830683
year,2025,low_value,core_ai,120,10,-0.015313367956759591,-0.03315152535672189,0.3,-0.46120288198456005,-0.7278662767909063
year,2025,low_value,ai_enabler,20,10,0.04542006968092109,0.05567514812704914,0.7,1.6493654043318402,1.6661893684922542
year,2025,low_value,ai_enabler,60,10,0.08410997167559452,0.1263855891011335,0.7,2.8055792462469946,2.158575629189374
year,2025,low_value,ai_enabler,120,10,0.10023271876164126,0.10744106876225047,1.0,5.27461088622624,6.754054581459568
year,2025,low_value,ai_peripheral,20,10,0.034237878516379466,0.03575779300579729,0.6,1.1075323343654484,1.5539903280534164
year,2025,low_value,ai_peripheral,60,10,0.01487094185359586,0.0019908022479639595,0.5,0.6710181646161575,0.5895970925235802
year,2025,low_value,ai_peripheral,120,10,0.009762590616000863,-0.008158734692667619,0.5,0.37715232966328543,0.3224455343714471
year,2025,momentum,core_ai,20,10,0.10661871370893583,0.0931123574972208,0.9,3.722124760978721,4.27970628564701
year,2025,momentum,core_ai,60,10,0.11259610556756265,0.134121896249318,0.8,2.5385903768400886,2.110038645015942
year,2025,momentum,core_ai,120,10,0.11954207212807014,0.17487841126923878,0.8,2.467949093759484,1.8955582624410963
year,2025,momentum,ai_enabler,20,10,0.09568434692793829,0.08706399852033547,0.8,2.792153277774444,3.177166556986411
year,2025,momentum,ai_enabler,60,10,0.12507547336780855,0.12960014617639704,1.0,4.9384137483804595,3.68973704106755
year,2025,momentum,ai_enabler,120,10,0.16152681474947045,0.17881877690632525,0.9,5.908946379809914,5.21422258812311
year,2025,momentum,ai_peripheral,20,10,0.038086086088990154,0.09814879604671964,0.8,0.6051418443775572,0.7687850902683087
year,2025,momentum,ai_peripheral,60,10,0.06081385418659123,0.05359146364426457,0.7,2.3138294982475216,2.92117863080976
year,2025,momentum,ai_peripheral,120,10,0.12726308809472156,0.13781579170010946,1.0,5.059628767024645,7.340679051945572
year,2025,low_value,ALL,20,10,0.02107680150695847,0.03278553382660075,0.8,0.8068105126825913,0.8136673399631256
year,2025,low_value,ALL,60,10,0.028180814183467195,0.05270898580842151,0.7,1.170373640375254,0.975561740574882
year,2025,low_value,ALL,120,10,0.031560647140294176,0.00922713351586351,0.7,1.548104508462372,1.9912753187182715
year,2025,momentum,ALL,20,10,0.0801297155752881,0.09133016479161715,0.7,2.2204694143367893,2.6399992284540037
year,2025,momentum,ALL,60,10,0.09949514437398747,0.09575307066309721,0.9,4.636213216842531,3.6075312050695043
year,2025,momentum,ALL,120,10,0.13611065832408736,0.1633889064979297,0.9,5.083845707161464,4.528872366319781
year,2026,low_value,core_ai,20,7,0.008348173175050605,0.01761965028531602,0.5714285714285714,0.20039942127832452,0.25724919256185125
year,2026,low_value,core_ai,60,5,0.010019954520174791,0.00976889990522709,0.6,0.31537164707542675,0.32815649177279166
year,2026,low_value,core_ai,120,2,-0.14168236138581405,-0.14168236138581405,0.0,,
year,2026,low_value,ai_enabler,20,7,0.018323248641808326,0.011824274376572762,0.5714285714285714,0.4807596615842628,0.5110492628109582
year,2026,low_value,ai_enabler,60,5,0.03771405665869668,0.03492838645858577,0.8,2.1142715042622493,2.667860000979651
year,2026,low_value,ai_enabler,120,2,-0.019758678124727237,-0.019758678124727237,0.5,,
year,2026,low_value,ai_peripheral,20,7,0.0358817907048597,-0.006621162154561955,0.42857142857142855,0.6452970147994439,1.0428248934269442
year,2026,low_value,ai_peripheral,60,5,0.07137662383743255,0.060430430320759336,0.6,1.4598959113370344,3.7774709245529112
year,2026,low_value,ai_peripheral,120,2,0.08010490763644845,0.08010490763644845,0.5,,
year,2026,momentum,core_ai,20,7,0.013882069556848254,0.05775020479721163,0.7142857142857143,0.3036748893840706,0.27566155223573174
year,2026,momentum,core_ai,60,5,0.02232564401654395,0.007586942257217848,0.6,0.2609501354644539,0.24594598680792917
year,2026,momentum,core_ai,120,2,0.07719367514298119,0.07719367514298119,0.5,,
year,2026,momentum,ai_enabler,20,7,0.03688158286107137,0.015733098724226558,0.5714285714285714,0.9451303129985205,0.9622294476238691
year,2026,momentum,ai_enabler,60,5,0.016068226537010212,-0.02427520835691117,0.2,0.26179324341356525,0.291248631665473
year,2026,momentum,ai_enabler,120,2,0.05762140903255046,0.05762140903255046,0.5,,
year,2026,momentum,ai_peripheral,20,7,0.01103349765231341,0.051907622333463715,0.5714285714285714,0.19253335065590396,0.21456917689847455
year,2026,momentum,ai_peripheral,60,5,0.010007711908564015,-0.05889086842803533,0.4,0.11817846978594111,0.11859843655697219
year,2026,momentum,ai_peripheral,120,2,0.09225959941790551,0.09225959941790551,1.0,,
year,2026,low_value,ALL,20,7,0.020851070840572878,-0.01653989938436121,0.42857142857142855,0.5880907753292626,0.7990682986406382
year,2026,low_value,ALL,60,5,0.03970354500543467,0.02527108736803806,0.8,1.640978639710085,2.2605378517623573
year,2026,low_value,ALL,120,2,-0.027112043958030945,-0.027112043958030945,0.5,,
year,2026,momentum,ALL,20,7,0.020599050023411013,0.01382453171249415,0.7142857142857143,0.48196360932755344,0.4673435825908509
year,2026,momentum,ALL,60,5,0.01613386082070607,-0.05388873966050486,0.4,0.2219488914700976,0.21275963888847882
year,2026,momentum,ALL,120,2,0.07569156119781237,0.07569156119781237,1.0,,
regime,down,low_value,core_ai,20,8,0.022488795225008032,0.015287557936180278,0.625,0.48862020973506354,0.5986759263581535
regime,down,low_value,core_ai,60,7,-0.04634036686209618,-0.08555349870418363,0.42857142857142855,-0.6840338998240694,-1.1989920831345642
regime,down,low_value,core_ai,120,7,-0.03997272081863281,-0.03363783829932553,0.2857142857142857,-0.9457127448954866,-1.20284815274656
regime,down,low_value,ai_enabler,20,8,0.027722539996701823,0.02529313973664652,0.5,0.7707652966421921,0.7805893082405994
regime,down,low_value,ai_enabler,60,7,0.02803993042542119,-0.003141485458739084,0.42857142857142855,0.8365477954082063,1.3906253540246414
regime,down,low_value,ai_enabler,120,7,0.0534992907468824,0.05927360774818402,0.7142857142857143,2.037633646116757,2.262114672703779
regime,down,low_value,ai_peripheral,20,8,0.0032938839039114536,-0.001826056963206315,0.375,0.07664806508829064,0.09134022265745916
regime,down,low_value,ai_peripheral,60,7,0.02949796704541475,0.0042619394563562065,0.5714285714285714,0.7430729160580664,1.2465344306927368
regime,down,low_value,ai_peripheral,120,7,0.07596463487081351,0.12012402137953236,0.7142857142857143,2.050694600890548,2.5659049865874723
regime,down,momentum,core_ai,20,8,0.05696259280598892,0.07317298404207011,0.875,1.3364233207602838,1.6984923368398372
regime,down,momentum,core_ai,60,7,0.011749019344959337,0.10461156099359543,0.5714285714285714,0.14930589388482,0.16821085082920373
regime,down,momentum,core_ai,120,7,0.00649079097219553,-0.017848120280216855,0.42857142857142855,0.14216821777476352,0.29906512846753047
regime,down,momentum,ai_enabler,20,8,0.1086872823416211,0.10350661377954382,0.75,2.7985542863223336,3.3071873279452415
regime,down,momentum,ai_enabler,60,7,0.038594919438706916,0.0035369362891156165,0.5714285714285714,0.9623797489833815,1.1501210533797717
regime,down,momentum,ai_enabler,120,7,0.06533138337201765,0.06776317391367867,0.7142857142857143,1.9302265149581135,3.038536856123328
regime,down,momentum,ai_peripheral,20,8,0.132058549348348,0.1428060032978502,0.875,2.7696110936633396,4.9709531096551896
regime,down,momentum,ai_peripheral,60,7,0.06487780959502014,0.1597885183441072,0.5714285714285714,1.0274834473496735,0.8687840574932362
regime,down,momentum,ai_peripheral,120,7,0.08365970093035792,0.09670012136156113,0.8571428571428571,2.4241923340261082,5.335494257041369
regime,down,low_value,ALL,20,8,0.01783507304187377,0.018577669538417343,0.5,0.5799242603870404,0.6913352754739476
regime,down,low_value,ALL,60,7,0.003732510202913246,-0.02894992509182862,0.42857142857142855,0.09476123677245736,0.19092093016231548
regime,down,low_value,ALL,120,7,0.02983040159968769,0.026093859507362604,0.7142857142857143,1.205960941061912,1.6377428196031734
regime,down,momentum,ALL,20,8,0.09923614149865267,0.12393221452043328,0.875,2.5229874968422528,3.7833849609246926
regime,down,momentum,ALL,60,7,0.03840724945956213,0.05159733768334992,0.5714285714285714,0.7226301846969405,0.6978598098032038
regime,down,momentum,ALL,120,7,0.05182729175819036,0.06597761767217562,0.7142857142857143,1.9139728367151851,3.688809768639425
regime,up,low_value,core_ai,20,31,0.0026572856588386005,-0.023891402714932126,0.4838709677419355,0.08405109286425826,0.08761125266347626
regime,up,low_value,core_ai,60,30,0.012542320119691959,0.011181895448133625,0.6,0.5480077095075654,0.47156365902414427
regime,up,low_value,core_ai,120,27,0.0365406221956112,0.047889995258416314,0.5925925925925926,1.3549343496411939,1.0216402324295646
regime,up,low_value,ai_enabler,20,33,0.027429348285004332,0.034481216457960644,0.6363636363636364,1.5471147105370728,1.9575951445932116
regime,up,low_value,ai_enabler,60,32,0.051562083499997496,0.04164612858113829,0.78125,3.7602836198928022,2.908125411669139
regime,up,low_value,ai_enabler,120,29,0.07878261317449128,0.060450390695311905,0.896551724137931,5.774350806443406,3.8943564298467144
regime,up,low_value,ai_peripheral,20,33,0.03254410937494785,0.03131071826724001,0.5454545454545454,1.4125962533808172,1.5283600881328847
regime,up,low_value,ai_peripheral,60,32,0.03286260984419126,0.042357382246026386,0.59375,1.8501803578162428,1.552481109177475
regime,up,low_value,ai_peripheral,120,29,0.05294288137904402,0.04437782871921472,0.6896551724137931,3.19809904794492,2.517202870956174
regime,up,momentum,core_ai,20,33,0.033687727890644614,0.05728114051963306,0.6060606060606061,1.4897517658364996,1.379966022371405
regime,up,momentum,core_ai,60,32,0.0514414081488749,0.05086000955566173,0.6875,2.262323102597719,1.8099971944472457
regime,up,momentum,core_ai,120,29,0.08076161075832175,0.06555140422316444,0.6551724137931034,3.0736261851994326,1.9258879101416406
regime,up,momentum,ai_enabler,20,33,0.05026308126101528,0.02229787781200138,0.6666666666666666,2.876395353363727,2.8868227044994312
regime,up,momentum,ai_enabler,60,32,0.07332745600348596,0.07341394949798814,0.8125,4.205315437344469,3.309454084126816
regime,up,momentum,ai_enabler,120,29,0.13150666971757569,0.13886307689799646,0.896551724137931,7.25226862595709,4.385902484351683
regime,up,momentum,ai_peripheral,20,33,0.043148216592425535,0.07597201560049857,0.6666666666666666,1.4648286873341865,1.8900974561545913
regime,up,momentum,ai_peripheral,60,32,0.03487978564564867,0.03142510493933644,0.59375,1.8002517924741628,1.5854524564723118
regime,up,momentum,ai_peripheral,120,29,0.10586002761093971,0.11545240105611623,0.896551724137931,6.398060114062678,5.735980954055774
regime,up,low_value,ALL,20,33,0.021769005533443467,0.02564232622686928,0.6060606060606061,1.1232411256110677,1.3346290321498178
regime,up,low_value,ALL,60,32,0.03526034766850439,0.02948145568417343,0.6875,2.7685833247199114,2.5047394412356114
regime,up,low_value,ALL,120,29,0.05784777879431523,0.04214448483120844,0.7931034482758621,4.289570177985536,3.077660083763668
regime,up,momentum,ALL,20,33,0.04236634191469514,0.04837224418444078,0.6363636363636364,2.2928391936283377,2.482223228128514
regime,up,momentum,ALL,60,32,0.053216216599336515,0.06293255353202638,0.78125,3.3804240711414337,2.877078742684141
regime,up,momentum,ALL,120,29,0.10604276936227905,0.10389664837056374,0.9310344827586207,7.161359626208319,4.4351341463805465
