year,exclusion_reason,n_cases,n_mature,n_winners_vs_qqq,winner_rate,avg_forward_return,avg_excess_vs_qqq,median_excess_vs_qqq
2023,hard:max_range_position_52w,93,93,50,0.5376344086021505,0.19365388258457264,0.045839975944280714,0.007793161520112113
2023,hard:min_drawdown_from_52w_high,50,50,32,0.64,0.19794155650604608,0.06245139955535443,0.041063920292643157
2023,hard:max_price_to_sma200,42,42,22,0.5238095238095238,0.19381834624177502,0.02164039194454856,0.01705365512771661
2023,below_top_n,12,12,1,0.08333333333333333,0.13930406685100352,-0.08839199147446658,-0.0600365278641517
2023,group_cap,4,4,0,0.0,0.09480458288124385,-0.15936247325660025,-0.1330130796837092
2025,hard:max_range_position_52w,96,96,67,0.6979166666666666,0.27711190979814143,0.18521910587273224,0.088189546945865
2025,hard:max_price_to_sma200,54,54,36,0.6666666666666666,0.3339634846847013,0.24348067888043695,0.18956091837020964
2025,hard:min_drawdown_from_52w_high,48,48,29,0.6041666666666666,0.32216595835277634,0.2293491905363206,0.0921476143967006
2025,group_cap,7,7,4,0.5714285714285714,0.32863572063124985,0.2191997319529095,0.21835943402936578
2025,below_top_n,6,6,5,0.8333333333333334,0.2234996628784105,0.09562182310013219,0.0917916807852821
ALL,hard:max_range_position_52w,189,189,117,0.6190476190476191,0.23604526148670285,0.1166357244793672,0.04328032343491012
ALL,hard:min_drawdown_from_52w_high,98,98,61,0.6224489795918368,0.25878616149219963,0.14419725636235825,0.0504609912564464
ALL,hard:max_price_to_sma200,96,96,58,0.6041666666666666,0.27264998661592105,0.1464255533459858,0.06422637653651495
ALL,below_top_n,18,18,6,0.3333333333333333,0.16736926552680587,-0.027054053282933657,-0.032977172515814945
ALL,group_cap,11,11,4,0.36363636363636365,0.243606215994884,0.0815407482403605,-0.010037545572666298
