signal_date,year,horizon_days,risk_on_only_n,risk_off_only_n,risk_on_only_n_mature,risk_off_only_n_mature,risk_on_only_avg_return,risk_off_only_avg_return,risk_on_minus_risk_off_only_return
2023-01-31,2023,20,13,18,13,18,0.010394385144529884,-0.008191083437694624,0.018585468582224506
2023-01-31,2023,60,13,18,13,18,-0.0376300707961672,-0.023210140303379905,-0.014419930492787298
2023-01-31,2023,120,13,18,13,18,0.13596986719671084,0.15980634864839252,-0.023836481451681685
2023-02-28,2023,20,7,19,7,19,-0.04313103690699886,-0.02376148705485706,-0.0193695498521418
2023-02-28,2023,60,7,19,7,19,-0.09647840177181918,-0.003866616027417545,-0.09261178574440164
2023-02-28,2023,120,7,19,7,19,0.07004937079469585,0.09337221471872514,-0.023322843924029293
2023-03-31,2023,20,9,14,9,14,-0.015562720059470812,-0.040535125170746776,0.024972405111275964
2023-03-31,2023,60,9,14,9,14,0.1260509311740957,0.04368496041638868,0.082365970757707
2023-03-31,2023,120,9,14,9,14,0.11222143418465717,0.017791917389342594,0.09442951679531458
2023-04-28,2023,20,3,19,3,19,0.09006545553664837,0.05933626522856655,0.03072919030808182
2023-04-28,2023,60,3,19,3,19,0.1870191892988999,0.14654644238908396,0.04047274690981595
2023-04-28,2023,120,3,19,3,19,0.17424481064282027,0.09103740371404517,0.0832074069287751
2023-05-31,2023,20,12,11,12,11,0.05774741746821752,0.11668502855675716,-0.05893761108853964
2023-05-31,2023,60,12,11,12,11,0.05923034072923414,0.10124640523658841,-0.042016064507354275
2023-05-31,2023,120,12,11,12,11,0.1339097259694588,0.10330580753062049,0.030603918438838307
2023-06-30,2023,20,15,7,15,7,0.04640973371304908,0.014392192558171328,0.03201754115487775
2023-06-30,2023,60,15,7,15,7,-0.054567625915301794,-0.08364191340873876,0.02907428749343697
2023-06-30,2023,120,15,7,15,7,0.08413528596810965,0.04383817777040041,0.04029710819770924
2023-07-31,2023,20,16,9,16,9,-0.03250766448788218,-0.05020321386492247,0.017695549377040293
2023-07-31,2023,60,16,9,16,9,-0.09864348702580966,-0.08655099453079743,-0.012092492495012236
2023-07-31,2023,120,16,9,16,9,0.08122547856844375,0.0903203298320907,-0.009094851263646953
2023-08-31,2023,20,12,15,12,15,-0.08864836420889365,-0.07062026294203871,-0.018028101266854932
2023-08-31,2023,60,12,15,12,15,0.009303883284038634,-0.02821404359813081,0.03751792688216944
2023-08-31,2023,120,12,15,12,15,0.22963668650181435,0.09534472553012113,0.13429196097169321
2023-09-29,2023,20,0,13,0,13,,-0.04888484489050009,
2023-09-29,2023,60,0,13,0,13,,0.1180882930921031,
2023-09-29,2023,120,0,13,0,13,,0.22587294056232046,
2023-10-31,2023,20,3,18,3,18,0.10322258257772833,0.07700946028214133,0.026213122295587005
2023-10-31,2023,60,3,18,3,18,0.28269335993919903,0.19259426210432368,0.09009909783487535
2023-10-31,2023,120,3,18,3,18,0.49895856124910803,0.26939567948641563,0.2295628817626924
2023-11-30,2023,20,12,16,12,16,0.0822291316499738,0.06711824289293841,0.015110888757035382
2023-11-30,2023,60,12,16,12,16,0.25362251064562225,0.10362835290859226,0.14999415773702998
2023-11-30,2023,120,12,16,12,16,0.34152097507652407,0.18728374910785597,0.1542372259686681
2023-12-29,2023,20,16,13,16,13,0.08346440547907802,-0.0195820779289632,0.10304648340804122
2023-12-29,2023,60,16,13,16,13,0.2377746169816579,0.012001594814609733,0.22577302216704814
2023-12-29,2023,120,16,13,16,13,0.2759786897363934,-0.047072013425562616,0.323050703161956
2025-01-31,2025,20,12,16,12,16,-0.07428887345140424,-0.05484033169739765,-0.019448541754006586
2025-01-31,2025,60,12,16,12,16,-0.10990662189982026,-0.04529480684455415,-0.06461181505526611
2025-01-31,2025,120,12,16,12,16,0.07033205769448016,0.22845838880026972,-0.15812633110578955
2025-02-28,2025,20,4,19,4,19,-0.06742683558450155,-0.07052318150876835,0.0030963459242668023
2025-02-28,2025,60,4,19,4,19,0.038903106217170795,0.03149583347662583,0.007407272740544965
2025-02-28,2025,120,4,19,4,19,0.037360268648354546,0.18428105794629132,-0.14692078929793678
2025-03-31,2025,20,0,0,0,0,,,
2025-03-31,2025,60,0,0,0,0,,,
2025-03-31,2025,120,0,0,0,0,,,
2025-04-30,2025,20,0,0,0,0,,,
2025-04-30,2025,60,0,0,0,0,,,
2025-04-30,2025,120,0,0,0,0,,,
2025-05-30,2025,20,14,15,14,15,0.12085077709878365,0.10025415262807931,0.020596624470704344
2025-05-30,2025,60,14,15,14,15,0.19051286329546152,0.15545047294739572,0.0350623903480658
2025-05-30,2025,120,14,15,14,15,0.1976751913060749,0.3060231794542613,-0.10834798814818639
2025-06-30,2025,20,12,11,12,11,0.02365697403614622,0.049270491026086376,-0.025613516989940157
2025-06-30,2025,60,12,11,12,11,0.08885366541689121,0.15151125112508554,-0.06265758570819432
2025-06-30,2025,120,12,11,12,11,0.07895732138224758,0.27573716049908464,-0.19677983911683705
2025-07-31,2025,20,12,11,12,11,0.03477985116283359,0.017944208228899357,0.01683564293393423
2025-07-31,2025,60,12,11,12,11,0.158235592068114,0.08667197044141219,0.07156362162670181
2025-07-31,2025,120,12,11,12,11,0.23929633863193986,0.20922775839528993,0.030068580236649933
2025-08-29,2025,20,11,13,11,13,0.1004153528804245,0.027836627805826294,0.0725787250745982
2025-08-29,2025,60,11,13,11,13,0.15822107897323676,-0.022302843292186805,0.18052392226542358
2025-08-29,2025,120,11,13,11,13,0.3103367887874144,-0.036483128675580005,0.3468199174629944
2025-09-30,2025,20,17,14,17,14,0.08058085678686101,0.020995778780333013,0.059585078006528
2025-09-30,2025,60,17,14,17,14,0.12901047038118701,0.013643844998416033,0.11536662538277098
2025-09-30,2025,120,17,14,17,14,0.29099573090427927,-0.04776625756948342,0.3387619884737627
2025-10-31,2025,20,18,15,18,15,-0.028770251798537823,-0.030134202969992866,0.0013639511714550433
2025-10-31,2025,60,18,15,18,15,0.1750129561849708,-0.007479979632559397,0.1824929358175302
2025-10-31,2025,120,18,15,18,15,0.36027802996959835,-0.056914696220886817,0.41719272619048514
2025-11-28,2025,20,15,12,15,12,0.03511501863548707,0.0032294965936173984,0.031885522041869674
2025-11-28,2025,60,15,12,15,12,0.15764037064378356,0.022911262901354548,0.13472910774242902
2025-11-28,2025,120,15,12,15,12,0.4400351912139293,0.17003279507524358,0.2700023961386857
2025-12-31,2025,20,10,15,10,15,0.11807702193983634,0.030485258326888465,0.08759176361294788
2025-12-31,2025,60,10,15,10,15,0.0443651375997797,-0.03889671853706534,0.08326185613684503
2025-12-31,2025,120,10,15,10,15,0.6974782652284771,0.1073551609428366,0.5901231042856405
