year,soft_step,n_cases,n_mature,n_winners_vs_qqq,winner_rate,avg_excess_vs_qqq
2023,max_ps_hist_percentile,128,128,53,0.4140625,-0.007954647327329912
2023,max_pe_hist_percentile,89,89,45,0.5056179775280899,0.02893942374318097
2023,min_avg_dollar_volume_20d,58,58,27,0.46551724137931033,0.04071016637610678
2023,max_20d_return,46,46,26,0.5652173913043478,0.003500515059335463
2023,min_value_discount_any,63,63,22,0.3492063492063492,-0.045798978434864884
2023,min_net_income_yoy,32,32,18,0.5625,0.01652751592437794
2023,min_interest_coverage,28,28,16,0.5714285714285714,0.15246416513975727
2023,max_ev_to_ebit,38,38,14,0.3684210526315789,-0.03785524433881205
2023,min_expectation_proxy,22,22,12,0.5454545454545454,0.040081234783633485
2023,max_ps_percentile_in_sic,34,34,11,0.3235294117647059,-0.04602162034670885
2023,min_current_ratio,21,21,11,0.5238095238095238,-0.029980868212259232
2023,max_net_debt_to_ebitda,17,17,9,0.5294117647058824,0.26256168430716176
2023,min_ocf_to_net_income,14,14,6,0.42857142857142855,-0.05215616484102096
2023,max_pe_percentile_in_sic,24,24,5,0.20833333333333334,-0.08334100665274848
2023,min_net_margin,4,4,4,1.0,0.10065482749958504
2023,max_shares_yoy,4,4,2,0.5,0.01698489639719694
2023,min_fcf_yield,2,2,2,1.0,0.10644708695055963
2023,min_ebit,3,3,1,0.3333333333333333,-0.11321706606477148
2023,positive_ebit,3,3,1,0.3333333333333333,-0.11321706606477148
2023,max_accrual_ratio,1,1,1,1.0,0.02011456757585678
2023,min_revenue_yoy,1,1,1,1.0,0.1681847895430948
2025,max_ps_hist_percentile,186,186,124,0.6666666666666666,0.20207015757244784
2025,max_pe_hist_percentile,137,137,99,0.7226277372262774,0.2530317823747016
2025,min_value_discount_any,80,80,55,0.6875,0.18894567880910118
2025,max_20d_return,60,60,50,0.8333333333333334,0.3974999087657761
2025,max_ev_to_ebit,50,50,35,0.7,0.14189417144900102
2025,min_avg_dollar_volume_20d,34,34,24,0.7058823529411765,0.11302511549769965
2025,min_expectation_proxy,25,25,17,0.68,0.13134633268248183
2025,min_net_income_yoy,25,25,17,0.68,0.07581781016776472
2025,min_interest_coverage,15,15,13,0.8666666666666667,0.26841354515223753
2025,min_current_ratio,21,21,12,0.5714285714285714,0.04369020770344445
2025,max_shares_yoy,15,15,12,0.8,0.4050553037190291
2025,max_ps_percentile_in_sic,26,26,11,0.4230769230769231,-0.024481355490585745
2025,max_net_debt_to_ebitda,14,14,11,0.7857142857142857,0.13164371354928886
2025,max_pe_percentile_in_sic,16,16,9,0.5625,0.017208481579368166
2025,min_net_margin,6,6,4,0.6666666666666666,0.1990057235142478
2025,min_revenue_yoy,6,6,4,0.6666666666666666,0.21207559540114615
2025,min_ocf_to_net_income,7,7,3,0.42857142857142855,0.015451669938876431
2025,min_fcf_yield,6,6,3,0.5,0.0625099016507851
2025,min_ai_link_score,5,5,3,0.6,0.13143081146656582
2025,max_60d_volatility,4,4,3,0.75,0.18067423948685513
2025,min_free_cash_flow,4,4,2,0.5,0.07491384025941278
2025,positive_free_cash_flow,4,4,2,0.5,0.07491384025941278
2025,min_ebit,3,3,2,0.6666666666666666,0.19618340381534974
2025,positive_ebit,3,3,2,0.6666666666666666,0.19618340381534974
2025,max_receivables_growth_gap,2,2,2,1.0,0.1809608293492504
2025,min_net_income,1,1,1,1.0,0.48133897922591373
2025,min_operating_cash_flow,1,1,1,1.0,0.48133897922591373
2025,positive_net_income,1,1,1,1.0,0.48133897922591373
2025,positive_operating_cash_flow,1,1,1,1.0,0.48133897922591373
2025,max_accrual_ratio,1,1,0,0.0,-0.3046518811689589
ALL,max_ps_hist_percentile,314,314,177,0.5636942675159236,0.11645495047954482
ALL,max_pe_hist_percentile,226,226,144,0.6371681415929203,0.164783021674678
ALL,min_value_discount_any,143,143,77,0.5384615384615384,0.0855267039393819
ALL,max_20d_return,106,106,76,0.7169811320754716,0.2265190397988302
ALL,min_avg_dollar_volume_20d,92,92,51,0.5543478260869565,0.06743525626886936
ALL,max_ev_to_ebit,88,88,49,0.5568181818181818,0.0642751055406272
ALL,min_net_income_yoy,57,57,35,0.6140350877192983,0.04253203094340723
ALL,min_expectation_proxy,47,47,29,0.6170212765957447,0.08862649962344643
ALL,min_interest_coverage,43,43,29,0.6744186046511628,0.19291162328364567
ALL,min_current_ratio,42,42,23,0.5476190476190477,0.00685466974559261
ALL,max_ps_percentile_in_sic,60,60,22,0.36666666666666664,-0.036687505575722174
ALL,max_net_debt_to_ebitda,31,31,20,0.6451612903225806,0.20343743944876755
ALL,max_pe_percentile_in_sic,40,40,14,0.35,-0.04312121135990182
ALL,max_shares_yoy,19,19,14,0.7368421052631579,0.3233562705986434
ALL,min_ocf_to_net_income,21,21,9,0.42857142857142855,-0.029620219914388488
ALL,min_net_margin,10,10,8,0.8,0.1596653651083827
ALL,min_fcf_yield,8,8,5,0.625,0.07349419797572873
ALL,min_revenue_yoy,7,7,5,0.7142857142857143,0.20580548027856738
ALL,min_ebit,6,6,3,0.5,0.04148316887528914
ALL,positive_ebit,6,6,3,0.5,0.04148316887528914
ALL,min_ai_link_score,5,5,3,0.6,0.13143081146656582
ALL,max_60d_volatility,4,4,3,0.75,0.18067423948685513
ALL,min_free_cash_flow,4,4,2,0.5,0.07491384025941278
ALL,positive_free_cash_flow,4,4,2,0.5,0.07491384025941278
ALL,max_receivables_growth_gap,2,2,2,1.0,0.1809608293492504
ALL,max_accrual_ratio,2,2,1,0.5,-0.14226865679655107
ALL,min_net_income,1,1,1,1.0,0.48133897922591373
ALL,min_operating_cash_flow,1,1,1,1.0,0.48133897922591373
ALL,positive_net_income,1,1,1,1.0,0.48133897922591373
ALL,positive_operating_cash_flow,1,1,1,1.0,0.48133897922591373
